Mode of Travel,Intersection Type,Zone ID,Zone Name,Zone Is Pass-Through,Zone Direction (degrees),Zone is Bi-Direction,Day Type,Day Part,Average Daily Zone Traffic (StL Volume),Avg Travel Time (sec),Avg All Travel Time (sec),Avg Trip Length (mi),Avg All Trip Length (mi)
All Vehicles - StL All Vehicles Volume,Trip Pass-Through,,Bottom of Mountain,yes,73,no,0: All Days (M-Su),00: All Day (12am-12am),3887,2499,2560,13.8,13.9
All Vehicles - StL All Vehicles Volume,Trip Pass-Through,,Bottom of Mountain,yes,73,no,0: All Days (M-Su),03: 2am (2am-3am),1,1554,1554,6.4,6.4
All Vehicles - StL All Vehicles Volume,Trip Pass-Through,,Bottom of Mountain,yes,73,no,0: All Days (M-Su),04: 3am (3am-4am),91,1894,1910,10.6,10.8
All Vehicles - StL All Vehicles Volume,Trip Pass-Through,,Bottom of Mountain,yes,73,no,0: All Days (M-Su),05: 4am (4am-5am),164,2235,2254,14.6,14.8
All Vehicles - StL All Vehicles Volume,Trip Pass-Through,,Bottom of Mountain,yes,73,no,0: All Days (M-Su),06: 5am (5am-6am),110,2254,2291,14.4,14.7
All Vehicles - StL All Vehicles Volume,Trip Pass-Through,,Bottom of Mountain,yes,73,no,0: All Days (M-Su),07: 6am (6am-7am),91,2463,2515,14.5,14.7
All Vehicles - StL All Vehicles Volume,Trip Pass-Through,,Bottom of Mountain,yes,73,no,0: All Days (M-Su),08: 7am (7am-8am),128,2637,2666,16.6,16.5
All Vehicles - StL All Vehicles Volume,Trip Pass-Through,,Bottom of Mountain,yes,73,no,0: All Days (M-Su),09: 8am (8am-9am),220,2791,2823,17.2,17.0
All Vehicles - StL All Vehicles Volume,Trip Pass-Through,,Bottom of Mountain,yes,73,no,0: All Days (M-Su),10: 9am (9am-10am),344,2691,2716,14.8,14.9
All Vehicles - StL All Vehicles Volume,Trip Pass-Through,,Bottom of Mountain,yes,73,no,0: All Days (M-Su),11: 10am (10am-11am),337,2665,2724,14.9,14.9
All Vehicles - StL All Vehicles Volume,Trip Pass-Through,,Bottom of Mountain,yes,73,no,0: All Days (M-Su),12: 11am (11am-12noon),338,2777,2801,16.0,15.6
All Vehicles - StL All Vehicles Volume,Trip Pass-Through,,Bottom of Mountain,yes,73,no,0: All Days (M-Su),13: 12pm (12noon-1pm),330,2892,2897,18.2,17.6
All Vehicles - StL All Vehicles Volume,Trip Pass-Through,,Bottom of Mountain,yes,73,no,0: All Days (M-Su),14: 1pm (1pm-2pm),373,2348,2411,11.5,11.7
All Vehicles - StL All Vehicles Volume,Trip Pass-Through,,Bottom of Mountain,yes,73,no,0: All Days (M-Su),15: 2pm (2pm-3pm),315,2418,2535,11.9,12.4
All Vehicles - StL All Vehicles Volume,Trip Pass-Through,,Bottom of Mountain,yes,73,no,0: All Days (M-Su),16: 3pm (3pm-4pm),273,2367,2454,11.8,12.0
All Vehicles - StL All Vehicles Volume,Trip Pass-Through,,Bottom of Mountain,yes,73,no,0: All Days (M-Su),17: 4pm (4pm-5pm),233,2228,2343,10.1,11.0
All Vehicles - StL All Vehicles Volume,Trip Pass-Through,,Bottom of Mountain,yes,73,no,0: All Days (M-Su),18: 5pm (5pm-6pm),214,2480,2594,13.9,14.2
All Vehicles - StL All Vehicles Volume,Trip Pass-Through,,Bottom of Mountain,yes,73,no,0: All Days (M-Su),19: 6pm (6pm-7pm),180,2220,2350,10.6,11.3
All Vehicles - StL All Vehicles Volume,Trip Pass-Through,,Bottom of Mountain,yes,73,no,0: All Days (M-Su),20: 7pm (7pm-8pm),110,2214,2287,10.2,10.6
All Vehicles - StL All Vehicles Volume,Trip Pass-Through,,Bottom of Mountain,yes,73,no,0: All Days (M-Su),21: 8pm (8pm-9pm),13,2107,2218,12.7,13.1
All Vehicles - StL All Vehicles Volume,Trip Pass-Through,,Bottom of Mountain,yes,73,no,0: All Days (M-Su),22: 9pm (9pm-10pm),19,1928,2067,11.5,12.0
All Vehicles - StL All Vehicles Volume,Trip Pass-Through,,Bottom of Mountain,yes,73,no,0: All Days (M-Su),23: 10pm (10pm-11pm),3,1868,2279,10.7,12.2
All Vehicles - StL All Vehicles Volume,Trip Pass-Through,,Bottom of Mountain,yes,73,no,0: All Days (M-Su),24: 11pm (11pm-12am),1,1848,3419,6.5,21.7
All Vehicles - StL All Vehicles Volume,Trip Pass-Through,,Bottom of Mountain,yes,73,no,1: Monday (M-M),00: All Day (12am-12am),3887,2547,2585,14.2,14.4
All Vehicles - StL All Vehicles Volume,Trip Pass-Through,,Bottom of Mountain,yes,73,no,1: Monday (M-M),04: 3am (3am-4am),130,2026,2026,12.1,12.1
All Vehicles - StL All Vehicles Volume,Trip Pass-Through,,Bottom of Mountain,yes,73,no,1: Monday (M-M),05: 4am (4am-5am),176,2226,2282,12.4,12.8
All Vehicles - StL All Vehicles Volume,Trip Pass-Through,,Bottom of Mountain,yes,73,no,1: Monday (M-M),06: 5am (5am-6am),90,2903,2861,21.5,21.1
All Vehicles - StL All Vehicles Volume,Trip Pass-Through,,Bottom of Mountain,yes,73,no,1: Monday (M-M),07: 6am (6am-7am),85,2685,2696,14.6,14.7
All Vehicles - StL All Vehicles Volume,Trip Pass-Through,,Bottom of Mountain,yes,73,no,1: Monday (M-M),08: 7am (7am-8am),129,3147,3153,24.7,24.5
All Vehicles - StL All Vehicles Volume,Trip Pass-Through,,Bottom of Mountain,yes,73,no,1: Monday (M-M),09: 8am (8am-9am),220,2974,3007,21.1,21.0
All Vehicles - StL All Vehicles Volume,Trip Pass-Through,,Bottom of Mountain,yes,73,no,1: Monday (M-M),10: 9am (9am-10am),365,2607,2617,13.7,13.8
All Vehicles - StL All Vehicles Volume,Trip Pass-Through,,Bottom of Mountain,yes,73,no,1: Monday (M-M),11: 10am (10am-11am),309,2813,2875,16.1,16.4
All Vehicles - StL All Vehicles Volume,Trip Pass-Through,,Bottom of Mountain,yes,73,no,1: Monday (M-M),12: 11am (11am-12noon),362,2809,2746,15.7,15.0
All Vehicles - StL All Vehicles Volume,Trip Pass-Through,,Bottom of Mountain,yes,73,no,1: Monday (M-M),13: 12pm (12noon-1pm),325,2657,2674,14.5,14.5
All Vehicles - StL All Vehicles Volume,Trip Pass-Through,,Bottom of Mountain,yes,73,no,1: Monday (M-M),14: 1pm (1pm-2pm),386,2497,2520,14.9,14.9
All Vehicles - StL All Vehicles Volume,Trip Pass-Through,,Bottom of Mountain,yes,73,no,1: Monday (M-M),15: 2pm (2pm-3pm),322,2356,2398,10.8,11.0
All Vehicles - StL All Vehicles Volume,Trip Pass-Through,,Bottom of Mountain,yes,73,no,1: Monday (M-M),16: 3pm (3pm-4pm),230,2641,2612,14.1,13.9
All Vehicles - StL All Vehicles Volume,Trip Pass-Through,,Bottom of Mountain,yes,73,no,1: Monday (M-M),17: 4pm (4pm-5pm),206,2333,2489,11.5,13.0
All Vehicles - StL All Vehicles Volume,Trip Pass-Through,,Bottom of Mountain,yes,73,no,1: Monday (M-M),18: 5pm (5pm-6pm),225,2187,2446,9.0,10.9
All Vehicles - StL All Vehicles Volume,Trip Pass-Through,,Bottom of Mountain,yes,73,no,1: Monday (M-M),19: 6pm (6pm-7pm),214,2056,2143,9.5,10.0
All Vehicles - StL All Vehicles Volume,Trip Pass-Through,,Bottom of Mountain,yes,73,no,1: Monday (M-M),20: 7pm (7pm-8pm),91,2182,2298,9.7,10.3
All Vehicles - StL All Vehicles Volume,Trip Pass-Through,,Bottom of Mountain,yes,73,no,1: Monday (M-M),21: 8pm (8pm-9pm),9,1554,1554,6.9,6.9
All Vehicles - StL All Vehicles Volume,Trip Pass-Through,,Bottom of Mountain,yes,73,no,1: Monday (M-M),22: 9pm (9pm-10pm),7,4620,4056,18.7,17.1
All Vehicles - StL All Vehicles Volume,Trip Pass-Through,,Bottom of Mountain,yes,73,no,1: Monday (M-M),23: 10pm (10pm-11pm),2,0,3499,0,19.3
All Vehicles - StL All Vehicles Volume,Trip Pass-Through,,Bottom of Mountain,yes,73,no,1: Monday (M-M),24: 11pm (11pm-12am),2,0,4990,0,36.8
All Vehicles - StL All Vehicles Volume,Trip Pass-Through,,Bottom of Mountain,yes,73,no,2: Tuesday (Tu-Tu),00: All Day (12am-12am),4061,2499,2585,13.9,14.2
All Vehicles - StL All Vehicles Volume,Trip Pass-Through,,Bottom of Mountain,yes,73,no,2: Tuesday (Tu-Tu),04: 3am (3am-4am),98,1951,1951,9.5,9.5
All Vehicles - StL All Vehicles Volume,Trip Pass-Through,,Bottom of Mountain,yes,73,no,2: Tuesday (Tu-Tu),05: 4am (4am-5am),188,2329,2329,15.2,15.2
All Vehicles - StL All Vehicles Volume,Trip Pass-Through,,Bottom of Mountain,yes,73,no,2: Tuesday (Tu-Tu),06: 5am (5am-6am),127,2120,2188,13.0,13.1
All Vehicles - StL All Vehicles Volume,Trip Pass-Through,,Bottom of Mountain,yes,73,no,2: Tuesday (Tu-Tu),07: 6am (6am-7am),90,2253,2575,13.2,14.1
All Vehicles - StL All Vehicles Volume,Trip Pass-Through,,Bottom of Mountain,yes,73,no,2: Tuesday (Tu-Tu),08: 7am (7am-8am),145,2638,2708,15.3,15.1
All Vehicles - StL All Vehicles Volume,Trip Pass-Through,,Bottom of Mountain,yes,73,no,2: Tuesday (Tu-Tu),09: 8am (8am-9am),239,2758,2779,16.8,16.7
All Vehicles - StL All Vehicles Volume,Trip Pass-Through,,Bottom of Mountain,yes,73,no,2: Tuesday (Tu-Tu),10: 9am (9am-10am),349,2912,2942,18.6,18.4
All Vehicles - StL All Vehicles Volume,Trip Pass-Through,,Bottom of Mountain,yes,73,no,2: Tuesday (Tu-Tu),11: 10am (10am-11am),383,2614,2723,13.4,13.7
All Vehicles - StL All Vehicles Volume,Trip Pass-Through,,Bottom of Mountain,yes,73,no,2: Tuesday (Tu-Tu),12: 11am (11am-12noon),344,2841,2880,16.0,15.9
All Vehicles - StL All Vehicles Volume,Trip Pass-Through,,Bottom of Mountain,yes,73,no,2: Tuesday (Tu-Tu),13: 12pm (12noon-1pm),364,3016,2951,21.3,20.1
All Vehicles - StL All Vehicles Volume,Trip Pass-Through,,Bottom of Mountain,yes,73,no,2: Tuesday (Tu-Tu),14: 1pm (1pm-2pm),351,2169,2268,9.4,10.2
All Vehicles - StL All Vehicles Volume,Trip Pass-Through,,Bottom of Mountain,yes,73,no,2: Tuesday (Tu-Tu),15: 2pm (2pm-3pm),323,2393,2489,12.3,12.8
All Vehicles - StL All Vehicles Volume,Trip Pass-Through,,Bottom of Mountain,yes,73,no,2: Tuesday (Tu-Tu),16: 3pm (3pm-4pm),289,2365,2581,12.0,12.6
All Vehicles - StL All Vehicles Volume,Trip Pass-Through,,Bottom of Mountain,yes,73,no,2: Tuesday (Tu-Tu),17: 4pm (4pm-5pm),248,2207,2354,9.3,10.5
All Vehicles - StL All Vehicles Volume,Trip Pass-Through,,Bottom of Mountain,yes,73,no,2: Tuesday (Tu-Tu),18: 5pm (5pm-6pm),209,2213,2370,12.2,13.1
All Vehicles - StL All Vehicles Volume,Trip Pass-Through,,Bottom of Mountain,yes,73,no,2: Tuesday (Tu-Tu),19: 6pm (6pm-7pm),189,2339,2601,10.8,12.4
All Vehicles - StL All Vehicles Volume,Trip Pass-Through,,Bottom of Mountain,yes,73,no,2: Tuesday (Tu-Tu),20: 7pm (7pm-8pm),99,2089,2203,9.1,9.7
All Vehicles - StL All Vehicles Volume,Trip Pass-Through,,Bottom of Mountain,yes,73,no,2: Tuesday (Tu-Tu),21: 8pm (8pm-9pm),10,1732,2122,8.7,11.9
All Vehicles - StL All Vehicles Volume,Trip Pass-Through,,Bottom of Mountain,yes,73,no,2: Tuesday (Tu-Tu),22: 9pm (9pm-10pm),16,1471,1471,9.4,9.4
All Vehicles - StL All Vehicles Volume,Trip Pass-Through,,Bottom of Mountain,yes,73,no,3: Wednesday (W-W),00: All Day (12am-12am),4280,2409,2464,13.3,13.4
All Vehicles - StL All Vehicles Volume,Trip Pass-Through,,Bottom of Mountain,yes,73,no,3: Wednesday (W-W),04: 3am (3am-4am),91,1885,1885,10.6,10.6
All Vehicles - StL All Vehicles Volume,Trip Pass-Through,,Bottom of Mountain,yes,73,no,3: Wednesday (W-W),05: 4am (4am-5am),202,2023,2023,13.3,13.3
All Vehicles - StL All Vehicles Volume,Trip Pass-Through,,Bottom of Mountain,yes,73,no,3: Wednesday (W-W),06: 5am (5am-6am),114,2305,2255,14.0,13.6
All Vehicles - StL All Vehicles Volume,Trip Pass-Through,,Bottom of Mountain,yes,73,no,3: Wednesday (W-W),07: 6am (6am-7am),114,2236,2230,12.4,12.3
All Vehicles - StL All Vehicles Volume,Trip Pass-Through,,Bottom of Mountain,yes,73,no,3: Wednesday (W-W),08: 7am (7am-8am),174,2465,2465,15.5,15.5
All Vehicles - StL All Vehicles Volume,Trip Pass-Through,,Bottom of Mountain,yes,73,no,3: Wednesday (W-W),09: 8am (8am-9am),265,2839,2859,18.2,18.0
All Vehicles - StL All Vehicles Volume,Trip Pass-Through,,Bottom of Mountain,yes,73,no,3: Wednesday (W-W),10: 9am (9am-10am),380,2395,2469,11.6,12.2
All Vehicles - StL All Vehicles Volume,Trip Pass-Through,,Bottom of Mountain,yes,73,no,3: Wednesday (W-W),11: 10am (10am-11am),382,2672,2667,15.0,14.8
All Vehicles - StL All Vehicles Volume,Trip Pass-Through,,Bottom of Mountain,yes,73,no,3: Wednesday (W-W),12: 11am (11am-12noon),355,2770,2757,17.6,17.1
All Vehicles - StL All Vehicles Volume,Trip Pass-Through,,Bottom of Mountain,yes,73,no,3: Wednesday (W-W),13: 12pm (12noon-1pm),365,2868,2965,17.0,17.0
All Vehicles - StL All Vehicles Volume,Trip Pass-Through,,Bottom of Mountain,yes,73,no,3: Wednesday (W-W),14: 1pm (1pm-2pm),356,2160,2208,9.3,9.7
All Vehicles - StL All Vehicles Volume,Trip Pass-Through,,Bottom of Mountain,yes,73,no,3: Wednesday (W-W),15: 2pm (2pm-3pm),366,2254,2347,10.0,10.7
All Vehicles - StL All Vehicles Volume,Trip Pass-Through,,Bottom of Mountain,yes,73,no,3: Wednesday (W-W),16: 3pm (3pm-4pm),297,2329,2537,12.2,12.7
All Vehicles - StL All Vehicles Volume,Trip Pass-Through,,Bottom of Mountain,yes,73,no,3: Wednesday (W-W),17: 4pm (4pm-5pm),301,2041,2160,8.8,9.7
All Vehicles - StL All Vehicles Volume,Trip Pass-Through,,Bottom of Mountain,yes,73,no,3: Wednesday (W-W),18: 5pm (5pm-6pm),175,2434,2466,16.0,15.3
All Vehicles - StL All Vehicles Volume,Trip Pass-Through,,Bottom of Mountain,yes,73,no,3: Wednesday (W-W),19: 6pm (6pm-7pm),151,2307,2401,13.8,14.4
All Vehicles - StL All Vehicles Volume,Trip Pass-Through,,Bottom of Mountain,yes,73,no,3: Wednesday (W-W),20: 7pm (7pm-8pm),166,2154,2179,9.7,9.7
All Vehicles - StL All Vehicles Volume,Trip Pass-Through,,Bottom of Mountain,yes,73,no,3: Wednesday (W-W),21: 8pm (8pm-9pm),7,1322,1847,8.8,10.6
All Vehicles - StL All Vehicles Volume,Trip Pass-Through,,Bottom of Mountain,yes,73,no,3: Wednesday (W-W),22: 9pm (9pm-10pm),12,2870,2870,14.6,14.6
All Vehicles - StL All Vehicles Volume,Trip Pass-Through,,Bottom of Mountain,yes,73,no,3: Wednesday (W-W),23: 10pm (10pm-11pm),7,1162,1162,6.4,6.4
All Vehicles - StL All Vehicles Volume,Trip Pass-Through,,Bottom of Mountain,yes,73,no,4: Thursday (Th-Th),00: All Day (12am-12am),3683,2457,2526,12.9,13.1
All Vehicles - StL All Vehicles Volume,Trip Pass-Through,,Bottom of Mountain,yes,73,no,4: Thursday (Th-Th),03: 2am (2am-3am),2,1167,1167,2.6,2.6
All Vehicles - StL All Vehicles Volume,Trip Pass-Through,,Bottom of Mountain,yes,73,no,4: Thursday (Th-Th),04: 3am (3am-4am),92,1746,1762,9.1,9.2
All Vehicles - StL All Vehicles Volume,Trip Pass-Through,,Bottom of Mountain,yes,73,no,4: Thursday (Th-Th),05: 4am (4am-5am),133,2213,2213,14.0,14.0
All Vehicles - StL All Vehicles Volume,Trip Pass-Through,,Bottom of Mountain,yes,73,no,4: Thursday (Th-Th),06: 5am (5am-6am),121,1918,1949,10.7,10.9
All Vehicles - StL All Vehicles Volume,Trip Pass-Through,,Bottom of Mountain,yes,73,no,4: Thursday (Th-Th),07: 6am (6am-7am),95,2715,2783,16.0,16.3
All Vehicles - StL All Vehicles Volume,Trip Pass-Through,,Bottom of Mountain,yes,73,no,4: Thursday (Th-Th),08: 7am (7am-8am),122,2332,2466,12.8,13.6
All Vehicles - StL All Vehicles Volume,Trip Pass-Through,,Bottom of Mountain,yes,73,no,4: Thursday (Th-Th),09: 8am (8am-9am),195,2767,2818,15.4,15.1
All Vehicles - StL All Vehicles Volume,Trip Pass-Through,,Bottom of Mountain,yes,73,no,4: Thursday (Th-Th),10: 9am (9am-10am),344,2772,2776,15.1,15.1
All Vehicles - StL All Vehicles Volume,Trip Pass-Through,,Bottom of Mountain,yes,73,no,4: Thursday (Th-Th),11: 10am (10am-11am),250,2845,2826,16.2,15.7
All Vehicles - StL All Vehicles Volume,Trip Pass-Through,,Bottom of Mountain,yes,73,no,4: Thursday (Th-Th),12: 11am (11am-12noon),267,2620,2786,15.1,15.2
All Vehicles - StL All Vehicles Volume,Trip Pass-Through,,Bottom of Mountain,yes,73,no,4: Thursday (Th-Th),13: 12pm (12noon-1pm),325,2564,2566,13.9,13.7
All Vehicles - StL All Vehicles Volume,Trip Pass-Through,,Bottom of Mountain,yes,73,no,4: Thursday (Th-Th),14: 1pm (1pm-2pm),420,2360,2466,11.4,11.8
All Vehicles - StL All Vehicles Volume,Trip Pass-Through,,Bottom of Mountain,yes,73,no,4: Thursday (Th-Th),15: 2pm (2pm-3pm),284,2584,2627,13.6,13.6
All Vehicles - StL All Vehicles Volume,Trip Pass-Through,,Bottom of Mountain,yes,73,no,4: Thursday (Th-Th),16: 3pm (3pm-4pm),251,2176,2197,9.4,9.4
All Vehicles - StL All Vehicles Volume,Trip Pass-Through,,Bottom of Mountain,yes,73,no,4: Thursday (Th-Th),17: 4pm (4pm-5pm),187,2424,2524,10.0,10.9
All Vehicles - StL All Vehicles Volume,Trip Pass-Through,,Bottom of Mountain,yes,73,no,4: Thursday (Th-Th),18: 5pm (5pm-6pm),254,2380,2533,12.3,12.6
All Vehicles - StL All Vehicles Volume,Trip Pass-Through,,Bottom of Mountain,yes,73,no,4: Thursday (Th-Th),19: 6pm (6pm-7pm),188,2198,2330,10.5,11.0
All Vehicles - StL All Vehicles Volume,Trip Pass-Through,,Bottom of Mountain,yes,73,no,4: Thursday (Th-Th),20: 7pm (7pm-8pm),113,2386,2494,11.0,11.4
All Vehicles - StL All Vehicles Volume,Trip Pass-Through,,Bottom of Mountain,yes,73,no,4: Thursday (Th-Th),21: 8pm (8pm-9pm),16,1913,1913,10.6,10.6
All Vehicles - StL All Vehicles Volume,Trip Pass-Through,,Bottom of Mountain,yes,73,no,4: Thursday (Th-Th),22: 9pm (9pm-10pm),23,1513,2110,11.1,13.5
All Vehicles - StL All Vehicles Volume,Trip Pass-Through,,Bottom of Mountain,yes,73,no,4: Thursday (Th-Th),23: 10pm (10pm-11pm),2,0,3178,0,16.0
All Vehicles - StL All Vehicles Volume,Trip Pass-Through,,Bottom of Mountain,yes,73,no,5: Friday (F-F),00: All Day (12am-12am),3799,2546,2600,14.0,14.1
All Vehicles - StL All Vehicles Volume,Trip Pass-Through,,Bottom of Mountain,yes,73,no,5: Friday (F-F),04: 3am (3am-4am),72,2170,2212,14.5,15.2
All Vehicles - StL All Vehicles Volume,Trip Pass-Through,,Bottom of Mountain,yes,73,no,5: Friday (F-F),05: 4am (4am-5am),138,2000,2051,12.2,12.6
All Vehicles - StL All Vehicles Volume,Trip Pass-Through,,Bottom of Mountain,yes,73,no,5: Friday (F-F),06: 5am (5am-6am),101,2424,2424,16.5,16.5
All Vehicles - StL All Vehicles Volume,Trip Pass-Through,,Bottom of Mountain,yes,73,no,5: Friday (F-F),07: 6am (6am-7am),86,2683,2683,19.0,19.0
All Vehicles - StL All Vehicles Volume,Trip Pass-Through,,Bottom of Mountain,yes,73,no,5: Friday (F-F),08: 7am (7am-8am),120,3208,3163,21.2,20.7
All Vehicles - StL All Vehicles Volume,Trip Pass-Through,,Bottom of Mountain,yes,73,no,5: Friday (F-F),09: 8am (8am-9am),243,2729,2797,14.9,15.1
All Vehicles - StL All Vehicles Volume,Trip Pass-Through,,Bottom of Mountain,yes,73,no,5: Friday (F-F),10: 9am (9am-10am),351,2887,2903,16.4,16.4
All Vehicles - StL All Vehicles Volume,Trip Pass-Through,,Bottom of Mountain,yes,73,no,5: Friday (F-F),11: 10am (10am-11am),356,2609,2721,15.2,15.4
All Vehicles - StL All Vehicles Volume,Trip Pass-Through,,Bottom of Mountain,yes,73,no,5: Friday (F-F),12: 11am (11am-12noon),331,2736,2783,15.6,15.2
All Vehicles - StL All Vehicles Volume,Trip Pass-Through,,Bottom of Mountain,yes,73,no,5: Friday (F-F),13: 12pm (12noon-1pm),281,3013,3076,19.7,19.2
All Vehicles - StL All Vehicles Volume,Trip Pass-Through,,Bottom of Mountain,yes,73,no,5: Friday (F-F),14: 1pm (1pm-2pm),364,2366,2419,11.7,11.6
All Vehicles - StL All Vehicles Volume,Trip Pass-Through,,Bottom of Mountain,yes,73,no,5: Friday (F-F),15: 2pm (2pm-3pm),317,2305,2399,11.0,11.3
All Vehicles - StL All Vehicles Volume,Trip Pass-Through,,Bottom of Mountain,yes,73,no,5: Friday (F-F),16: 3pm (3pm-4pm),236,2208,2233,9.5,9.7
All Vehicles - StL All Vehicles Volume,Trip Pass-Through,,Bottom of Mountain,yes,73,no,5: Friday (F-F),17: 4pm (4pm-5pm),212,2135,2307,8.9,10.0
All Vehicles - StL All Vehicles Volume,Trip Pass-Through,,Bottom of Mountain,yes,73,no,5: Friday (F-F),18: 5pm (5pm-6pm),240,3060,3046,17.7,17.2
All Vehicles - StL All Vehicles Volume,Trip Pass-Through,,Bottom of Mountain,yes,73,no,5: Friday (F-F),19: 6pm (6pm-7pm),195,1992,2104,7.2,8.2
All Vehicles - StL All Vehicles Volume,Trip Pass-Through,,Bottom of Mountain,yes,73,no,5: Friday (F-F),20: 7pm (7pm-8pm),106,2345,2382,10.8,11.0
All Vehicles - StL All Vehicles Volume,Trip Pass-Through,,Bottom of Mountain,yes,73,no,5: Friday (F-F),21: 8pm (8pm-9pm),16,1916,1916,10.6,10.6
All Vehicles - StL All Vehicles Volume,Trip Pass-Through,,Bottom of Mountain,yes,73,no,5: Friday (F-F),22: 9pm (9pm-10pm),25,1883,1883,11.5,11.5
All Vehicles - StL All Vehicles Volume,Trip Pass-Through,,Bottom of Mountain,yes,73,no,5: Friday (F-F),23: 10pm (10pm-11pm),6,3435,3446,20.4,16.7
All Vehicles - StL All Vehicles Volume,Trip Pass-Through,,Bottom of Mountain,yes,73,no,5: Friday (F-F),24: 11pm (11pm-12am),2,1848,1848,6.5,6.5
All Vehicles - StL All Vehicles Volume,Trip Pass-Through,,Bottom of Mountain,yes,73,no,6: Saturday (Sa-Sa),00: All Day (12am-12am),3819,2580,2635,14.7,14.6
All Vehicles - StL All Vehicles Volume,Trip Pass-Through,,Bottom of Mountain,yes,73,no,6: Saturday (Sa-Sa),04: 3am (3am-4am),61,1627,1627,8.6,8.6
All Vehicles - StL All Vehicles Volume,Trip Pass-Through,,Bottom of Mountain,yes,73,no,6: Saturday (Sa-Sa),05: 4am (4am-5am),146,2468,2468,16.7,16.7
All Vehicles - StL All Vehicles Volume,Trip Pass-Through,,Bottom of Mountain,yes,73,no,6: Saturday (Sa-Sa),06: 5am (5am-6am),139,2063,2088,12.7,12.7
All Vehicles - StL All Vehicles Volume,Trip Pass-Through,,Bottom of Mountain,yes,73,no,6: Saturday (Sa-Sa),07: 6am (6am-7am),78,2433,2433,14.0,14.0
All Vehicles - StL All Vehicles Volume,Trip Pass-Through,,Bottom of Mountain,yes,73,no,6: Saturday (Sa-Sa),08: 7am (7am-8am),112,2281,2309,13.3,13.4
All Vehicles - StL All Vehicles Volume,Trip Pass-Through,,Bottom of Mountain,yes,73,no,6: Saturday (Sa-Sa),09: 8am (8am-9am),183,2512,2487,14.7,14.6
All Vehicles - StL All Vehicles Volume,Trip Pass-Through,,Bottom of Mountain,yes,73,no,6: Saturday (Sa-Sa),10: 9am (9am-10am),282,2777,2802,15.2,15.3
All Vehicles - StL All Vehicles Volume,Trip Pass-Through,,Bottom of Mountain,yes,73,no,6: Saturday (Sa-Sa),11: 10am (10am-11am),323,2822,2849,16.1,16.0
All Vehicles - StL All Vehicles Volume,Trip Pass-Through,,Bottom of Mountain,yes,73,no,6: Saturday (Sa-Sa),12: 11am (11am-12noon),385,2675,2776,14.2,14.3
All Vehicles - StL All Vehicles Volume,Trip Pass-Through,,Bottom of Mountain,yes,73,no,6: Saturday (Sa-Sa),13: 12pm (12noon-1pm),390,3244,3177,22.2,20.8
All Vehicles - StL All Vehicles Volume,Trip Pass-Through,,Bottom of Mountain,yes,73,no,6: Saturday (Sa-Sa),14: 1pm (1pm-2pm),348,2697,2728,13.7,13.6
All Vehicles - StL All Vehicles Volume,Trip Pass-Through,,Bottom of Mountain,yes,73,no,6: Saturday (Sa-Sa),15: 2pm (2pm-3pm),334,2529,2807,12.3,13.3
All Vehicles - StL All Vehicles Volume,Trip Pass-Through,,Bottom of Mountain,yes,73,no,6: Saturday (Sa-Sa),16: 3pm (3pm-4pm),288,2502,2461,13.7,13.1
All Vehicles - StL All Vehicles Volume,Trip Pass-Through,,Bottom of Mountain,yes,73,no,6: Saturday (Sa-Sa),17: 4pm (4pm-5pm),213,2180,2183,9.6,9.8
All Vehicles - StL All Vehicles Volume,Trip Pass-Through,,Bottom of Mountain,yes,73,no,6: Saturday (Sa-Sa),18: 5pm (5pm-6pm),212,2777,2887,20.7,19.4
All Vehicles - StL All Vehicles Volume,Trip Pass-Through,,Bottom of Mountain,yes,73,no,6: Saturday (Sa-Sa),19: 6pm (6pm-7pm),168,2245,2337,10.7,11.1
All Vehicles - StL All Vehicles Volume,Trip Pass-Through,,Bottom of Mountain,yes,73,no,6: Saturday (Sa-Sa),20: 7pm (7pm-8pm),97,2019,2129,9.2,10.2
All Vehicles - StL All Vehicles Volume,Trip Pass-Through,,Bottom of Mountain,yes,73,no,6: Saturday (Sa-Sa),21: 8pm (8pm-9pm),24,2462,2656,19.6,19.3
All Vehicles - StL All Vehicles Volume,Trip Pass-Through,,Bottom of Mountain,yes,73,no,6: Saturday (Sa-Sa),22: 9pm (9pm-10pm),33,1900,2100,11.9,12.3
All Vehicles - StL All Vehicles Volume,Trip Pass-Through,,Bottom of Mountain,yes,73,no,6: Saturday (Sa-Sa),23: 10pm (10pm-11pm),2,2306,2306,13.7,13.7
All Vehicles - StL All Vehicles Volume,Trip Pass-Through,,Bottom of Mountain,yes,73,no,7: Sunday (Su-Su),00: All Day (12am-12am),3662,2474,2537,13.8,13.8
All Vehicles - StL All Vehicles Volume,Trip Pass-Through,,Bottom of Mountain,yes,73,no,7: Sunday (Su-Su),03: 2am (2am-3am),2,1941,1941,10.1,10.1
All Vehicles - StL All Vehicles Volume,Trip Pass-Through,,Bottom of Mountain,yes,73,no,7: Sunday (Su-Su),04: 3am (3am-4am),91,1731,1802,9.3,10.1
All Vehicles - StL All Vehicles Volume,Trip Pass-Through,,Bottom of Mountain,yes,73,no,7: Sunday (Su-Su),05: 4am (4am-5am),161,2419,2447,18.9,19.4
All Vehicles - StL All Vehicles Volume,Trip Pass-Through,,Bottom of Mountain,yes,73,no,7: Sunday (Su-Su),06: 5am (5am-6am),80,2154,2466,13.9,17.1
All Vehicles - StL All Vehicles Volume,Trip Pass-Through,,Bottom of Mountain,yes,73,no,7: Sunday (Su-Su),07: 6am (6am-7am),84,2237,2221,13.0,12.8
All Vehicles - StL All Vehicles Volume,Trip Pass-Through,,Bottom of Mountain,yes,73,no,7: Sunday (Su-Su),08: 7am (7am-8am),93,2396,2396,12.2,12.2
All Vehicles - StL All Vehicles Volume,Trip Pass-Through,,Bottom of Mountain,yes,73,no,7: Sunday (Su-Su),09: 8am (8am-9am),194,2968,3013,19.4,19.0
All Vehicles - StL All Vehicles Volume,Trip Pass-Through,,Bottom of Mountain,yes,73,no,7: Sunday (Su-Su),10: 9am (9am-10am),337,2536,2537,13.3,13.4
All Vehicles - StL All Vehicles Volume,Trip Pass-Through,,Bottom of Mountain,yes,73,no,7: Sunday (Su-Su),11: 10am (10am-11am),358,2338,2460,12.8,12.7
All Vehicles - StL All Vehicles Volume,Trip Pass-Through,,Bottom of Mountain,yes,73,no,7: Sunday (Su-Su),12: 11am (11am-12noon),327,2951,2878,17.5,16.7
All Vehicles - StL All Vehicles Volume,Trip Pass-Through,,Bottom of Mountain,yes,73,no,7: Sunday (Su-Su),13: 12pm (12noon-1pm),258,2833,2827,17.9,16.8
All Vehicles - StL All Vehicles Volume,Trip Pass-Through,,Bottom of Mountain,yes,73,no,7: Sunday (Su-Su),14: 1pm (1pm-2pm),383,2217,2287,10.0,10.3
All Vehicles - StL All Vehicles Volume,Trip Pass-Through,,Bottom of Mountain,yes,73,no,7: Sunday (Su-Su),15: 2pm (2pm-3pm),256,2565,2770,14.1,15.0
All Vehicles - StL All Vehicles Volume,Trip Pass-Through,,Bottom of Mountain,yes,73,no,7: Sunday (Su-Su),16: 3pm (3pm-4pm),318,2361,2514,11.6,11.9
All Vehicles - StL All Vehicles Volume,Trip Pass-Through,,Bottom of Mountain,yes,73,no,7: Sunday (Su-Su),17: 4pm (4pm-5pm),262,2384,2456,13.5,13.3
All Vehicles - StL All Vehicles Volume,Trip Pass-Through,,Bottom of Mountain,yes,73,no,7: Sunday (Su-Su),18: 5pm (5pm-6pm),184,2304,2336,10.6,10.7
All Vehicles - StL All Vehicles Volume,Trip Pass-Through,,Bottom of Mountain,yes,73,no,7: Sunday (Su-Su),19: 6pm (6pm-7pm),153,2525,2616,12.9,12.7
All Vehicles - StL All Vehicles Volume,Trip Pass-Through,,Bottom of Mountain,yes,73,no,7: Sunday (Su-Su),20: 7pm (7pm-8pm),92,2386,2372,12.8,12.5
All Vehicles - StL All Vehicles Volume,Trip Pass-Through,,Bottom of Mountain,yes,73,no,7: Sunday (Su-Su),21: 8pm (8pm-9pm),10,3164,3164,15.6,15.6
All Vehicles - StL All Vehicles Volume,Trip Pass-Through,,Bottom of Mountain,yes,73,no,7: Sunday (Su-Su),22: 9pm (9pm-10pm),15,1387,1387,9.1,9.1
All Vehicles - StL All Vehicles Volume,Trip Pass-Through,,Bottom of Mountain,yes,73,no,7: Sunday (Su-Su),23: 10pm (10pm-11pm),5,2276,2276,13.1,13.1
All Vehicles - StL All Vehicles Volume,Trip Pass-Through,,Top of the Mountain,yes,30,no,0: All Days (M-Su),00: All Day (12am-12am),3088,2380,2413,12.6,12.7
All Vehicles - StL All Vehicles Volume,Trip Pass-Through,,Top of the Mountain,yes,30,no,0: All Days (M-Su),01: 12am (12am-1am),0,2509,2509,15.4,15.4
All Vehicles - StL All Vehicles Volume,Trip Pass-Through,,Top of the Mountain,yes,30,no,0: All Days (M-Su),04: 3am (3am-4am),0,953,953,4.4,4.4
All Vehicles - StL All Vehicles Volume,Trip Pass-Through,,Top of the Mountain,yes,30,no,0: All Days (M-Su),05: 4am (4am-5am),16,1798,1935,8.4,9.3
All Vehicles - StL All Vehicles Volume,Trip Pass-Through,,Top of the Mountain,yes,30,no,0: All Days (M-Su),06: 5am (5am-6am),169,2064,2122,11.1,11.5
All Vehicles - StL All Vehicles Volume,Trip Pass-Through,,Top of the Mountain,yes,30,no,0: All Days (M-Su),07: 6am (6am-7am),127,2082,2156,10.7,11.1
All Vehicles - StL All Vehicles Volume,Trip Pass-Through,,Top of the Mountain,yes,30,no,0: All Days (M-Su),08: 7am (7am-8am),84,2043,2093,9.0,9.1
All Vehicles - StL All Vehicles Volume,Trip Pass-Through,,Top of the Mountain,yes,30,no,0: All Days (M-Su),09: 8am (8am-9am),80,2122,2125,10.5,10.4
All Vehicles - StL All Vehicles Volume,Trip Pass-Through,,Top of the Mountain,yes,30,no,0: All Days (M-Su),10: 9am (9am-10am),153,2616,2693,15.7,15.5
All Vehicles - StL All Vehicles Volume,Trip Pass-Through,,Top of the Mountain,yes,30,no,0: All Days (M-Su),11: 10am (10am-11am),239,2292,2311,12.8,12.1
All Vehicles - StL All Vehicles Volume,Trip Pass-Through,,Top of the Mountain,yes,30,no,0: All Days (M-Su),12: 11am (11am-12noon),244,2290,2314,10.3,10.3
All Vehicles - StL All Vehicles Volume,Trip Pass-Through,,Top of the Mountain,yes,30,no,0: All Days (M-Su),13: 12pm (12noon-1pm),265,2285,2282,9.8,9.7
All Vehicles - StL All Vehicles Volume,Trip Pass-Through,,Top of the Mountain,yes,30,no,0: All Days (M-Su),14: 1pm (1pm-2pm),269,2488,2495,13.3,13.1
All Vehicles - StL All Vehicles Volume,Trip Pass-Through,,Top of the Mountain,yes,30,no,0: All Days (M-Su),15: 2pm (2pm-3pm),280,2550,2593,13.9,14.2
All Vehicles - StL All Vehicles Volume,Trip Pass-Through,,Top of the Mountain,yes,30,no,0: All Days (M-Su),16: 3pm (3pm-4pm),276,2542,2604,14.5,14.7
All Vehicles - StL All Vehicles Volume,Trip Pass-Through,,Top of the Mountain,yes,30,no,0: All Days (M-Su),17: 4pm (4pm-5pm),226,2452,2493,13.2,13.5
All Vehicles - StL All Vehicles Volume,Trip Pass-Through,,Top of the Mountain,yes,30,no,0: All Days (M-Su),18: 5pm (5pm-6pm),178,2384,2397,12.2,12.3
All Vehicles - StL All Vehicles Volume,Trip Pass-Through,,Top of the Mountain,yes,30,no,0: All Days (M-Su),19: 6pm (6pm-7pm),173,2455,2501,13.6,13.8
All Vehicles - StL All Vehicles Volume,Trip Pass-Through,,Top of the Mountain,yes,30,no,0: All Days (M-Su),20: 7pm (7pm-8pm),137,2511,2528,14.0,14.2
All Vehicles - StL All Vehicles Volume,Trip Pass-Through,,Top of the Mountain,yes,30,no,0: All Days (M-Su),21: 8pm (8pm-9pm),136,2492,2515,13.8,14.1
All Vehicles - StL All Vehicles Volume,Trip Pass-Through,,Top of the Mountain,yes,30,no,0: All Days (M-Su),22: 9pm (9pm-10pm),18,2201,2320,13.1,13.9
All Vehicles - StL All Vehicles Volume,Trip Pass-Through,,Top of the Mountain,yes,30,no,0: All Days (M-Su),23: 10pm (10pm-11pm),14,2504,2614,19.5,19.9
All Vehicles - StL All Vehicles Volume,Trip Pass-Through,,Top of the Mountain,yes,30,no,0: All Days (M-Su),24: 11pm (11pm-12am),2,1715,1715,10.1,10.1
All Vehicles - StL All Vehicles Volume,Trip Pass-Through,,Top of the Mountain,yes,30,no,1: Monday (M-M),00: All Day (12am-12am),3145,2454,2443,13.0,12.8
All Vehicles - StL All Vehicles Volume,Trip Pass-Through,,Top of the Mountain,yes,30,no,1: Monday (M-M),04: 3am (3am-4am),2,953,953,4.4,4.4
All Vehicles - StL All Vehicles Volume,Trip Pass-Through,,Top of the Mountain,yes,30,no,1: Monday (M-M),05: 4am (4am-5am),19,2511,3048,14.1,17.9
All Vehicles - StL All Vehicles Volume,Trip Pass-Through,,Top of the Mountain,yes,30,no,1: Monday (M-M),06: 5am (5am-6am),192,2133,2136,10.2,10.2
All Vehicles - StL All Vehicles Volume,Trip Pass-Through,,Top of the Mountain,yes,30,no,1: Monday (M-M),07: 6am (6am-7am),153,2397,2362,11.7,11.6
All Vehicles - StL All Vehicles Volume,Trip Pass-Through,,Top of the Mountain,yes,30,no,1: Monday (M-M),08: 7am (7am-8am),129,2089,2123,8.2,8.1
All Vehicles - StL All Vehicles Volume,Trip Pass-Through,,Top of the Mountain,yes,30,no,1: Monday (M-M),09: 8am (8am-9am),95,1748,1801,7.5,7.7
All Vehicles - StL All Vehicles Volume,Trip Pass-Through,,Top of the Mountain,yes,30,no,1: Monday (M-M),10: 9am (9am-10am),156,2997,2961,22.0,20.6
All Vehicles - StL All Vehicles Volume,Trip Pass-Through,,Top of the Mountain,yes,30,no,1: Monday (M-M),11: 10am (10am-11am),247,2990,2738,22.2,18.8
All Vehicles - StL All Vehicles Volume,Trip Pass-Through,,Top of the Mountain,yes,30,no,1: Monday (M-M),12: 11am (11am-12noon),227,2060,2113,6.9,7.4
All Vehicles - StL All Vehicles Volume,Trip Pass-Through,,Top of the Mountain,yes,30,no,1: Monday (M-M),13: 12pm (12noon-1pm),234,2519,2475,11.9,11.7
All Vehicles - StL All Vehicles Volume,Trip Pass-Through,,Top of the Mountain,yes,30,no,1: Monday (M-M),14: 1pm (1pm-2pm),250,2507,2474,10.8,10.6
All Vehicles - StL All Vehicles Volume,Trip Pass-Through,,Top of the Mountain,yes,30,no,1: Monday (M-M),15: 2pm (2pm-3pm),232,2334,2277,9.7,9.4
All Vehicles - StL All Vehicles Volume,Trip Pass-Through,,Top of the Mountain,yes,30,no,1: Monday (M-M),16: 3pm (3pm-4pm),294,2673,2666,15.0,15.2
All Vehicles - StL All Vehicles Volume,Trip Pass-Through,,Top of the Mountain,yes,30,no,1: Monday (M-M),17: 4pm (4pm-5pm),230,2655,2670,16.4,16.3
All Vehicles - StL All Vehicles Volume,Trip Pass-Through,,Top of the Mountain,yes,30,no,1: Monday (M-M),18: 5pm (5pm-6pm),160,2177,2216,11.6,11.6
All Vehicles - StL All Vehicles Volume,Trip Pass-Through,,Top of the Mountain,yes,30,no,1: Monday (M-M),19: 6pm (6pm-7pm),229,2439,2487,11.9,12.2
All Vehicles - StL All Vehicles Volume,Trip Pass-Through,,Top of the Mountain,yes,30,no,1: Monday (M-M),20: 7pm (7pm-8pm),137,2838,2835,17.1,17.3
All Vehicles - StL All Vehicles Volume,Trip Pass-Through,,Top of the Mountain,yes,30,no,1: Monday (M-M),21: 8pm (8pm-9pm),139,2279,2279,12.7,12.7
All Vehicles - StL All Vehicles Volume,Trip Pass-Through,,Top of the Mountain,yes,30,no,1: Monday (M-M),22: 9pm (9pm-10pm),11,2399,2760,13.7,13.0
All Vehicles - StL All Vehicles Volume,Trip Pass-Through,,Top of the Mountain,yes,30,no,1: Monday (M-M),23: 10pm (10pm-11pm),4,1331,1331,4.3,4.3
All Vehicles - StL All Vehicles Volume,Trip Pass-Through,,Top of the Mountain,yes,30,no,1: Monday (M-M),24: 11pm (11pm-12am),5,1685,1685,8.5,8.5
All Vehicles - StL All Vehicles Volume,Trip Pass-Through,,Top of the Mountain,yes,30,no,2: Tuesday (Tu-Tu),00: All Day (12am-12am),3353,2380,2395,12.4,12.4
All Vehicles - StL All Vehicles Volume,Trip Pass-Through,,Top of the Mountain,yes,30,no,2: Tuesday (Tu-Tu),05: 4am (4am-5am),11,2068,2323,6.8,8.0
All Vehicles - StL All Vehicles Volume,Trip Pass-Through,,Top of the Mountain,yes,30,no,2: Tuesday (Tu-Tu),06: 5am (5am-6am),200,2159,2159,10.1,10.0
All Vehicles - StL All Vehicles Volume,Trip Pass-Through,,Top of the Mountain,yes,30,no,2: Tuesday (Tu-Tu),07: 6am (6am-7am),120,2101,2209,8.9,9.2
All Vehicles - StL All Vehicles Volume,Trip Pass-Through,,Top of the Mountain,yes,30,no,2: Tuesday (Tu-Tu),08: 7am (7am-8am),102,1980,1964,10.8,10.8
All Vehicles - StL All Vehicles Volume,Trip Pass-Through,,Top of the Mountain,yes,30,no,2: Tuesday (Tu-Tu),09: 8am (8am-9am),96,2204,2175,11.4,11.2
All Vehicles - StL All Vehicles Volume,Trip Pass-Through,,Top of the Mountain,yes,30,no,2: Tuesday (Tu-Tu),10: 9am (9am-10am),168,2617,2690,18.1,17.7
All Vehicles - StL All Vehicles Volume,Trip Pass-Through,,Top of the Mountain,yes,30,no,2: Tuesday (Tu-Tu),11: 10am (10am-11am),248,2174,2146,11.9,11.2
All Vehicles - StL All Vehicles Volume,Trip Pass-Through,,Top of the Mountain,yes,30,no,2: Tuesday (Tu-Tu),12: 11am (11am-12noon),259,2197,2183,9.4,9.2
All Vehicles - StL All Vehicles Volume,Trip Pass-Through,,Top of the Mountain,yes,30,no,2: Tuesday (Tu-Tu),13: 12pm (12noon-1pm),316,2416,2404,10.1,9.8
All Vehicles - StL All Vehicles Volume,Trip Pass-Through,,Top of the Mountain,yes,30,no,2: Tuesday (Tu-Tu),14: 1pm (1pm-2pm),296,2881,2861,17.3,16.6
All Vehicles - StL All Vehicles Volume,Trip Pass-Through,,Top of the Mountain,yes,30,no,2: Tuesday (Tu-Tu),15: 2pm (2pm-3pm),306,2254,2294,11.9,12.4
All Vehicles - StL All Vehicles Volume,Trip Pass-Through,,Top of the Mountain,yes,30,no,2: Tuesday (Tu-Tu),16: 3pm (3pm-4pm),275,2512,2591,13.8,14.2
All Vehicles - StL All Vehicles Volume,Trip Pass-Through,,Top of the Mountain,yes,30,no,2: Tuesday (Tu-Tu),17: 4pm (4pm-5pm),252,2375,2455,12.9,13.7
All Vehicles - StL All Vehicles Volume,Trip Pass-Through,,Top of the Mountain,yes,30,no,2: Tuesday (Tu-Tu),18: 5pm (5pm-6pm),163,2303,2281,8.9,9.1
All Vehicles - StL All Vehicles Volume,Trip Pass-Through,,Top of the Mountain,yes,30,no,2: Tuesday (Tu-Tu),19: 6pm (6pm-7pm),234,2342,2308,11.7,11.4
All Vehicles - StL All Vehicles Volume,Trip Pass-Through,,Top of the Mountain,yes,30,no,2: Tuesday (Tu-Tu),20: 7pm (7pm-8pm),126,2727,2754,16.5,16.5
All Vehicles - StL All Vehicles Volume,Trip Pass-Through,,Top of the Mountain,yes,30,no,2: Tuesday (Tu-Tu),21: 8pm (8pm-9pm),160,2458,2468,13.1,13.2
All Vehicles - StL All Vehicles Volume,Trip Pass-Through,,Top of the Mountain,yes,30,no,2: Tuesday (Tu-Tu),22: 9pm (9pm-10pm),10,1727,1727,6.8,6.8
All Vehicles - StL All Vehicles Volume,Trip Pass-Through,,Top of the Mountain,yes,30,no,2: Tuesday (Tu-Tu),23: 10pm (10pm-11pm),11,3418,3418,27.4,27.4
All Vehicles - StL All Vehicles Volume,Trip Pass-Through,,Top of the Mountain,yes,30,no,3: Wednesday (W-W),00: All Day (12am-12am),3453,2267,2327,11.4,11.6
All Vehicles - StL All Vehicles Volume,Trip Pass-Through,,Top of the Mountain,yes,30,no,3: Wednesday (W-W),05: 4am (4am-5am),11,1238,1238,6.7,6.7
All Vehicles - StL All Vehicles Volume,Trip Pass-Through,,Top of the Mountain,yes,30,no,3: Wednesday (W-W),06: 5am (5am-6am),200,2062,2127,12.3,12.5
All Vehicles - StL All Vehicles Volume,Trip Pass-Through,,Top of the Mountain,yes,30,no,3: Wednesday (W-W),07: 6am (6am-7am),160,2062,2097,13.6,13.7
All Vehicles - StL All Vehicles Volume,Trip Pass-Through,,Top of the Mountain,yes,30,no,3: Wednesday (W-W),08: 7am (7am-8am),102,2070,2114,8.6,8.7
All Vehicles - StL All Vehicles Volume,Trip Pass-Through,,Top of the Mountain,yes,30,no,3: Wednesday (W-W),09: 8am (8am-9am),83,2472,2489,12.1,12.4
All Vehicles - StL All Vehicles Volume,Trip Pass-Through,,Top of the Mountain,yes,30,no,3: Wednesday (W-W),10: 9am (9am-10am),209,2303,2463,8.6,9.7
All Vehicles - StL All Vehicles Volume,Trip Pass-Through,,Top of the Mountain,yes,30,no,3: Wednesday (W-W),11: 10am (10am-11am),278,2250,2378,12.8,12.5
All Vehicles - StL All Vehicles Volume,Trip Pass-Through,,Top of the Mountain,yes,30,no,3: Wednesday (W-W),12: 11am (11am-12noon),295,2318,2334,11.1,11.2
All Vehicles - StL All Vehicles Volume,Trip Pass-Through,,Top of the Mountain,yes,30,no,3: Wednesday (W-W),13: 12pm (12noon-1pm),290,2047,2203,7.9,9.1
All Vehicles - StL All Vehicles Volume,Trip Pass-Through,,Top of the Mountain,yes,30,no,3: Wednesday (W-W),14: 1pm (1pm-2pm),262,2132,2132,10.4,10.7
All Vehicles - StL All Vehicles Volume,Trip Pass-Through,,Top of the Mountain,yes,30,no,3: Wednesday (W-W),15: 2pm (2pm-3pm),293,2567,2592,14.5,14.6
All Vehicles - StL All Vehicles Volume,Trip Pass-Through,,Top of the Mountain,yes,30,no,3: Wednesday (W-W),16: 3pm (3pm-4pm),344,2150,2278,10.0,10.8
All Vehicles - StL All Vehicles Volume,Trip Pass-Through,,Top of the Mountain,yes,30,no,3: Wednesday (W-W),17: 4pm (4pm-5pm),227,2241,2262,9.7,9.8
All Vehicles - StL All Vehicles Volume,Trip Pass-Through,,Top of the Mountain,yes,30,no,3: Wednesday (W-W),18: 5pm (5pm-6pm),218,2577,2567,13.9,13.8
All Vehicles - StL All Vehicles Volume,Trip Pass-Through,,Top of the Mountain,yes,30,no,3: Wednesday (W-W),19: 6pm (6pm-7pm),143,2297,2421,11.5,11.9
All Vehicles - StL All Vehicles Volume,Trip Pass-Through,,Top of the Mountain,yes,30,no,3: Wednesday (W-W),20: 7pm (7pm-8pm),125,2240,2250,10.3,10.4
All Vehicles - StL All Vehicles Volume,Trip Pass-Through,,Top of the Mountain,yes,30,no,3: Wednesday (W-W),21: 8pm (8pm-9pm),172,2496,2501,13.9,13.9
All Vehicles - StL All Vehicles Volume,Trip Pass-Through,,Top of the Mountain,yes,30,no,3: Wednesday (W-W),22: 9pm (9pm-10pm),23,2168,2168,12.6,12.6
All Vehicles - StL All Vehicles Volume,Trip Pass-Through,,Top of the Mountain,yes,30,no,3: Wednesday (W-W),23: 10pm (10pm-11pm),18,2689,2890,20.9,20.5
All Vehicles - StL All Vehicles Volume,Trip Pass-Through,,Top of the Mountain,yes,30,no,4: Thursday (Th-Th),00: All Day (12am-12am),2917,2458,2485,13.0,13.2
All Vehicles - StL All Vehicles Volume,Trip Pass-Through,,Top of the Mountain,yes,30,no,4: Thursday (Th-Th),01: 12am (12am-1am),2,2509,2509,15.4,15.4
All Vehicles - StL All Vehicles Volume,Trip Pass-Through,,Top of the Mountain,yes,30,no,4: Thursday (Th-Th),05: 4am (4am-5am),25,1717,1717,6.7,6.7
All Vehicles - StL All Vehicles Volume,Trip Pass-Through,,Top of the Mountain,yes,30,no,4: Thursday (Th-Th),06: 5am (5am-6am),146,2128,2193,12.9,13.3
All Vehicles - StL All Vehicles Volume,Trip Pass-Through,,Top of the Mountain,yes,30,no,4: Thursday (Th-Th),07: 6am (6am-7am),100,1870,2054,8.7,10.1
All Vehicles - StL All Vehicles Volume,Trip Pass-Through,,Top of the Mountain,yes,30,no,4: Thursday (Th-Th),08: 7am (7am-8am),82,2175,2181,9.6,9.7
All Vehicles - StL All Vehicles Volume,Trip Pass-Through,,Top of the Mountain,yes,30,no,4: Thursday (Th-Th),09: 8am (8am-9am),83,2520,2405,16.1,14.9
All Vehicles - StL All Vehicles Volume,Trip Pass-Through,,Top of the Mountain,yes,30,no,4: Thursday (Th-Th),10: 9am (9am-10am),126,2379,2413,12.9,12.9
All Vehicles - StL All Vehicles Volume,Trip Pass-Through,,Top of the Mountain,yes,30,no,4: Thursday (Th-Th),11: 10am (10am-11am),234,2404,2327,11.3,10.8
All Vehicles - StL All Vehicles Volume,Trip Pass-Through,,Top of the Mountain,yes,30,no,4: Thursday (Th-Th),12: 11am (11am-12noon),211,2620,2624,12.9,12.7
All Vehicles - StL All Vehicles Volume,Trip Pass-Through,,Top of the Mountain,yes,30,no,4: Thursday (Th-Th),13: 12pm (12noon-1pm),236,2093,2005,8.1,7.9
All Vehicles - StL All Vehicles Volume,Trip Pass-Through,,Top of the Mountain,yes,30,no,4: Thursday (Th-Th),14: 1pm (1pm-2pm),300,2647,2692,16.0,15.8
All Vehicles - StL All Vehicles Volume,Trip Pass-Through,,Top of the Mountain,yes,30,no,4: Thursday (Th-Th),15: 2pm (2pm-3pm),294,2561,2650,13.7,14.3
All Vehicles - StL All Vehicles Volume,Trip Pass-Through,,Top of the Mountain,yes,30,no,4: Thursday (Th-Th),16: 3pm (3pm-4pm),257,2865,2939,16.9,17.4
All Vehicles - StL All Vehicles Volume,Trip Pass-Through,,Top of the Mountain,yes,30,no,4: Thursday (Th-Th),17: 4pm (4pm-5pm),196,2802,2870,15.1,16.2
All Vehicles - StL All Vehicles Volume,Trip Pass-Through,,Top of the Mountain,yes,30,no,4: Thursday (Th-Th),18: 5pm (5pm-6pm),171,2330,2321,10.5,10.7
All Vehicles - StL All Vehicles Volume,Trip Pass-Through,,Top of the Mountain,yes,30,no,4: Thursday (Th-Th),19: 6pm (6pm-7pm),144,2482,2506,13.8,13.9
All Vehicles - StL All Vehicles Volume,Trip Pass-Through,,Top of the Mountain,yes,30,no,4: Thursday (Th-Th),20: 7pm (7pm-8pm),151,2232,2258,10.9,11.1
All Vehicles - StL All Vehicles Volume,Trip Pass-Through,,Top of the Mountain,yes,30,no,4: Thursday (Th-Th),21: 8pm (8pm-9pm),113,2726,2840,14.4,16.1
All Vehicles - StL All Vehicles Volume,Trip Pass-Through,,Top of the Mountain,yes,30,no,4: Thursday (Th-Th),22: 9pm (9pm-10pm),18,1915,1915,12.5,12.5
All Vehicles - StL All Vehicles Volume,Trip Pass-Through,,Top of the Mountain,yes,30,no,4: Thursday (Th-Th),23: 10pm (10pm-11pm),18,2199,2199,15.8,15.8
All Vehicles - StL All Vehicles Volume,Trip Pass-Through,,Top of the Mountain,yes,30,no,4: Thursday (Th-Th),24: 11pm (11pm-12am),9,1456,1456,7.2,7.2
All Vehicles - StL All Vehicles Volume,Trip Pass-Through,,Top of the Mountain,yes,30,no,5: Friday (F-F),00: All Day (12am-12am),2964,2389,2462,13.2,13.4
All Vehicles - StL All Vehicles Volume,Trip Pass-Through,,Top of the Mountain,yes,30,no,5: Friday (F-F),05: 4am (4am-5am),25,1398,1398,8.3,8.3
All Vehicles - StL All Vehicles Volume,Trip Pass-Through,,Top of the Mountain,yes,30,no,5: Friday (F-F),06: 5am (5am-6am),144,2055,2296,12.4,14.4
All Vehicles - StL All Vehicles Volume,Trip Pass-Through,,Top of the Mountain,yes,30,no,5: Friday (F-F),07: 6am (6am-7am),107,1675,1779,8.3,8.5
All Vehicles - StL All Vehicles Volume,Trip Pass-Through,,Top of the Mountain,yes,30,no,5: Friday (F-F),08: 7am (7am-8am),72,1957,2051,7.9,8.0
All Vehicles - StL All Vehicles Volume,Trip Pass-Through,,Top of the Mountain,yes,30,no,5: Friday (F-F),09: 8am (8am-9am),74,1849,1899,7.7,7.6
All Vehicles - StL All Vehicles Volume,Trip Pass-Through,,Top of the Mountain,yes,30,no,5: Friday (F-F),10: 9am (9am-10am),156,3201,3180,22.2,21.3
All Vehicles - StL All Vehicles Volume,Trip Pass-Through,,Top of the Mountain,yes,30,no,5: Friday (F-F),11: 10am (10am-11am),230,1722,2092,7.5,9.1
All Vehicles - StL All Vehicles Volume,Trip Pass-Through,,Top of the Mountain,yes,30,no,5: Friday (F-F),12: 11am (11am-12noon),266,2285,2348,9.5,9.8
All Vehicles - StL All Vehicles Volume,Trip Pass-Through,,Top of the Mountain,yes,30,no,5: Friday (F-F),13: 12pm (12noon-1pm),259,2382,2433,11.4,11.2
All Vehicles - StL All Vehicles Volume,Trip Pass-Through,,Top of the Mountain,yes,30,no,5: Friday (F-F),14: 1pm (1pm-2pm),249,2444,2457,13.1,12.8
All Vehicles - StL All Vehicles Volume,Trip Pass-Through,,Top of the Mountain,yes,30,no,5: Friday (F-F),15: 2pm (2pm-3pm),289,3116,3124,22.8,22.7
All Vehicles - StL All Vehicles Volume,Trip Pass-Through,,Top of the Mountain,yes,30,no,5: Friday (F-F),16: 3pm (3pm-4pm),265,2354,2413,12.2,12.1
All Vehicles - StL All Vehicles Volume,Trip Pass-Through,,Top of the Mountain,yes,30,no,5: Friday (F-F),17: 4pm (4pm-5pm),181,2398,2481,12.4,12.6
All Vehicles - StL All Vehicles Volume,Trip Pass-Through,,Top of the Mountain,yes,30,no,5: Friday (F-F),18: 5pm (5pm-6pm),164,2109,2162,9.4,9.9
All Vehicles - StL All Vehicles Volume,Trip Pass-Through,,Top of the Mountain,yes,30,no,5: Friday (F-F),19: 6pm (6pm-7pm),150,2790,2890,19.1,19.8
All Vehicles - StL All Vehicles Volume,Trip Pass-Through,,Top of the Mountain,yes,30,no,5: Friday (F-F),20: 7pm (7pm-8pm),171,2383,2393,13.2,13.3
All Vehicles - StL All Vehicles Volume,Trip Pass-Through,,Top of the Mountain,yes,30,no,5: Friday (F-F),21: 8pm (8pm-9pm),122,2442,2523,11.9,12.5
All Vehicles - StL All Vehicles Volume,Trip Pass-Through,,Top of the Mountain,yes,30,no,5: Friday (F-F),22: 9pm (9pm-10pm),25,2697,2937,16.5,19.9
All Vehicles - StL All Vehicles Volume,Trip Pass-Through,,Top of the Mountain,yes,30,no,5: Friday (F-F),23: 10pm (10pm-11pm),14,2369,2846,13.2,18.0
All Vehicles - StL All Vehicles Volume,Trip Pass-Through,,Top of the Mountain,yes,30,no,6: Saturday (Sa-Sa),00: All Day (12am-12am),2983,2369,2418,12.9,12.9
All Vehicles - StL All Vehicles Volume,Trip Pass-Through,,Top of the Mountain,yes,30,no,6: Saturday (Sa-Sa),05: 4am (4am-5am),2,870,870,5.4,5.4
All Vehicles - StL All Vehicles Volume,Trip Pass-Through,,Top of the Mountain,yes,30,no,6: Saturday (Sa-Sa),06: 5am (5am-6am),151,1869,1877,8.6,8.7
All Vehicles - StL All Vehicles Volume,Trip Pass-Through,,Top of the Mountain,yes,30,no,6: Saturday (Sa-Sa),07: 6am (6am-7am),161,2106,2221,12.3,13.0
All Vehicles - StL All Vehicles Volume,Trip Pass-Through,,Top of the Mountain,yes,30,no,6: Saturday (Sa-Sa),08: 7am (7am-8am),51,1968,2208,7.5,8.5
All Vehicles - StL All Vehicles Volume,Trip Pass-Through,,Top of the Mountain,yes,30,no,6: Saturday (Sa-Sa),09: 8am (8am-9am),65,1695,1726,6.7,6.8
All Vehicles - StL All Vehicles Volume,Trip Pass-Through,,Top of the Mountain,yes,30,no,6: Saturday (Sa-Sa),10: 9am (9am-10am),135,2137,2480,10.5,11.8
All Vehicles - StL All Vehicles Volume,Trip Pass-Through,,Top of the Mountain,yes,30,no,6: Saturday (Sa-Sa),11: 10am (10am-11am),225,2362,2395,13.6,12.6
All Vehicles - StL All Vehicles Volume,Trip Pass-Through,,Top of the Mountain,yes,30,no,6: Saturday (Sa-Sa),12: 11am (11am-12noon),211,2019,2010,8.3,8.3
All Vehicles - StL All Vehicles Volume,Trip Pass-Through,,Top of the Mountain,yes,30,no,6: Saturday (Sa-Sa),13: 12pm (12noon-1pm),286,2393,2374,9.9,9.6
All Vehicles - StL All Vehicles Volume,Trip Pass-Through,,Top of the Mountain,yes,30,no,6: Saturday (Sa-Sa),14: 1pm (1pm-2pm),297,2237,2258,11.1,11.0
All Vehicles - StL All Vehicles Volume,Trip Pass-Through,,Top of the Mountain,yes,30,no,6: Saturday (Sa-Sa),15: 2pm (2pm-3pm),287,2639,2796,14.0,14.7
All Vehicles - StL All Vehicles Volume,Trip Pass-Through,,Top of the Mountain,yes,30,no,6: Saturday (Sa-Sa),16: 3pm (3pm-4pm),243,2693,2738,17.8,17.7
All Vehicles - StL All Vehicles Volume,Trip Pass-Through,,Top of the Mountain,yes,30,no,6: Saturday (Sa-Sa),17: 4pm (4pm-5pm),236,2372,2374,13.7,13.8
All Vehicles - StL All Vehicles Volume,Trip Pass-Through,,Top of the Mountain,yes,30,no,6: Saturday (Sa-Sa),18: 5pm (5pm-6pm),197,2488,2483,14.6,14.5
All Vehicles - StL All Vehicles Volume,Trip Pass-Through,,Top of the Mountain,yes,30,no,6: Saturday (Sa-Sa),19: 6pm (6pm-7pm),139,2667,2759,14.3,14.8
All Vehicles - StL All Vehicles Volume,Trip Pass-Through,,Top of the Mountain,yes,30,no,6: Saturday (Sa-Sa),20: 7pm (7pm-8pm),136,2982,3025,18.5,18.9
All Vehicles - StL All Vehicles Volume,Trip Pass-Through,,Top of the Mountain,yes,30,no,6: Saturday (Sa-Sa),21: 8pm (8pm-9pm),119,2481,2481,15.1,15.1
All Vehicles - StL All Vehicles Volume,Trip Pass-Through,,Top of the Mountain,yes,30,no,6: Saturday (Sa-Sa),22: 9pm (9pm-10pm),20,2002,2002,11.5,11.5
All Vehicles - StL All Vehicles Volume,Trip Pass-Through,,Top of the Mountain,yes,30,no,6: Saturday (Sa-Sa),23: 10pm (10pm-11pm),18,3163,3163,34.0,34.0
All Vehicles - StL All Vehicles Volume,Trip Pass-Through,,Top of the Mountain,yes,30,no,6: Saturday (Sa-Sa),24: 11pm (11pm-12am),2,2814,2814,25.2,25.2
All Vehicles - StL All Vehicles Volume,Trip Pass-Through,,Top of the Mountain,yes,30,no,7: Sunday (Su-Su),00: All Day (12am-12am),2777,2355,2375,12.7,12.6
All Vehicles - StL All Vehicles Volume,Trip Pass-Through,,Top of the Mountain,yes,30,no,7: Sunday (Su-Su),05: 4am (4am-5am),22,2157,2157,8.2,8.2
All Vehicles - StL All Vehicles Volume,Trip Pass-Through,,Top of the Mountain,yes,30,no,7: Sunday (Su-Su),06: 5am (5am-6am),149,1979,2034,11.5,12.1
All Vehicles - StL All Vehicles Volume,Trip Pass-Through,,Top of the Mountain,yes,30,no,7: Sunday (Su-Su),07: 6am (6am-7am),91,2191,2233,8.7,9.0
All Vehicles - StL All Vehicles Volume,Trip Pass-Through,,Top of the Mountain,yes,30,no,7: Sunday (Su-Su),08: 7am (7am-8am),50,1947,2006,10.2,10.4
All Vehicles - StL All Vehicles Volume,Trip Pass-Through,,Top of the Mountain,yes,30,no,7: Sunday (Su-Su),09: 8am (8am-9am),65,2271,2341,10.9,11.2
All Vehicles - StL All Vehicles Volume,Trip Pass-Through,,Top of the Mountain,yes,30,no,7: Sunday (Su-Su),10: 9am (9am-10am),119,2692,2724,17.0,16.3
All Vehicles - StL All Vehicles Volume,Trip Pass-Through,,Top of the Mountain,yes,30,no,7: Sunday (Su-Su),11: 10am (10am-11am),208,2089,2058,9.4,9.1
All Vehicles - StL All Vehicles Volume,Trip Pass-Through,,Top of the Mountain,yes,30,no,7: Sunday (Su-Su),12: 11am (11am-12noon),236,2487,2568,13.3,13.7
All Vehicles - StL All Vehicles Volume,Trip Pass-Through,,Top of the Mountain,yes,30,no,7: Sunday (Su-Su),13: 12pm (12noon-1pm),231,2077,2001,9.0,8.7
All Vehicles - StL All Vehicles Volume,Trip Pass-Through,,Top of the Mountain,yes,30,no,7: Sunday (Su-Su),14: 1pm (1pm-2pm),228,2555,2578,14.0,13.5
All Vehicles - StL All Vehicles Volume,Trip Pass-Through,,Top of the Mountain,yes,30,no,7: Sunday (Su-Su),15: 2pm (2pm-3pm),256,2324,2365,9.2,9.7
All Vehicles - StL All Vehicles Volume,Trip Pass-Through,,Top of the Mountain,yes,30,no,7: Sunday (Su-Su),16: 3pm (3pm-4pm),249,2677,2708,17.4,17.3
All Vehicles - StL All Vehicles Volume,Trip Pass-Through,,Top of the Mountain,yes,30,no,7: Sunday (Su-Su),17: 4pm (4pm-5pm),260,2367,2396,12.4,12.6
All Vehicles - StL All Vehicles Volume,Trip Pass-Through,,Top of the Mountain,yes,30,no,7: Sunday (Su-Su),18: 5pm (5pm-6pm),169,2586,2680,15.7,15.6
All Vehicles - StL All Vehicles Volume,Trip Pass-Through,,Top of the Mountain,yes,30,no,7: Sunday (Su-Su),19: 6pm (6pm-7pm),170,2280,2299,14.5,14.6
All Vehicles - StL All Vehicles Volume,Trip Pass-Through,,Top of the Mountain,yes,30,no,7: Sunday (Su-Su),20: 7pm (7pm-8pm),115,2224,2233,12.2,12.2
All Vehicles - StL All Vehicles Volume,Trip Pass-Through,,Top of the Mountain,yes,30,no,7: Sunday (Su-Su),21: 8pm (8pm-9pm),129,2625,2593,16.0,15.8
All Vehicles - StL All Vehicles Volume,Trip Pass-Through,,Top of the Mountain,yes,30,no,7: Sunday (Su-Su),22: 9pm (9pm-10pm),16,2254,2254,15.4,15.4
All Vehicles - StL All Vehicles Volume,Trip Pass-Through,,Top of the Mountain,yes,30,no,7: Sunday (Su-Su),23: 10pm (10pm-11pm),14,1640,1640,9.3,9.3
