Mode of Travel,Origin Zone ID,Origin Zone Name,Origin Zone Is Pass-Through,Origin Zone Direction (degrees),Origin Zone is Bi-Direction,Destination Zone ID,Destination Zone Name,Destination Zone Is Pass-Through,Destination Zone Direction (degrees),Destination Zone is Bi-Direction,Day Type,Day Part,Average Daily O-D Traffic (StL Index),Avg Travel Time (sec),Avg All Travel Time (sec),Avg Trip Length (mi),Avg All Trip Length (mi),Avg Trip Speed (mph),Avg All Trip Speed (mph),Avg All Trip Circuity,Travel Time 0-10 min (percent),Travel Time 10-20 min (percent),Travel Time 20-30 min (percent),Travel Time 30-40 min (percent),Travel Time 40-50 min (percent),Travel Time 50-60 min (percent),Travel Time 60-70 min (percent),Travel Time 70-80 min (percent),Travel Time 80-90 min (percent),Travel Time 90-100 min (percent),Travel Time 100-110 min (percent),Travel Time 110-120 min (percent),Travel Time 120-130 min (percent),Travel Time 130-140 min (percent),Travel Time 140-150 min (percent),Travel Time 150+ min (percent),Trip Length 0-1 mi (percent),Trip Length 1-2 mi (percent),Trip Length 2-3 mi (percent),Trip Length 3-4 mi (percent),Trip Length 4-5 mi (percent),Trip Length 5+ mi (percent),Trip Speed 0-1 mph (percent),Trip Speed 1-2 mph (percent),Trip Speed 2-3 mph (percent),Trip Speed 3-4 mph (percent),Trip Speed 4-5 mph (percent),Circuity 1-2 (percent),Circuity 2-3 (percent),Circuity 3-4 (percent),Circuity 4-5 (percent),Circuity 5-6 (percent),Circuity 6+ (percent)
Pedestrian - StL Pedestrian Index,,Cadillac Summit and Trails Pedestrian Only,no,N/A,no,,Cadillac Summit and Trails Pedestrian Only,no,N/A,no,0: All Days (M-Su),00: All Day (12am-12am),1126,1005,1005,0.2,0.2,N/A,N/A,6.399,0.298,0.366,0.221,0.066,0.031,0.006,0.006,0.004,0.002,0.000,0.000,0.000,0.000,0.000,0.000,0.000,0.992,0.002,0.004,0.000,0.002,0.000,0.629,0.250,0.095,0.023,0.002,0.464,0.157,0.095,0.048,0.031,0.205
Pedestrian - StL Pedestrian Index,,Cadillac Summit and Trails Pedestrian Only,no,N/A,no,,Cadillac Summit and Trails Pedestrian Only,no,N/A,no,0: All Days (M-Su),04: 3am (3am-4am),4,N/A,N/A,0.3,0.3,N/A,N/A,24.040,N/A,N/A,N/A,N/A,N/A,N/A,N/A,N/A,N/A,N/A,N/A,N/A,N/A,N/A,N/A,N/A,1.000,0.000,0.000,0.000,0.000,0.000,0.000,0.500,0.000,0.500,0.000,0.000,0.000,0.500,0.000,0.000,0.500
Pedestrian - StL Pedestrian Index,,Cadillac Summit and Trails Pedestrian Only,no,N/A,no,,Cadillac Summit and Trails Pedestrian Only,no,N/A,no,0: All Days (M-Su),05: 4am (4am-5am),51,815,815,0.1,0.1,N/A,N/A,4.592,0.655,0.077,0.077,0.077,0.038,0.038,0.038,0.000,0.000,0.000,0.000,0.000,0.000,0.000,0.000,0.000,1.000,0.000,0.000,0.000,0.000,0.000,0.346,0.077,0.462,0.115,0.000,0.769,0.000,0.077,0.000,0.000,0.154
Pedestrian - StL Pedestrian Index,,Cadillac Summit and Trails Pedestrian Only,no,N/A,no,,Cadillac Summit and Trails Pedestrian Only,no,N/A,no,0: All Days (M-Su),06: 5am (5am-6am),45,N/A,N/A,0.1,0.1,N/A,N/A,6.060,N/A,N/A,N/A,N/A,N/A,N/A,N/A,N/A,N/A,N/A,N/A,N/A,N/A,N/A,N/A,N/A,1.000,0.000,0.000,0.000,0.000,0.000,0.474,0.263,0.211,0.053,0.000,0.578,0.053,0.000,0.000,0.053,0.316
Pedestrian - StL Pedestrian Index,,Cadillac Summit and Trails Pedestrian Only,no,N/A,no,,Cadillac Summit and Trails Pedestrian Only,no,N/A,no,0: All Days (M-Su),07: 6am (6am-7am),31,N/A,N/A,0.2,0.2,N/A,N/A,3.036,N/A,N/A,N/A,N/A,N/A,N/A,N/A,N/A,N/A,N/A,N/A,N/A,N/A,N/A,N/A,N/A,1.000,0.000,0.000,0.000,0.000,0.000,0.583,0.333,0.000,0.083,0.000,0.334,0.250,0.083,0.250,0.083,0.000
Pedestrian - StL Pedestrian Index,,Cadillac Summit and Trails Pedestrian Only,no,N/A,no,,Cadillac Summit and Trails Pedestrian Only,no,N/A,no,0: All Days (M-Su),08: 7am (7am-8am),11,N/A,N/A,0.2,0.2,N/A,N/A,2.437,N/A,N/A,N/A,N/A,N/A,N/A,N/A,N/A,N/A,N/A,N/A,N/A,N/A,N/A,N/A,N/A,1.000,0.000,0.000,0.000,0.000,0.000,0.750,0.250,0.000,0.000,0.000,0.750,0.000,0.000,0.000,0.250,0.000
Pedestrian - StL Pedestrian Index,,Cadillac Summit and Trails Pedestrian Only,no,N/A,no,,Cadillac Summit and Trails Pedestrian Only,no,N/A,no,0: All Days (M-Su),09: 8am (8am-9am),19,N/A,N/A,0.2,0.2,N/A,N/A,13.773,N/A,N/A,N/A,N/A,N/A,N/A,N/A,N/A,N/A,N/A,N/A,N/A,N/A,N/A,N/A,N/A,1.000,0.000,0.000,0.000,0.000,0.000,0.714,0.143,0.143,0.000,0.000,0.286,0.286,0.000,0.000,0.000,0.428
Pedestrian - StL Pedestrian Index,,Cadillac Summit and Trails Pedestrian Only,no,N/A,no,,Cadillac Summit and Trails Pedestrian Only,no,N/A,no,0: All Days (M-Su),10: 9am (9am-10am),37,N/A,N/A,0.2,0.2,N/A,N/A,5.736,N/A,N/A,N/A,N/A,N/A,N/A,N/A,N/A,N/A,N/A,N/A,N/A,N/A,N/A,N/A,N/A,1.000,0.000,0.000,0.000,0.000,0.000,0.765,0.176,0.059,0.000,0.000,0.647,0.059,0.000,0.059,0.000,0.235
Pedestrian - StL Pedestrian Index,,Cadillac Summit and Trails Pedestrian Only,no,N/A,no,,Cadillac Summit and Trails Pedestrian Only,no,N/A,no,0: All Days (M-Su),11: 10am (10am-11am),90,1102,1102,0.2,0.2,N/A,N/A,6.644,0.220,0.414,0.195,0.098,0.049,0.024,0.000,0.000,0.000,0.000,0.000,0.000,0.000,0.000,0.000,0.000,1.000,0.000,0.000,0.000,0.000,0.000,0.634,0.293,0.073,0.000,0.000,0.487,0.220,0.073,0.000,0.000,0.220
Pedestrian - StL Pedestrian Index,,Cadillac Summit and Trails Pedestrian Only,no,N/A,no,,Cadillac Summit and Trails Pedestrian Only,no,N/A,no,0: All Days (M-Su),12: 11am (11am-12noon),137,1169,1169,0.3,0.3,N/A,N/A,6.406,0.254,0.365,0.222,0.079,0.032,0.016,0.016,0.016,0.000,0.000,0.000,0.000,0.000,0.000,0.000,0.000,0.968,0.016,0.000,0.000,0.016,0.000,0.667,0.254,0.048,0.032,0.000,0.396,0.270,0.095,0.048,0.016,0.175
Pedestrian - StL Pedestrian Index,,Cadillac Summit and Trails Pedestrian Only,no,N/A,no,,Cadillac Summit and Trails Pedestrian Only,no,N/A,no,0: All Days (M-Su),13: 12pm (12noon-1pm),96,889,889,0.2,0.2,N/A,N/A,4.259,0.262,0.524,0.190,0.000,0.024,0.000,0.000,0.000,0.000,0.000,0.000,0.000,0.000,0.000,0.000,0.000,1.000,0.000,0.000,0.000,0.000,0.000,0.762,0.095,0.095,0.048,0.000,0.500,0.119,0.095,0.095,0.024,0.167
Pedestrian - StL Pedestrian Index,,Cadillac Summit and Trails Pedestrian Only,no,N/A,no,,Cadillac Summit and Trails Pedestrian Only,no,N/A,no,0: All Days (M-Su),14: 1pm (1pm-2pm),109,886,886,0.2,0.2,N/A,N/A,3.873,0.354,0.396,0.104,0.125,0.021,0.000,0.000,0.000,0.000,0.000,0.000,0.000,0.000,0.000,0.000,0.000,1.000,0.000,0.000,0.000,0.000,0.000,0.667,0.229,0.083,0.021,0.000,0.562,0.146,0.083,0.063,0.021,0.125
Pedestrian - StL Pedestrian Index,,Cadillac Summit and Trails Pedestrian Only,no,N/A,no,,Cadillac Summit and Trails Pedestrian Only,no,N/A,no,0: All Days (M-Su),15: 2pm (2pm-3pm),123,962,962,0.2,0.2,N/A,N/A,4.520,0.271,0.407,0.237,0.068,0.017,0.000,0.000,0.000,0.000,0.000,0.000,0.000,0.000,0.000,0.000,0.000,1.000,0.000,0.000,0.000,0.000,0.000,0.678,0.271,0.034,0.017,0.000,0.525,0.169,0.136,0.017,0.017,0.136
Pedestrian - StL Pedestrian Index,,Cadillac Summit and Trails Pedestrian Only,no,N/A,no,,Cadillac Summit and Trails Pedestrian Only,no,N/A,no,0: All Days (M-Su),16: 3pm (3pm-4pm),96,997,997,0.3,0.3,N/A,N/A,4.643,0.311,0.311,0.267,0.067,0.044,0.000,0.000,0.000,0.000,0.000,0.000,0.000,0.000,0.000,0.000,0.000,0.978,0.000,0.022,0.000,0.000,0.000,0.644,0.178,0.133,0.000,0.022,0.489,0.156,0.133,0.022,0.022,0.178
Pedestrian - StL Pedestrian Index,,Cadillac Summit and Trails Pedestrian Only,no,N/A,no,,Cadillac Summit and Trails Pedestrian Only,no,N/A,no,0: All Days (M-Su),17: 4pm (4pm-5pm),84,1090,1090,0.2,0.2,N/A,N/A,10.229,0.231,0.334,0.333,0.051,0.051,0.000,0.000,0.000,0.000,0.000,0.000,0.000,0.000,0.000,0.000,0.000,1.000,0.000,0.000,0.000,0.000,0.000,0.590,0.410,0.000,0.000,0.000,0.307,0.205,0.103,0.051,0.026,0.308
Pedestrian - StL Pedestrian Index,,Cadillac Summit and Trails Pedestrian Only,no,N/A,no,,Cadillac Summit and Trails Pedestrian Only,no,N/A,no,0: All Days (M-Su),18: 5pm (5pm-6pm),78,1119,1119,0.2,0.2,N/A,N/A,8.189,0.171,0.343,0.400,0.057,0.029,0.000,0.000,0.000,0.000,0.000,0.000,0.000,0.000,0.000,0.000,0.000,1.000,0.000,0.000,0.000,0.000,0.000,0.714,0.257,0.029,0.000,0.000,0.344,0.114,0.171,0.057,0.000,0.314
Pedestrian - StL Pedestrian Index,,Cadillac Summit and Trails Pedestrian Only,no,N/A,no,,Cadillac Summit and Trails Pedestrian Only,no,N/A,no,0: All Days (M-Su),19: 6pm (6pm-7pm),46,1170,1170,0.3,0.3,N/A,N/A,8.768,0.227,0.410,0.182,0.091,0.045,0.000,0.000,0.045,0.000,0.000,0.000,0.000,0.000,0.000,0.000,0.000,0.955,0.000,0.045,0.000,0.000,0.000,0.636,0.273,0.091,0.000,0.000,0.410,0.182,0.136,0.045,0.045,0.182
Pedestrian - StL Pedestrian Index,,Cadillac Summit and Trails Pedestrian Only,no,N/A,no,,Cadillac Summit and Trails Pedestrian Only,no,N/A,no,0: All Days (M-Su),20: 7pm (7pm-8pm),41,872,872,0.2,0.2,N/A,N/A,7.314,0.381,0.286,0.238,0.095,0.000,0.000,0.000,0.000,0.000,0.000,0.000,0.000,0.000,0.000,0.000,0.000,1.000,0.000,0.000,0.000,0.000,0.000,0.476,0.476,0.048,0.000,0.000,0.333,0.143,0.048,0.048,0.238,0.190
Pedestrian - StL Pedestrian Index,,Cadillac Summit and Trails Pedestrian Only,no,N/A,no,,Cadillac Summit and Trails Pedestrian Only,no,N/A,no,0: All Days (M-Su),21: 8pm (8pm-9pm),10,N/A,N/A,0.3,0.3,N/A,N/A,18.824,N/A,N/A,N/A,N/A,N/A,N/A,N/A,N/A,N/A,N/A,N/A,N/A,N/A,N/A,N/A,N/A,1.000,0.000,0.000,0.000,0.000,0.000,0.400,0.200,0.400,0.000,0.000,0.000,0.000,0.000,0.200,0.000,0.800
Pedestrian - StL Pedestrian Index,,Cadillac Summit and Trails Pedestrian Only,no,N/A,no,,Cadillac Summit and Trails Pedestrian Only,no,N/A,no,0: All Days (M-Su),22: 9pm (9pm-10pm),10,N/A,N/A,0.2,0.2,N/A,N/A,17.737,N/A,N/A,N/A,N/A,N/A,N/A,N/A,N/A,N/A,N/A,N/A,N/A,N/A,N/A,N/A,N/A,1.000,0.000,0.000,0.000,0.000,0.000,0.500,0.167,0.333,0.000,0.000,0.333,0.000,0.000,0.167,0.000,0.500
Pedestrian - StL Pedestrian Index,,Cadillac Summit and Trails Pedestrian Only,no,N/A,no,,Cadillac Summit and Trails Pedestrian Only,no,N/A,no,0: All Days (M-Su),23: 10pm (10pm-11pm),4,N/A,N/A,0.1,0.1,N/A,N/A,2.764,N/A,N/A,N/A,N/A,N/A,N/A,N/A,N/A,N/A,N/A,N/A,N/A,N/A,N/A,N/A,N/A,1.000,0.000,0.000,0.000,0.000,0.000,0.000,1.000,0.000,0.000,0.000,0.500,0.000,0.000,0.500,0.000,0.000
Pedestrian - StL Pedestrian Index,,Cadillac Summit and Trails Pedestrian Only,no,N/A,no,,Cadillac Summit and Trails Pedestrian Only,no,N/A,no,0: All Days (M-Su),24: 11pm (11pm-12am),4,N/A,N/A,0.3,0.3,N/A,N/A,15.450,N/A,N/A,N/A,N/A,N/A,N/A,N/A,N/A,N/A,N/A,N/A,N/A,N/A,N/A,N/A,N/A,1.000,0.000,0.000,0.000,0.000,0.000,0.500,0.000,0.500,0.000,0.000,0.000,0.000,0.000,0.000,0.500,0.500
Pedestrian - StL Pedestrian Index,,Cadillac Summit and Trails Pedestrian Only,no,N/A,no,,Cadillac Summit and Trails Pedestrian Only,no,N/A,no,1: Monday (M-M),00: All Day (12am-12am),1236,1040,1040,0.2,0.2,N/A,N/A,5.893,0.224,0.363,0.318,0.071,0.024,0.000,0.000,0.000,0.000,0.000,0.000,0.000,0.000,0.000,0.000,0.000,1.000,0.000,0.000,0.000,0.000,0.000,0.729,0.176,0.082,0.012,0.000,0.412,0.129,0.106,0.094,0.024,0.235
Pedestrian - StL Pedestrian Index,,Cadillac Summit and Trails Pedestrian Only,no,N/A,no,,Cadillac Summit and Trails Pedestrian Only,no,N/A,no,1: Monday (M-M),05: 4am (4am-5am),26,N/A,N/A,0.1,0.1,N/A,N/A,1.179,N/A,N/A,N/A,N/A,N/A,N/A,N/A,N/A,N/A,N/A,N/A,N/A,N/A,N/A,N/A,N/A,1.000,0.000,0.000,0.000,0.000,0.000,0.000,0.000,1.000,0.000,0.000,1.000,0.000,0.000,0.000,0.000,0.000
Pedestrian - StL Pedestrian Index,,Cadillac Summit and Trails Pedestrian Only,no,N/A,no,,Cadillac Summit and Trails Pedestrian Only,no,N/A,no,1: Monday (M-M),06: 5am (5am-6am),20,N/A,N/A,0.2,0.2,N/A,N/A,9.650,N/A,N/A,N/A,N/A,N/A,N/A,N/A,N/A,N/A,N/A,N/A,N/A,N/A,N/A,N/A,N/A,1.000,0.000,0.000,0.000,0.000,0.000,0.000,1.000,0.000,0.000,0.000,0.000,0.000,0.000,0.000,0.000,1.000
Pedestrian - StL Pedestrian Index,,Cadillac Summit and Trails Pedestrian Only,no,N/A,no,,Cadillac Summit and Trails Pedestrian Only,no,N/A,no,1: Monday (M-M),07: 6am (6am-7am),100,N/A,N/A,0.2,0.2,N/A,N/A,3.261,N/A,N/A,N/A,N/A,N/A,N/A,N/A,N/A,N/A,N/A,N/A,N/A,N/A,N/A,N/A,N/A,1.000,0.000,0.000,0.000,0.000,0.000,0.500,0.500,0.000,0.000,0.000,0.333,0.167,0.000,0.333,0.167,0.000
Pedestrian - StL Pedestrian Index,,Cadillac Summit and Trails Pedestrian Only,no,N/A,no,,Cadillac Summit and Trails Pedestrian Only,no,N/A,no,1: Monday (M-M),09: 8am (8am-9am),60,N/A,N/A,0.2,0.2,N/A,N/A,19.043,N/A,N/A,N/A,N/A,N/A,N/A,N/A,N/A,N/A,N/A,N/A,N/A,N/A,N/A,N/A,N/A,1.000,0.000,0.000,0.000,0.000,0.000,0.667,0.333,0.000,0.000,0.000,0.000,0.333,0.000,0.000,0.000,0.667
Pedestrian - StL Pedestrian Index,,Cadillac Summit and Trails Pedestrian Only,no,N/A,no,,Cadillac Summit and Trails Pedestrian Only,no,N/A,no,1: Monday (M-M),10: 9am (9am-10am),35,N/A,N/A,0.2,0.2,N/A,N/A,8.135,N/A,N/A,N/A,N/A,N/A,N/A,N/A,N/A,N/A,N/A,N/A,N/A,N/A,N/A,N/A,N/A,1.000,0.000,0.000,0.000,0.000,0.000,1.000,0.000,0.000,0.000,0.000,0.500,0.000,0.000,0.000,0.000,0.500
Pedestrian - StL Pedestrian Index,,Cadillac Summit and Trails Pedestrian Only,no,N/A,no,,Cadillac Summit and Trails Pedestrian Only,no,N/A,no,1: Monday (M-M),11: 10am (10am-11am),86,N/A,N/A,0.2,0.2,N/A,N/A,3.029,N/A,N/A,N/A,N/A,N/A,N/A,N/A,N/A,N/A,N/A,N/A,N/A,N/A,N/A,N/A,N/A,1.000,0.000,0.000,0.000,0.000,0.000,0.667,0.167,0.167,0.000,0.000,0.666,0.167,0.000,0.000,0.000,0.167
Pedestrian - StL Pedestrian Index,,Cadillac Summit and Trails Pedestrian Only,no,N/A,no,,Cadillac Summit and Trails Pedestrian Only,no,N/A,no,1: Monday (M-M),12: 11am (11am-12noon),169,N/A,N/A,0.2,0.2,N/A,N/A,3.245,N/A,N/A,N/A,N/A,N/A,N/A,N/A,N/A,N/A,N/A,N/A,N/A,N/A,N/A,N/A,N/A,1.000,0.000,0.000,0.000,0.000,0.000,0.917,0.083,0.000,0.000,0.000,0.500,0.167,0.083,0.083,0.000,0.167
Pedestrian - StL Pedestrian Index,,Cadillac Summit and Trails Pedestrian Only,no,N/A,no,,Cadillac Summit and Trails Pedestrian Only,no,N/A,no,1: Monday (M-M),13: 12pm (12noon-1pm),134,N/A,N/A,0.2,0.2,N/A,N/A,7.302,N/A,N/A,N/A,N/A,N/A,N/A,N/A,N/A,N/A,N/A,N/A,N/A,N/A,N/A,N/A,N/A,1.000,0.000,0.000,0.000,0.000,0.000,0.700,0.100,0.100,0.100,0.000,0.100,0.200,0.100,0.200,0.000,0.400
Pedestrian - StL Pedestrian Index,,Cadillac Summit and Trails Pedestrian Only,no,N/A,no,,Cadillac Summit and Trails Pedestrian Only,no,N/A,no,1: Monday (M-M),14: 1pm (1pm-2pm),82,N/A,N/A,0.2,0.2,N/A,N/A,7.463,N/A,N/A,N/A,N/A,N/A,N/A,N/A,N/A,N/A,N/A,N/A,N/A,N/A,N/A,N/A,N/A,1.000,0.000,0.000,0.000,0.000,0.000,0.667,0.333,0.000,0.000,0.000,0.500,0.000,0.167,0.000,0.000,0.333
Pedestrian - StL Pedestrian Index,,Cadillac Summit and Trails Pedestrian Only,no,N/A,no,,Cadillac Summit and Trails Pedestrian Only,no,N/A,no,1: Monday (M-M),15: 2pm (2pm-3pm),181,N/A,N/A,0.2,0.2,N/A,N/A,4.535,N/A,N/A,N/A,N/A,N/A,N/A,N/A,N/A,N/A,N/A,N/A,N/A,N/A,N/A,N/A,N/A,1.000,0.000,0.000,0.000,0.000,0.000,0.917,0.083,0.000,0.000,0.000,0.668,0.083,0.083,0.083,0.000,0.083
Pedestrian - StL Pedestrian Index,,Cadillac Summit and Trails Pedestrian Only,no,N/A,no,,Cadillac Summit and Trails Pedestrian Only,no,N/A,no,1: Monday (M-M),16: 3pm (3pm-4pm),88,N/A,N/A,0.3,0.3,N/A,N/A,3.694,N/A,N/A,N/A,N/A,N/A,N/A,N/A,N/A,N/A,N/A,N/A,N/A,N/A,N/A,N/A,N/A,1.000,0.000,0.000,0.000,0.000,0.000,0.833,0.167,0.000,0.000,0.000,0.332,0.167,0.167,0.167,0.000,0.167
Pedestrian - StL Pedestrian Index,,Cadillac Summit and Trails Pedestrian Only,no,N/A,no,,Cadillac Summit and Trails Pedestrian Only,no,N/A,no,1: Monday (M-M),17: 4pm (4pm-5pm),37,N/A,N/A,0.2,0.2,N/A,N/A,2.219,N/A,N/A,N/A,N/A,N/A,N/A,N/A,N/A,N/A,N/A,N/A,N/A,N/A,N/A,N/A,N/A,1.000,0.000,0.000,0.000,0.000,0.000,1.000,0.000,0.000,0.000,0.000,0.667,0.000,0.333,0.000,0.000,0.000
Pedestrian - StL Pedestrian Index,,Cadillac Summit and Trails Pedestrian Only,no,N/A,no,,Cadillac Summit and Trails Pedestrian Only,no,N/A,no,1: Monday (M-M),18: 5pm (5pm-6pm),56,N/A,N/A,0.3,0.3,N/A,N/A,15.591,N/A,N/A,N/A,N/A,N/A,N/A,N/A,N/A,N/A,N/A,N/A,N/A,N/A,N/A,N/A,N/A,1.000,0.000,0.000,0.000,0.000,0.000,0.750,0.250,0.000,0.000,0.000,0.000,0.500,0.250,0.000,0.000,0.250
Pedestrian - StL Pedestrian Index,,Cadillac Summit and Trails Pedestrian Only,no,N/A,no,,Cadillac Summit and Trails Pedestrian Only,no,N/A,no,1: Monday (M-M),19: 6pm (6pm-7pm),71,N/A,N/A,0.2,0.2,N/A,N/A,3.461,N/A,N/A,N/A,N/A,N/A,N/A,N/A,N/A,N/A,N/A,N/A,N/A,N/A,N/A,N/A,N/A,1.000,0.000,0.000,0.000,0.000,0.000,0.800,0.200,0.000,0.000,0.000,0.400,0.000,0.400,0.000,0.000,0.200
Pedestrian - StL Pedestrian Index,,Cadillac Summit and Trails Pedestrian Only,no,N/A,no,,Cadillac Summit and Trails Pedestrian Only,no,N/A,no,1: Monday (M-M),20: 7pm (7pm-8pm),26,N/A,N/A,0.2,0.2,N/A,N/A,4.485,N/A,N/A,N/A,N/A,N/A,N/A,N/A,N/A,N/A,N/A,N/A,N/A,N/A,N/A,N/A,N/A,1.000,0.000,0.000,0.000,0.000,0.000,0.500,0.000,0.500,0.000,0.000,0.500,0.000,0.000,0.000,0.000,0.500
Pedestrian - StL Pedestrian Index,,Cadillac Summit and Trails Pedestrian Only,no,N/A,no,,Cadillac Summit and Trails Pedestrian Only,no,N/A,no,1: Monday (M-M),21: 8pm (8pm-9pm),22,N/A,N/A,0.4,0.4,N/A,N/A,8.535,N/A,N/A,N/A,N/A,N/A,N/A,N/A,N/A,N/A,N/A,N/A,N/A,N/A,N/A,N/A,N/A,1.000,0.000,0.000,0.000,0.000,0.000,0.500,0.000,0.500,0.000,0.000,0.000,0.000,0.000,0.500,0.000,0.500
Pedestrian - StL Pedestrian Index,,Cadillac Summit and Trails Pedestrian Only,no,N/A,no,,Cadillac Summit and Trails Pedestrian Only,no,N/A,no,1: Monday (M-M),23: 10pm (10pm-11pm),15,N/A,N/A,0.1,0.1,N/A,N/A,1.207,N/A,N/A,N/A,N/A,N/A,N/A,N/A,N/A,N/A,N/A,N/A,N/A,N/A,N/A,N/A,N/A,1.000,0.000,0.000,0.000,0.000,0.000,0.000,1.000,0.000,0.000,0.000,1.000,0.000,0.000,0.000,0.000,0.000
Pedestrian - StL Pedestrian Index,,Cadillac Summit and Trails Pedestrian Only,no,N/A,no,,Cadillac Summit and Trails Pedestrian Only,no,N/A,no,1: Monday (M-M),24: 11pm (11pm-12am),30,N/A,N/A,0.3,0.3,N/A,N/A,15.450,N/A,N/A,N/A,N/A,N/A,N/A,N/A,N/A,N/A,N/A,N/A,N/A,N/A,N/A,N/A,N/A,1.000,0.000,0.000,0.000,0.000,0.000,0.500,0.000,0.500,0.000,0.000,0.000,0.000,0.000,0.000,0.500,0.500
Pedestrian - StL Pedestrian Index,,Cadillac Summit and Trails Pedestrian Only,no,N/A,no,,Cadillac Summit and Trails Pedestrian Only,no,N/A,no,2: Tuesday (Tu-Tu),00: All Day (12am-12am),942,1067,1067,0.3,0.3,N/A,N/A,6.158,0.267,0.416,0.183,0.050,0.050,0.017,0.000,0.017,0.000,0.000,0.000,0.000,0.000,0.000,0.000,0.000,0.983,0.000,0.017,0.000,0.000,0.000,0.600,0.233,0.150,0.017,0.000,0.500,0.167,0.000,0.067,0.033,0.233
Pedestrian - StL Pedestrian Index,,Cadillac Summit and Trails Pedestrian Only,no,N/A,no,,Cadillac Summit and Trails Pedestrian Only,no,N/A,no,2: Tuesday (Tu-Tu),05: 4am (4am-5am),73,N/A,N/A,0.2,0.2,N/A,N/A,9.455,N/A,N/A,N/A,N/A,N/A,N/A,N/A,N/A,N/A,N/A,N/A,N/A,N/A,N/A,N/A,N/A,1.000,0.000,0.000,0.000,0.000,0.000,0.500,0.000,0.500,0.000,0.000,0.667,0.000,0.000,0.000,0.000,0.333
Pedestrian - StL Pedestrian Index,,Cadillac Summit and Trails Pedestrian Only,no,N/A,no,,Cadillac Summit and Trails Pedestrian Only,no,N/A,no,2: Tuesday (Tu-Tu),06: 5am (5am-6am),50,N/A,N/A,0.2,0.2,N/A,N/A,2.977,N/A,N/A,N/A,N/A,N/A,N/A,N/A,N/A,N/A,N/A,N/A,N/A,N/A,N/A,N/A,N/A,1.000,0.000,0.000,0.000,0.000,0.000,0.000,0.333,0.333,0.333,0.000,0.667,0.000,0.000,0.000,0.000,0.333
Pedestrian - StL Pedestrian Index,,Cadillac Summit and Trails Pedestrian Only,no,N/A,no,,Cadillac Summit and Trails Pedestrian Only,no,N/A,no,2: Tuesday (Tu-Tu),10: 9am (9am-10am),40,N/A,N/A,0.3,0.3,N/A,N/A,17.908,N/A,N/A,N/A,N/A,N/A,N/A,N/A,N/A,N/A,N/A,N/A,N/A,N/A,N/A,N/A,N/A,1.000,0.000,0.000,0.000,0.000,0.000,1.000,0.000,0.000,0.000,0.000,0.000,0.000,0.000,0.000,0.000,1.000
Pedestrian - StL Pedestrian Index,,Cadillac Summit and Trails Pedestrian Only,no,N/A,no,,Cadillac Summit and Trails Pedestrian Only,no,N/A,no,2: Tuesday (Tu-Tu),11: 10am (10am-11am),87,N/A,N/A,0.2,0.2,N/A,N/A,1.924,N/A,N/A,N/A,N/A,N/A,N/A,N/A,N/A,N/A,N/A,N/A,N/A,N/A,N/A,N/A,N/A,1.000,0.000,0.000,0.000,0.000,0.000,0.500,0.333,0.167,0.000,0.000,0.500,0.500,0.000,0.000,0.000,0.000
Pedestrian - StL Pedestrian Index,,Cadillac Summit and Trails Pedestrian Only,no,N/A,no,,Cadillac Summit and Trails Pedestrian Only,no,N/A,no,2: Tuesday (Tu-Tu),12: 11am (11am-12noon),76,N/A,N/A,0.2,0.2,N/A,N/A,3.046,N/A,N/A,N/A,N/A,N/A,N/A,N/A,N/A,N/A,N/A,N/A,N/A,N/A,N/A,N/A,N/A,1.000,0.000,0.000,0.000,0.000,0.000,0.200,0.600,0.200,0.000,0.000,0.400,0.400,0.000,0.000,0.000,0.200
Pedestrian - StL Pedestrian Index,,Cadillac Summit and Trails Pedestrian Only,no,N/A,no,,Cadillac Summit and Trails Pedestrian Only,no,N/A,no,2: Tuesday (Tu-Tu),13: 12pm (12noon-1pm),136,N/A,N/A,0.2,0.2,N/A,N/A,2.157,N/A,N/A,N/A,N/A,N/A,N/A,N/A,N/A,N/A,N/A,N/A,N/A,N/A,N/A,N/A,N/A,1.000,0.000,0.000,0.000,0.000,0.000,0.750,0.125,0.125,0.000,0.000,0.625,0.125,0.000,0.250,0.000,0.000
Pedestrian - StL Pedestrian Index,,Cadillac Summit and Trails Pedestrian Only,no,N/A,no,,Cadillac Summit and Trails Pedestrian Only,no,N/A,no,2: Tuesday (Tu-Tu),14: 1pm (1pm-2pm),56,N/A,N/A,0.3,0.3,N/A,N/A,6.606,N/A,N/A,N/A,N/A,N/A,N/A,N/A,N/A,N/A,N/A,N/A,N/A,N/A,N/A,N/A,N/A,1.000,0.000,0.000,0.000,0.000,0.000,1.000,0.000,0.000,0.000,0.000,0.334,0.333,0.000,0.000,0.000,0.333
Pedestrian - StL Pedestrian Index,,Cadillac Summit and Trails Pedestrian Only,no,N/A,no,,Cadillac Summit and Trails Pedestrian Only,no,N/A,no,2: Tuesday (Tu-Tu),15: 2pm (2pm-3pm),131,N/A,N/A,0.2,0.2,N/A,N/A,5.489,N/A,N/A,N/A,N/A,N/A,N/A,N/A,N/A,N/A,N/A,N/A,N/A,N/A,N/A,N/A,N/A,1.000,0.000,0.000,0.000,0.000,0.000,0.750,0.250,0.000,0.000,0.000,0.625,0.125,0.000,0.000,0.125,0.125
Pedestrian - StL Pedestrian Index,,Cadillac Summit and Trails Pedestrian Only,no,N/A,no,,Cadillac Summit and Trails Pedestrian Only,no,N/A,no,2: Tuesday (Tu-Tu),16: 3pm (3pm-4pm),74,N/A,N/A,0.2,0.2,N/A,N/A,1.561,N/A,N/A,N/A,N/A,N/A,N/A,N/A,N/A,N/A,N/A,N/A,N/A,N/A,N/A,N/A,N/A,1.000,0.000,0.000,0.000,0.000,0.000,0.600,0.200,0.200,0.000,0.000,1.000,0.000,0.000,0.000,0.000,0.000
Pedestrian - StL Pedestrian Index,,Cadillac Summit and Trails Pedestrian Only,no,N/A,no,,Cadillac Summit and Trails Pedestrian Only,no,N/A,no,2: Tuesday (Tu-Tu),17: 4pm (4pm-5pm),92,N/A,N/A,0.2,0.2,N/A,N/A,8.492,N/A,N/A,N/A,N/A,N/A,N/A,N/A,N/A,N/A,N/A,N/A,N/A,N/A,N/A,N/A,N/A,1.000,0.000,0.000,0.000,0.000,0.000,0.833,0.167,0.000,0.000,0.000,0.333,0.167,0.000,0.167,0.000,0.333
Pedestrian - StL Pedestrian Index,,Cadillac Summit and Trails Pedestrian Only,no,N/A,no,,Cadillac Summit and Trails Pedestrian Only,no,N/A,no,2: Tuesday (Tu-Tu),18: 5pm (5pm-6pm),35,N/A,N/A,0.3,0.3,N/A,N/A,22.875,N/A,N/A,N/A,N/A,N/A,N/A,N/A,N/A,N/A,N/A,N/A,N/A,N/A,N/A,N/A,N/A,1.000,0.000,0.000,0.000,0.000,0.000,1.000,0.000,0.000,0.000,0.000,0.000,0.000,0.000,0.000,0.000,1.000
Pedestrian - StL Pedestrian Index,,Cadillac Summit and Trails Pedestrian Only,no,N/A,no,,Cadillac Summit and Trails Pedestrian Only,no,N/A,no,2: Tuesday (Tu-Tu),19: 6pm (6pm-7pm),65,N/A,N/A,0.8,0.8,N/A,N/A,12.188,N/A,N/A,N/A,N/A,N/A,N/A,N/A,N/A,N/A,N/A,N/A,N/A,N/A,N/A,N/A,N/A,0.750,0.000,0.250,0.000,0.000,0.000,0.500,0.250,0.250,0.000,0.000,0.250,0.000,0.000,0.000,0.250,0.500
Pedestrian - StL Pedestrian Index,,Cadillac Summit and Trails Pedestrian Only,no,N/A,no,,Cadillac Summit and Trails Pedestrian Only,no,N/A,no,2: Tuesday (Tu-Tu),20: 7pm (7pm-8pm),15,N/A,N/A,0.4,0.4,N/A,N/A,2.690,N/A,N/A,N/A,N/A,N/A,N/A,N/A,N/A,N/A,N/A,N/A,N/A,N/A,N/A,N/A,N/A,1.000,0.000,0.000,0.000,0.000,0.000,0.000,1.000,0.000,0.000,0.000,0.000,1.000,0.000,0.000,0.000,0.000
Pedestrian - StL Pedestrian Index,,Cadillac Summit and Trails Pedestrian Only,no,N/A,no,,Cadillac Summit and Trails Pedestrian Only,no,N/A,no,2: Tuesday (Tu-Tu),23: 10pm (10pm-11pm),11,N/A,N/A,0.2,0.2,N/A,N/A,4.321,N/A,N/A,N/A,N/A,N/A,N/A,N/A,N/A,N/A,N/A,N/A,N/A,N/A,N/A,N/A,N/A,1.000,0.000,0.000,0.000,0.000,0.000,0.000,1.000,0.000,0.000,0.000,0.000,0.000,0.000,1.000,0.000,0.000
Pedestrian - StL Pedestrian Index,,Cadillac Summit and Trails Pedestrian Only,no,N/A,no,,Cadillac Summit and Trails Pedestrian Only,no,N/A,no,3: Wednesday (W-W),00: All Day (12am-12am),788,998,998,0.2,0.2,N/A,N/A,9.386,0.327,0.364,0.109,0.127,0.073,0.000,0.000,0.000,0.000,0.000,0.000,0.000,0.000,0.000,0.000,0.000,1.000,0.000,0.000,0.000,0.000,0.000,0.545,0.291,0.073,0.091,0.000,0.345,0.073,0.091,0.055,0.073,0.363
Pedestrian - StL Pedestrian Index,,Cadillac Summit and Trails Pedestrian Only,no,N/A,no,,Cadillac Summit and Trails Pedestrian Only,no,N/A,no,3: Wednesday (W-W),04: 3am (3am-4am),11,N/A,N/A,0.3,0.3,N/A,N/A,44.384,N/A,N/A,N/A,N/A,N/A,N/A,N/A,N/A,N/A,N/A,N/A,N/A,N/A,N/A,N/A,N/A,1.000,0.000,0.000,0.000,0.000,0.000,0.000,0.000,0.000,1.000,0.000,0.000,0.000,0.000,0.000,0.000,1.000
Pedestrian - StL Pedestrian Index,,Cadillac Summit and Trails Pedestrian Only,no,N/A,no,,Cadillac Summit and Trails Pedestrian Only,no,N/A,no,3: Wednesday (W-W),05: 4am (4am-5am),37,N/A,N/A,0.1,0.1,N/A,N/A,1.384,N/A,N/A,N/A,N/A,N/A,N/A,N/A,N/A,N/A,N/A,N/A,N/A,N/A,N/A,N/A,N/A,1.000,0.000,0.000,0.000,0.000,0.000,0.000,0.000,0.333,0.667,0.000,1.000,0.000,0.000,0.000,0.000,0.000
Pedestrian - StL Pedestrian Index,,Cadillac Summit and Trails Pedestrian Only,no,N/A,no,,Cadillac Summit and Trails Pedestrian Only,no,N/A,no,3: Wednesday (W-W),06: 5am (5am-6am),11,N/A,N/A,0.2,0.2,N/A,N/A,36.302,N/A,N/A,N/A,N/A,N/A,N/A,N/A,N/A,N/A,N/A,N/A,N/A,N/A,N/A,N/A,N/A,1.000,0.000,0.000,0.000,0.000,0.000,0.000,0.000,1.000,0.000,0.000,0.000,0.000,0.000,0.000,0.000,1.000
Pedestrian - StL Pedestrian Index,,Cadillac Summit and Trails Pedestrian Only,no,N/A,no,,Cadillac Summit and Trails Pedestrian Only,no,N/A,no,3: Wednesday (W-W),07: 6am (6am-7am),40,N/A,N/A,0.1,0.1,N/A,N/A,3.338,N/A,N/A,N/A,N/A,N/A,N/A,N/A,N/A,N/A,N/A,N/A,N/A,N/A,N/A,N/A,N/A,1.000,0.000,0.000,0.000,0.000,0.000,0.500,0.000,0.000,0.500,0.000,0.500,0.000,0.000,0.500,0.000,0.000
Pedestrian - StL Pedestrian Index,,Cadillac Summit and Trails Pedestrian Only,no,N/A,no,,Cadillac Summit and Trails Pedestrian Only,no,N/A,no,3: Wednesday (W-W),10: 9am (9am-10am),15,N/A,N/A,0.2,0.2,N/A,N/A,1.897,N/A,N/A,N/A,N/A,N/A,N/A,N/A,N/A,N/A,N/A,N/A,N/A,N/A,N/A,N/A,N/A,1.000,0.000,0.000,0.000,0.000,0.000,1.000,0.000,0.000,0.000,0.000,1.000,0.000,0.000,0.000,0.000,0.000
Pedestrian - StL Pedestrian Index,,Cadillac Summit and Trails Pedestrian Only,no,N/A,no,,Cadillac Summit and Trails Pedestrian Only,no,N/A,no,3: Wednesday (W-W),11: 10am (10am-11am),26,N/A,N/A,0.3,0.3,N/A,N/A,8.270,N/A,N/A,N/A,N/A,N/A,N/A,N/A,N/A,N/A,N/A,N/A,N/A,N/A,N/A,N/A,N/A,1.000,0.000,0.000,0.000,0.000,0.000,0.500,0.500,0.000,0.000,0.000,0.000,0.000,0.000,0.000,0.000,1.000
Pedestrian - StL Pedestrian Index,,Cadillac Summit and Trails Pedestrian Only,no,N/A,no,,Cadillac Summit and Trails Pedestrian Only,no,N/A,no,3: Wednesday (W-W),12: 11am (11am-12noon),53,N/A,N/A,0.3,0.3,N/A,N/A,3.776,N/A,N/A,N/A,N/A,N/A,N/A,N/A,N/A,N/A,N/A,N/A,N/A,N/A,N/A,N/A,N/A,1.000,0.000,0.000,0.000,0.000,0.000,0.750,0.250,0.000,0.000,0.000,0.000,0.500,0.250,0.000,0.000,0.250
Pedestrian - StL Pedestrian Index,,Cadillac Summit and Trails Pedestrian Only,no,N/A,no,,Cadillac Summit and Trails Pedestrian Only,no,N/A,no,3: Wednesday (W-W),13: 12pm (12noon-1pm),101,N/A,N/A,0.2,0.2,N/A,N/A,2.833,N/A,N/A,N/A,N/A,N/A,N/A,N/A,N/A,N/A,N/A,N/A,N/A,N/A,N/A,N/A,N/A,1.000,0.000,0.000,0.000,0.000,0.000,0.500,0.167,0.167,0.167,0.000,0.499,0.167,0.167,0.000,0.000,0.167
Pedestrian - StL Pedestrian Index,,Cadillac Summit and Trails Pedestrian Only,no,N/A,no,,Cadillac Summit and Trails Pedestrian Only,no,N/A,no,3: Wednesday (W-W),14: 1pm (1pm-2pm),93,N/A,N/A,0.2,0.2,N/A,N/A,4.754,N/A,N/A,N/A,N/A,N/A,N/A,N/A,N/A,N/A,N/A,N/A,N/A,N/A,N/A,N/A,N/A,1.000,0.000,0.000,0.000,0.000,0.000,0.800,0.200,0.000,0.000,0.000,0.600,0.000,0.000,0.200,0.000,0.200
Pedestrian - StL Pedestrian Index,,Cadillac Summit and Trails Pedestrian Only,no,N/A,no,,Cadillac Summit and Trails Pedestrian Only,no,N/A,no,3: Wednesday (W-W),15: 2pm (2pm-3pm),48,N/A,N/A,0.4,0.4,N/A,N/A,7.350,N/A,N/A,N/A,N/A,N/A,N/A,N/A,N/A,N/A,N/A,N/A,N/A,N/A,N/A,N/A,N/A,1.000,0.000,0.000,0.000,0.000,0.000,0.250,0.750,0.000,0.000,0.000,0.500,0.000,0.000,0.000,0.000,0.500
Pedestrian - StL Pedestrian Index,,Cadillac Summit and Trails Pedestrian Only,no,N/A,no,,Cadillac Summit and Trails Pedestrian Only,no,N/A,no,3: Wednesday (W-W),16: 3pm (3pm-4pm),70,N/A,N/A,0.2,0.2,N/A,N/A,8.973,N/A,N/A,N/A,N/A,N/A,N/A,N/A,N/A,N/A,N/A,N/A,N/A,N/A,N/A,N/A,N/A,1.000,0.000,0.000,0.000,0.000,0.000,1.000,0.000,0.000,0.000,0.000,0.400,0.000,0.200,0.000,0.200,0.200
Pedestrian - StL Pedestrian Index,,Cadillac Summit and Trails Pedestrian Only,no,N/A,no,,Cadillac Summit and Trails Pedestrian Only,no,N/A,no,3: Wednesday (W-W),17: 4pm (4pm-5pm),47,N/A,N/A,0.3,0.3,N/A,N/A,17.518,N/A,N/A,N/A,N/A,N/A,N/A,N/A,N/A,N/A,N/A,N/A,N/A,N/A,N/A,N/A,N/A,1.000,0.000,0.000,0.000,0.000,0.000,0.000,1.000,0.000,0.000,0.000,0.000,0.000,0.000,0.333,0.000,0.667
Pedestrian - StL Pedestrian Index,,Cadillac Summit and Trails Pedestrian Only,no,N/A,no,,Cadillac Summit and Trails Pedestrian Only,no,N/A,no,3: Wednesday (W-W),18: 5pm (5pm-6pm),83,N/A,N/A,0.3,0.3,N/A,N/A,8.996,N/A,N/A,N/A,N/A,N/A,N/A,N/A,N/A,N/A,N/A,N/A,N/A,N/A,N/A,N/A,N/A,1.000,0.000,0.000,0.000,0.000,0.000,0.500,0.500,0.000,0.000,0.000,0.000,0.000,0.333,0.000,0.000,0.667
Pedestrian - StL Pedestrian Index,,Cadillac Summit and Trails Pedestrian Only,no,N/A,no,,Cadillac Summit and Trails Pedestrian Only,no,N/A,no,3: Wednesday (W-W),19: 6pm (6pm-7pm),41,N/A,N/A,0.2,0.2,N/A,N/A,1.772,N/A,N/A,N/A,N/A,N/A,N/A,N/A,N/A,N/A,N/A,N/A,N/A,N/A,N/A,N/A,N/A,1.000,0.000,0.000,0.000,0.000,0.000,0.667,0.333,0.000,0.000,0.000,0.667,0.333,0.000,0.000,0.000,0.000
Pedestrian - StL Pedestrian Index,,Cadillac Summit and Trails Pedestrian Only,no,N/A,no,,Cadillac Summit and Trails Pedestrian Only,no,N/A,no,3: Wednesday (W-W),20: 7pm (7pm-8pm),77,N/A,N/A,0.2,0.2,N/A,N/A,10.521,N/A,N/A,N/A,N/A,N/A,N/A,N/A,N/A,N/A,N/A,N/A,N/A,N/A,N/A,N/A,N/A,1.000,0.000,0.000,0.000,0.000,0.000,0.667,0.333,0.000,0.000,0.000,0.333,0.000,0.000,0.000,0.500,0.167
Pedestrian - StL Pedestrian Index,,Cadillac Summit and Trails Pedestrian Only,no,N/A,no,,Cadillac Summit and Trails Pedestrian Only,no,N/A,no,3: Wednesday (W-W),21: 8pm (8pm-9pm),15,N/A,N/A,0.2,0.2,N/A,N/A,22.271,N/A,N/A,N/A,N/A,N/A,N/A,N/A,N/A,N/A,N/A,N/A,N/A,N/A,N/A,N/A,N/A,1.000,0.000,0.000,0.000,0.000,0.000,0.000,0.000,1.000,0.000,0.000,0.000,0.000,0.000,0.000,0.000,1.000
Pedestrian - StL Pedestrian Index,,Cadillac Summit and Trails Pedestrian Only,no,N/A,no,,Cadillac Summit and Trails Pedestrian Only,no,N/A,no,3: Wednesday (W-W),22: 9pm (9pm-10pm),22,N/A,N/A,0.3,0.3,N/A,N/A,39.463,N/A,N/A,N/A,N/A,N/A,N/A,N/A,N/A,N/A,N/A,N/A,N/A,N/A,N/A,N/A,N/A,1.000,0.000,0.000,0.000,0.000,0.000,1.000,0.000,0.000,0.000,0.000,0.000,0.000,0.000,0.000,0.000,1.000
Pedestrian - StL Pedestrian Index,,Cadillac Summit and Trails Pedestrian Only,no,N/A,no,,Cadillac Summit and Trails Pedestrian Only,no,N/A,no,4: Thursday (Th-Th),00: All Day (12am-12am),1220,1015,1015,0.2,0.2,N/A,N/A,6.114,0.359,0.333,0.205,0.026,0.051,0.000,0.013,0.000,0.013,0.000,0.000,0.000,0.000,0.000,0.000,0.000,0.987,0.013,0.000,0.000,0.000,0.000,0.538,0.372,0.077,0.013,0.000,0.526,0.154,0.128,0.038,0.013,0.141
Pedestrian - StL Pedestrian Index,,Cadillac Summit and Trails Pedestrian Only,no,N/A,no,,Cadillac Summit and Trails Pedestrian Only,no,N/A,no,4: Thursday (Th-Th),05: 4am (4am-5am),60,N/A,N/A,0.1,0.1,N/A,N/A,1.444,N/A,N/A,N/A,N/A,N/A,N/A,N/A,N/A,N/A,N/A,N/A,N/A,N/A,N/A,N/A,N/A,1.000,0.000,0.000,0.000,0.000,0.000,0.250,0.000,0.750,0.000,0.000,1.000,0.000,0.000,0.000,0.000,0.000
Pedestrian - StL Pedestrian Index,,Cadillac Summit and Trails Pedestrian Only,no,N/A,no,,Cadillac Summit and Trails Pedestrian Only,no,N/A,no,4: Thursday (Th-Th),06: 5am (5am-6am),80,N/A,N/A,0.2,0.2,N/A,N/A,4.427,N/A,N/A,N/A,N/A,N/A,N/A,N/A,N/A,N/A,N/A,N/A,N/A,N/A,N/A,N/A,N/A,1.000,0.000,0.000,0.000,0.000,0.000,0.800,0.200,0.000,0.000,0.000,0.400,0.200,0.000,0.000,0.000,0.400
Pedestrian - StL Pedestrian Index,,Cadillac Summit and Trails Pedestrian Only,no,N/A,no,,Cadillac Summit and Trails Pedestrian Only,no,N/A,no,4: Thursday (Th-Th),07: 6am (6am-7am),20,N/A,N/A,0.2,0.2,N/A,N/A,2.916,N/A,N/A,N/A,N/A,N/A,N/A,N/A,N/A,N/A,N/A,N/A,N/A,N/A,N/A,N/A,N/A,1.000,0.000,0.000,0.000,0.000,0.000,1.000,0.000,0.000,0.000,0.000,0.000,1.000,0.000,0.000,0.000,0.000
Pedestrian - StL Pedestrian Index,,Cadillac Summit and Trails Pedestrian Only,no,N/A,no,,Cadillac Summit and Trails Pedestrian Only,no,N/A,no,4: Thursday (Th-Th),10: 9am (9am-10am),46,N/A,N/A,0.2,0.2,N/A,N/A,2.367,N/A,N/A,N/A,N/A,N/A,N/A,N/A,N/A,N/A,N/A,N/A,N/A,N/A,N/A,N/A,N/A,1.000,0.000,0.000,0.000,0.000,0.000,0.667,0.333,0.000,0.000,0.000,0.667,0.000,0.000,0.333,0.000,0.000
Pedestrian - StL Pedestrian Index,,Cadillac Summit and Trails Pedestrian Only,no,N/A,no,,Cadillac Summit and Trails Pedestrian Only,no,N/A,no,4: Thursday (Th-Th),11: 10am (10am-11am),52,N/A,N/A,0.2,0.2,N/A,N/A,2.430,N/A,N/A,N/A,N/A,N/A,N/A,N/A,N/A,N/A,N/A,N/A,N/A,N/A,N/A,N/A,N/A,1.000,0.000,0.000,0.000,0.000,0.000,0.500,0.500,0.000,0.000,0.000,0.500,0.000,0.500,0.000,0.000,0.000
Pedestrian - StL Pedestrian Index,,Cadillac Summit and Trails Pedestrian Only,no,N/A,no,,Cadillac Summit and Trails Pedestrian Only,no,N/A,no,4: Thursday (Th-Th),12: 11am (11am-12noon),178,N/A,N/A,0.3,0.3,N/A,N/A,4.733,N/A,N/A,N/A,N/A,N/A,N/A,N/A,N/A,N/A,N/A,N/A,N/A,N/A,N/A,N/A,N/A,0.909,0.091,0.000,0.000,0.000,0.000,0.455,0.455,0.000,0.091,0.000,0.636,0.091,0.091,0.000,0.000,0.182
Pedestrian - StL Pedestrian Index,,Cadillac Summit and Trails Pedestrian Only,no,N/A,no,,Cadillac Summit and Trails Pedestrian Only,no,N/A,no,4: Thursday (Th-Th),13: 12pm (12noon-1pm),119,N/A,N/A,0.3,0.3,N/A,N/A,2.474,N/A,N/A,N/A,N/A,N/A,N/A,N/A,N/A,N/A,N/A,N/A,N/A,N/A,N/A,N/A,N/A,1.000,0.000,0.000,0.000,0.000,0.000,0.714,0.143,0.143,0.000,0.000,0.571,0.143,0.143,0.000,0.143,0.000
Pedestrian - StL Pedestrian Index,,Cadillac Summit and Trails Pedestrian Only,no,N/A,no,,Cadillac Summit and Trails Pedestrian Only,no,N/A,no,4: Thursday (Th-Th),14: 1pm (1pm-2pm),96,N/A,N/A,0.2,0.2,N/A,N/A,1.669,N/A,N/A,N/A,N/A,N/A,N/A,N/A,N/A,N/A,N/A,N/A,N/A,N/A,N/A,N/A,N/A,1.000,0.000,0.000,0.000,0.000,0.000,0.333,0.500,0.167,0.000,0.000,0.833,0.167,0.000,0.000,0.000,0.000
Pedestrian - StL Pedestrian Index,,Cadillac Summit and Trails Pedestrian Only,no,N/A,no,,Cadillac Summit and Trails Pedestrian Only,no,N/A,no,4: Thursday (Th-Th),15: 2pm (2pm-3pm),73,N/A,N/A,0.2,0.2,N/A,N/A,5.682,N/A,N/A,N/A,N/A,N/A,N/A,N/A,N/A,N/A,N/A,N/A,N/A,N/A,N/A,N/A,N/A,1.000,0.000,0.000,0.000,0.000,0.000,0.800,0.000,0.200,0.000,0.000,0.400,0.000,0.400,0.000,0.000,0.200
Pedestrian - StL Pedestrian Index,,Cadillac Summit and Trails Pedestrian Only,no,N/A,no,,Cadillac Summit and Trails Pedestrian Only,no,N/A,no,4: Thursday (Th-Th),16: 3pm (3pm-4pm),83,N/A,N/A,0.2,0.2,N/A,N/A,2.122,N/A,N/A,N/A,N/A,N/A,N/A,N/A,N/A,N/A,N/A,N/A,N/A,N/A,N/A,N/A,N/A,1.000,0.000,0.000,0.000,0.000,0.000,0.400,0.600,0.000,0.000,0.000,0.400,0.400,0.200,0.000,0.000,0.000
Pedestrian - StL Pedestrian Index,,Cadillac Summit and Trails Pedestrian Only,no,N/A,no,,Cadillac Summit and Trails Pedestrian Only,no,N/A,no,4: Thursday (Th-Th),17: 4pm (4pm-5pm),152,N/A,N/A,0.3,0.3,N/A,N/A,12.371,N/A,N/A,N/A,N/A,N/A,N/A,N/A,N/A,N/A,N/A,N/A,N/A,N/A,N/A,N/A,N/A,1.000,0.000,0.000,0.000,0.000,0.000,0.556,0.444,0.000,0.000,0.000,0.334,0.333,0.000,0.000,0.000,0.333
Pedestrian - StL Pedestrian Index,,Cadillac Summit and Trails Pedestrian Only,no,N/A,no,,Cadillac Summit and Trails Pedestrian Only,no,N/A,no,4: Thursday (Th-Th),18: 5pm (5pm-6pm),138,N/A,N/A,0.2,0.2,N/A,N/A,7.605,N/A,N/A,N/A,N/A,N/A,N/A,N/A,N/A,N/A,N/A,N/A,N/A,N/A,N/A,N/A,N/A,1.000,0.000,0.000,0.000,0.000,0.000,0.667,0.333,0.000,0.000,0.000,0.556,0.111,0.111,0.111,0.000,0.111
Pedestrian - StL Pedestrian Index,,Cadillac Summit and Trails Pedestrian Only,no,N/A,no,,Cadillac Summit and Trails Pedestrian Only,no,N/A,no,4: Thursday (Th-Th),19: 6pm (6pm-7pm),85,N/A,N/A,0.2,0.2,N/A,N/A,18.971,N/A,N/A,N/A,N/A,N/A,N/A,N/A,N/A,N/A,N/A,N/A,N/A,N/A,N/A,N/A,N/A,1.000,0.000,0.000,0.000,0.000,0.000,0.500,0.500,0.000,0.000,0.000,0.332,0.167,0.167,0.167,0.000,0.167
Pedestrian - StL Pedestrian Index,,Cadillac Summit and Trails Pedestrian Only,no,N/A,no,,Cadillac Summit and Trails Pedestrian Only,no,N/A,no,4: Thursday (Th-Th),20: 7pm (7pm-8pm),22,N/A,N/A,0.2,0.2,N/A,N/A,2.224,N/A,N/A,N/A,N/A,N/A,N/A,N/A,N/A,N/A,N/A,N/A,N/A,N/A,N/A,N/A,N/A,1.000,0.000,0.000,0.000,0.000,0.000,0.000,1.000,0.000,0.000,0.000,0.500,0.000,0.500,0.000,0.000,0.000
Pedestrian - StL Pedestrian Index,,Cadillac Summit and Trails Pedestrian Only,no,N/A,no,,Cadillac Summit and Trails Pedestrian Only,no,N/A,no,4: Thursday (Th-Th),21: 8pm (8pm-9pm),15,N/A,N/A,0.2,0.2,N/A,N/A,12.806,N/A,N/A,N/A,N/A,N/A,N/A,N/A,N/A,N/A,N/A,N/A,N/A,N/A,N/A,N/A,N/A,1.000,0.000,0.000,0.000,0.000,0.000,0.000,1.000,0.000,0.000,0.000,0.000,0.000,0.000,0.000,0.000,1.000
Pedestrian - StL Pedestrian Index,,Cadillac Summit and Trails Pedestrian Only,no,N/A,no,,Cadillac Summit and Trails Pedestrian Only,no,N/A,no,5: Friday (F-F),00: All Day (12am-12am),918,898,898,0.2,0.2,N/A,N/A,5.488,0.420,0.274,0.242,0.032,0.000,0.032,0.000,0.000,0.000,0.000,0.000,0.000,0.000,0.000,0.000,0.000,1.000,0.000,0.000,0.000,0.000,0.000,0.597,0.258,0.129,0.016,0.000,0.549,0.177,0.016,0.032,0.032,0.194
Pedestrian - StL Pedestrian Index,,Cadillac Summit and Trails Pedestrian Only,no,N/A,no,,Cadillac Summit and Trails Pedestrian Only,no,N/A,no,5: Friday (F-F),05: 4am (4am-5am),10,N/A,N/A,0.2,0.2,N/A,N/A,1.979,N/A,N/A,N/A,N/A,N/A,N/A,N/A,N/A,N/A,N/A,N/A,N/A,N/A,N/A,N/A,N/A,1.000,0.000,0.000,0.000,0.000,0.000,1.000,0.000,0.000,0.000,0.000,1.000,0.000,0.000,0.000,0.000,0.000
Pedestrian - StL Pedestrian Index,,Cadillac Summit and Trails Pedestrian Only,no,N/A,no,,Cadillac Summit and Trails Pedestrian Only,no,N/A,no,5: Friday (F-F),06: 5am (5am-6am),40,N/A,N/A,0.1,0.1,N/A,N/A,1.465,N/A,N/A,N/A,N/A,N/A,N/A,N/A,N/A,N/A,N/A,N/A,N/A,N/A,N/A,N/A,N/A,1.000,0.000,0.000,0.000,0.000,0.000,0.000,0.500,0.500,0.000,0.000,1.000,0.000,0.000,0.000,0.000,0.000
Pedestrian - StL Pedestrian Index,,Cadillac Summit and Trails Pedestrian Only,no,N/A,no,,Cadillac Summit and Trails Pedestrian Only,no,N/A,no,5: Friday (F-F),09: 8am (8am-9am),20,N/A,N/A,0.1,0.1,N/A,N/A,1.240,N/A,N/A,N/A,N/A,N/A,N/A,N/A,N/A,N/A,N/A,N/A,N/A,N/A,N/A,N/A,N/A,1.000,0.000,0.000,0.000,0.000,0.000,1.000,0.000,0.000,0.000,0.000,1.000,0.000,0.000,0.000,0.000,0.000
Pedestrian - StL Pedestrian Index,,Cadillac Summit and Trails Pedestrian Only,no,N/A,no,,Cadillac Summit and Trails Pedestrian Only,no,N/A,no,5: Friday (F-F),10: 9am (9am-10am),35,N/A,N/A,0.2,0.2,N/A,N/A,9.006,N/A,N/A,N/A,N/A,N/A,N/A,N/A,N/A,N/A,N/A,N/A,N/A,N/A,N/A,N/A,N/A,1.000,0.000,0.000,0.000,0.000,0.000,0.333,0.667,0.000,0.000,0.000,0.667,0.000,0.000,0.000,0.000,0.333
Pedestrian - StL Pedestrian Index,,Cadillac Summit and Trails Pedestrian Only,no,N/A,no,,Cadillac Summit and Trails Pedestrian Only,no,N/A,no,5: Friday (F-F),11: 10am (10am-11am),93,N/A,N/A,0.2,0.2,N/A,N/A,18.784,N/A,N/A,N/A,N/A,N/A,N/A,N/A,N/A,N/A,N/A,N/A,N/A,N/A,N/A,N/A,N/A,1.000,0.000,0.000,0.000,0.000,0.000,0.500,0.333,0.167,0.000,0.000,0.167,0.333,0.000,0.000,0.000,0.500
Pedestrian - StL Pedestrian Index,,Cadillac Summit and Trails Pedestrian Only,no,N/A,no,,Cadillac Summit and Trails Pedestrian Only,no,N/A,no,5: Friday (F-F),12: 11am (11am-12noon),98,N/A,N/A,0.2,0.2,N/A,N/A,4.460,N/A,N/A,N/A,N/A,N/A,N/A,N/A,N/A,N/A,N/A,N/A,N/A,N/A,N/A,N/A,N/A,1.000,0.000,0.000,0.000,0.000,0.000,0.857,0.143,0.000,0.000,0.000,0.286,0.428,0.000,0.143,0.000,0.143
Pedestrian - StL Pedestrian Index,,Cadillac Summit and Trails Pedestrian Only,no,N/A,no,,Cadillac Summit and Trails Pedestrian Only,no,N/A,no,5: Friday (F-F),13: 12pm (12noon-1pm),68,N/A,N/A,0.2,0.2,N/A,N/A,3.498,N/A,N/A,N/A,N/A,N/A,N/A,N/A,N/A,N/A,N/A,N/A,N/A,N/A,N/A,N/A,N/A,1.000,0.000,0.000,0.000,0.000,0.000,1.000,0.000,0.000,0.000,0.000,0.750,0.000,0.000,0.000,0.000,0.250
Pedestrian - StL Pedestrian Index,,Cadillac Summit and Trails Pedestrian Only,no,N/A,no,,Cadillac Summit and Trails Pedestrian Only,no,N/A,no,5: Friday (F-F),14: 1pm (1pm-2pm),130,N/A,N/A,0.1,0.1,N/A,N/A,4.239,N/A,N/A,N/A,N/A,N/A,N/A,N/A,N/A,N/A,N/A,N/A,N/A,N/A,N/A,N/A,N/A,1.000,0.000,0.000,0.000,0.000,0.000,0.667,0.111,0.111,0.111,0.000,0.667,0.111,0.000,0.000,0.000,0.222
Pedestrian - StL Pedestrian Index,,Cadillac Summit and Trails Pedestrian Only,no,N/A,no,,Cadillac Summit and Trails Pedestrian Only,no,N/A,no,5: Friday (F-F),15: 2pm (2pm-3pm),66,N/A,N/A,0.2,0.2,N/A,N/A,2.187,N/A,N/A,N/A,N/A,N/A,N/A,N/A,N/A,N/A,N/A,N/A,N/A,N/A,N/A,N/A,N/A,1.000,0.000,0.000,0.000,0.000,0.000,0.200,0.600,0.200,0.000,0.000,0.400,0.600,0.000,0.000,0.000,0.000
Pedestrian - StL Pedestrian Index,,Cadillac Summit and Trails Pedestrian Only,no,N/A,no,,Cadillac Summit and Trails Pedestrian Only,no,N/A,no,5: Friday (F-F),16: 3pm (3pm-4pm),92,N/A,N/A,0.2,0.2,N/A,N/A,3.180,N/A,N/A,N/A,N/A,N/A,N/A,N/A,N/A,N/A,N/A,N/A,N/A,N/A,N/A,N/A,N/A,1.000,0.000,0.000,0.000,0.000,0.000,0.833,0.000,0.167,0.000,0.000,0.499,0.167,0.167,0.000,0.000,0.167
Pedestrian - StL Pedestrian Index,,Cadillac Summit and Trails Pedestrian Only,no,N/A,no,,Cadillac Summit and Trails Pedestrian Only,no,N/A,no,5: Friday (F-F),17: 4pm (4pm-5pm),48,N/A,N/A,0.2,0.2,N/A,N/A,8.321,N/A,N/A,N/A,N/A,N/A,N/A,N/A,N/A,N/A,N/A,N/A,N/A,N/A,N/A,N/A,N/A,1.000,0.000,0.000,0.000,0.000,0.000,0.667,0.333,0.000,0.000,0.000,0.334,0.000,0.000,0.000,0.333,0.333
Pedestrian - StL Pedestrian Index,,Cadillac Summit and Trails Pedestrian Only,no,N/A,no,,Cadillac Summit and Trails Pedestrian Only,no,N/A,no,5: Friday (F-F),18: 5pm (5pm-6pm),108,N/A,N/A,0.2,0.2,N/A,N/A,4.032,N/A,N/A,N/A,N/A,N/A,N/A,N/A,N/A,N/A,N/A,N/A,N/A,N/A,N/A,N/A,N/A,1.000,0.000,0.000,0.000,0.000,0.000,0.714,0.286,0.000,0.000,0.000,0.714,0.000,0.000,0.143,0.000,0.143
Pedestrian - StL Pedestrian Index,,Cadillac Summit and Trails Pedestrian Only,no,N/A,no,,Cadillac Summit and Trails Pedestrian Only,no,N/A,no,5: Friday (F-F),19: 6pm (6pm-7pm),19,N/A,N/A,0.1,0.1,N/A,N/A,1.671,N/A,N/A,N/A,N/A,N/A,N/A,N/A,N/A,N/A,N/A,N/A,N/A,N/A,N/A,N/A,N/A,1.000,0.000,0.000,0.000,0.000,0.000,0.000,0.000,1.000,0.000,0.000,1.000,0.000,0.000,0.000,0.000,0.000
Pedestrian - StL Pedestrian Index,,Cadillac Summit and Trails Pedestrian Only,no,N/A,no,,Cadillac Summit and Trails Pedestrian Only,no,N/A,no,5: Friday (F-F),20: 7pm (7pm-8pm),68,N/A,N/A,0.1,0.1,N/A,N/A,4.737,N/A,N/A,N/A,N/A,N/A,N/A,N/A,N/A,N/A,N/A,N/A,N/A,N/A,N/A,N/A,N/A,1.000,0.000,0.000,0.000,0.000,0.000,0.400,0.600,0.000,0.000,0.000,0.400,0.200,0.000,0.000,0.200,0.200
Pedestrian - StL Pedestrian Index,,Cadillac Summit and Trails Pedestrian Only,no,N/A,no,,Cadillac Summit and Trails Pedestrian Only,no,N/A,no,5: Friday (F-F),22: 9pm (9pm-10pm),21,N/A,N/A,0.1,0.1,N/A,N/A,1.230,N/A,N/A,N/A,N/A,N/A,N/A,N/A,N/A,N/A,N/A,N/A,N/A,N/A,N/A,N/A,N/A,1.000,0.000,0.000,0.000,0.000,0.000,0.000,0.000,1.000,0.000,0.000,1.000,0.000,0.000,0.000,0.000,0.000
Pedestrian - StL Pedestrian Index,,Cadillac Summit and Trails Pedestrian Only,no,N/A,no,,Cadillac Summit and Trails Pedestrian Only,no,N/A,no,6: Saturday (Sa-Sa),00: All Day (12am-12am),1361,1090,1090,0.3,0.3,N/A,N/A,7.473,0.226,0.381,0.238,0.107,0.024,0.000,0.012,0.012,0.000,0.000,0.000,0.000,0.000,0.000,0.000,0.000,0.976,0.000,0.012,0.000,0.012,0.000,0.679,0.190,0.095,0.012,0.012,0.404,0.131,0.167,0.048,0.048,0.202
Pedestrian - StL Pedestrian Index,,Cadillac Summit and Trails Pedestrian Only,no,N/A,no,,Cadillac Summit and Trails Pedestrian Only,no,N/A,no,6: Saturday (Sa-Sa),05: 4am (4am-5am),122,N/A,N/A,0.2,0.2,N/A,N/A,5.519,N/A,N/A,N/A,N/A,N/A,N/A,N/A,N/A,N/A,N/A,N/A,N/A,N/A,N/A,N/A,N/A,1.000,0.000,0.000,0.000,0.000,0.000,0.500,0.125,0.375,0.000,0.000,0.625,0.000,0.125,0.000,0.000,0.250
Pedestrian - StL Pedestrian Index,,Cadillac Summit and Trails Pedestrian Only,no,N/A,no,,Cadillac Summit and Trails Pedestrian Only,no,N/A,no,6: Saturday (Sa-Sa),06: 5am (5am-6am),34,N/A,N/A,0.1,0.1,N/A,N/A,3.687,N/A,N/A,N/A,N/A,N/A,N/A,N/A,N/A,N/A,N/A,N/A,N/A,N/A,N/A,N/A,N/A,1.000,0.000,0.000,0.000,0.000,0.000,0.000,0.500,0.500,0.000,0.000,0.500,0.000,0.000,0.000,0.500,0.000
Pedestrian - StL Pedestrian Index,,Cadillac Summit and Trails Pedestrian Only,no,N/A,no,,Cadillac Summit and Trails Pedestrian Only,no,N/A,no,6: Saturday (Sa-Sa),07: 6am (6am-7am),39,N/A,N/A,0.2,0.2,N/A,N/A,2.628,N/A,N/A,N/A,N/A,N/A,N/A,N/A,N/A,N/A,N/A,N/A,N/A,N/A,N/A,N/A,N/A,1.000,0.000,0.000,0.000,0.000,0.000,1.000,0.000,0.000,0.000,0.000,0.500,0.000,0.500,0.000,0.000,0.000
Pedestrian - StL Pedestrian Index,,Cadillac Summit and Trails Pedestrian Only,no,N/A,no,,Cadillac Summit and Trails Pedestrian Only,no,N/A,no,6: Saturday (Sa-Sa),08: 7am (7am-8am),38,N/A,N/A,0.2,0.2,N/A,N/A,1.290,N/A,N/A,N/A,N/A,N/A,N/A,N/A,N/A,N/A,N/A,N/A,N/A,N/A,N/A,N/A,N/A,1.000,0.000,0.000,0.000,0.000,0.000,0.500,0.500,0.000,0.000,0.000,1.000,0.000,0.000,0.000,0.000,0.000
Pedestrian - StL Pedestrian Index,,Cadillac Summit and Trails Pedestrian Only,no,N/A,no,,Cadillac Summit and Trails Pedestrian Only,no,N/A,no,6: Saturday (Sa-Sa),09: 8am (8am-9am),34,N/A,N/A,0.2,0.2,N/A,N/A,18.185,N/A,N/A,N/A,N/A,N/A,N/A,N/A,N/A,N/A,N/A,N/A,N/A,N/A,N/A,N/A,N/A,1.000,0.000,0.000,0.000,0.000,0.000,0.500,0.000,0.500,0.000,0.000,0.000,0.500,0.000,0.000,0.000,0.500
Pedestrian - StL Pedestrian Index,,Cadillac Summit and Trails Pedestrian Only,no,N/A,no,,Cadillac Summit and Trails Pedestrian Only,no,N/A,no,6: Saturday (Sa-Sa),10: 9am (9am-10am),58,N/A,N/A,0.1,0.1,N/A,N/A,1.372,N/A,N/A,N/A,N/A,N/A,N/A,N/A,N/A,N/A,N/A,N/A,N/A,N/A,N/A,N/A,N/A,1.000,0.000,0.000,0.000,0.000,0.000,1.000,0.000,0.000,0.000,0.000,1.000,0.000,0.000,0.000,0.000,0.000
Pedestrian - StL Pedestrian Index,,Cadillac Summit and Trails Pedestrian Only,no,N/A,no,,Cadillac Summit and Trails Pedestrian Only,no,N/A,no,6: Saturday (Sa-Sa),11: 10am (10am-11am),142,N/A,N/A,0.2,0.2,N/A,N/A,10.234,N/A,N/A,N/A,N/A,N/A,N/A,N/A,N/A,N/A,N/A,N/A,N/A,N/A,N/A,N/A,N/A,1.000,0.000,0.000,0.000,0.000,0.000,0.750,0.250,0.000,0.000,0.000,0.500,0.125,0.125,0.000,0.000,0.250
Pedestrian - StL Pedestrian Index,,Cadillac Summit and Trails Pedestrian Only,no,N/A,no,,Cadillac Summit and Trails Pedestrian Only,no,N/A,no,6: Saturday (Sa-Sa),12: 11am (11am-12noon),164,N/A,N/A,0.7,0.7,N/A,N/A,18.055,N/A,N/A,N/A,N/A,N/A,N/A,N/A,N/A,N/A,N/A,N/A,N/A,N/A,N/A,N/A,N/A,0.900,0.000,0.000,0.000,0.100,0.000,0.800,0.100,0.000,0.100,0.000,0.200,0.200,0.200,0.000,0.100,0.300
Pedestrian - StL Pedestrian Index,,Cadillac Summit and Trails Pedestrian Only,no,N/A,no,,Cadillac Summit and Trails Pedestrian Only,no,N/A,no,6: Saturday (Sa-Sa),13: 12pm (12noon-1pm),33,N/A,N/A,0.2,0.2,N/A,N/A,1.410,N/A,N/A,N/A,N/A,N/A,N/A,N/A,N/A,N/A,N/A,N/A,N/A,N/A,N/A,N/A,N/A,1.000,0.000,0.000,0.000,0.000,0.000,1.000,0.000,0.000,0.000,0.000,1.000,0.000,0.000,0.000,0.000,0.000
Pedestrian - StL Pedestrian Index,,Cadillac Summit and Trails Pedestrian Only,no,N/A,no,,Cadillac Summit and Trails Pedestrian Only,no,N/A,no,6: Saturday (Sa-Sa),14: 1pm (1pm-2pm),153,N/A,N/A,0.2,0.2,N/A,N/A,3.017,N/A,N/A,N/A,N/A,N/A,N/A,N/A,N/A,N/A,N/A,N/A,N/A,N/A,N/A,N/A,N/A,1.000,0.000,0.000,0.000,0.000,0.000,0.889,0.000,0.111,0.000,0.000,0.445,0.111,0.111,0.222,0.111,0.000
Pedestrian - StL Pedestrian Index,,Cadillac Summit and Trails Pedestrian Only,no,N/A,no,,Cadillac Summit and Trails Pedestrian Only,no,N/A,no,6: Saturday (Sa-Sa),15: 2pm (2pm-3pm),168,N/A,N/A,0.2,0.2,N/A,N/A,6.506,N/A,N/A,N/A,N/A,N/A,N/A,N/A,N/A,N/A,N/A,N/A,N/A,N/A,N/A,N/A,N/A,1.000,0.000,0.000,0.000,0.000,0.000,0.727,0.273,0.000,0.000,0.000,0.272,0.182,0.273,0.000,0.000,0.273
Pedestrian - StL Pedestrian Index,,Cadillac Summit and Trails Pedestrian Only,no,N/A,no,,Cadillac Summit and Trails Pedestrian Only,no,N/A,no,6: Saturday (Sa-Sa),16: 3pm (3pm-4pm),137,N/A,N/A,0.5,0.5,N/A,N/A,8.221,N/A,N/A,N/A,N/A,N/A,N/A,N/A,N/A,N/A,N/A,N/A,N/A,N/A,N/A,N/A,N/A,0.889,0.000,0.111,0.000,0.000,0.000,0.444,0.222,0.111,0.000,0.111,0.334,0.222,0.111,0.000,0.000,0.333
Pedestrian - StL Pedestrian Index,,Cadillac Summit and Trails Pedestrian Only,no,N/A,no,,Cadillac Summit and Trails Pedestrian Only,no,N/A,no,6: Saturday (Sa-Sa),17: 4pm (4pm-5pm),89,N/A,N/A,0.2,0.2,N/A,N/A,9.047,N/A,N/A,N/A,N/A,N/A,N/A,N/A,N/A,N/A,N/A,N/A,N/A,N/A,N/A,N/A,N/A,1.000,0.000,0.000,0.000,0.000,0.000,0.333,0.667,0.000,0.000,0.000,0.167,0.167,0.333,0.000,0.000,0.333
Pedestrian - StL Pedestrian Index,,Cadillac Summit and Trails Pedestrian Only,no,N/A,no,,Cadillac Summit and Trails Pedestrian Only,no,N/A,no,6: Saturday (Sa-Sa),18: 5pm (5pm-6pm),102,N/A,N/A,0.2,0.2,N/A,N/A,3.339,N/A,N/A,N/A,N/A,N/A,N/A,N/A,N/A,N/A,N/A,N/A,N/A,N/A,N/A,N/A,N/A,1.000,0.000,0.000,0.000,0.000,0.000,0.833,0.000,0.167,0.000,0.000,0.333,0.167,0.333,0.000,0.000,0.167
Pedestrian - StL Pedestrian Index,,Cadillac Summit and Trails Pedestrian Only,no,N/A,no,,Cadillac Summit and Trails Pedestrian Only,no,N/A,no,6: Saturday (Sa-Sa),20: 7pm (7pm-8pm),34,N/A,N/A,0.3,0.3,N/A,N/A,4.622,N/A,N/A,N/A,N/A,N/A,N/A,N/A,N/A,N/A,N/A,N/A,N/A,N/A,N/A,N/A,N/A,1.000,0.000,0.000,0.000,0.000,0.000,0.500,0.500,0.000,0.000,0.000,0.000,0.000,0.000,0.500,0.500,0.000
Pedestrian - StL Pedestrian Index,,Cadillac Summit and Trails Pedestrian Only,no,N/A,no,,Cadillac Summit and Trails Pedestrian Only,no,N/A,no,6: Saturday (Sa-Sa),22: 9pm (9pm-10pm),14,N/A,N/A,0.2,0.2,N/A,N/A,4.994,N/A,N/A,N/A,N/A,N/A,N/A,N/A,N/A,N/A,N/A,N/A,N/A,N/A,N/A,N/A,N/A,1.000,0.000,0.000,0.000,0.000,0.000,1.000,0.000,0.000,0.000,0.000,0.000,0.000,0.000,1.000,0.000,0.000
Pedestrian - StL Pedestrian Index,,Cadillac Summit and Trails Pedestrian Only,no,N/A,no,,Cadillac Summit and Trails Pedestrian Only,no,N/A,no,7: Sunday (Su-Su),00: All Day (12am-12am),1412,924,924,0.2,0.2,N/A,N/A,5.124,0.301,0.419,0.204,0.054,0.011,0.000,0.011,0.000,0.000,0.000,0.000,0.000,0.000,0.000,0.000,0.000,1.000,0.000,0.000,0.000,0.000,0.000,0.656,0.247,0.075,0.022,0.000,0.504,0.237,0.108,0.011,0.011,0.129
Pedestrian - StL Pedestrian Index,,Cadillac Summit and Trails Pedestrian Only,no,N/A,no,,Cadillac Summit and Trails Pedestrian Only,no,N/A,no,7: Sunday (Su-Su),04: 3am (3am-4am),21,N/A,N/A,0.3,0.3,N/A,N/A,3.696,N/A,N/A,N/A,N/A,N/A,N/A,N/A,N/A,N/A,N/A,N/A,N/A,N/A,N/A,N/A,N/A,1.000,0.000,0.000,0.000,0.000,0.000,0.000,1.000,0.000,0.000,0.000,0.000,0.000,1.000,0.000,0.000,0.000
Pedestrian - StL Pedestrian Index,,Cadillac Summit and Trails Pedestrian Only,no,N/A,no,,Cadillac Summit and Trails Pedestrian Only,no,N/A,no,7: Sunday (Su-Su),05: 4am (4am-5am),26,N/A,N/A,0.1,0.1,N/A,N/A,2.123,N/A,N/A,N/A,N/A,N/A,N/A,N/A,N/A,N/A,N/A,N/A,N/A,N/A,N/A,N/A,N/A,1.000,0.000,0.000,0.000,0.000,0.000,0.000,0.500,0.000,0.500,0.000,0.500,0.000,0.500,0.000,0.000,0.000
Pedestrian - StL Pedestrian Index,,Cadillac Summit and Trails Pedestrian Only,no,N/A,no,,Cadillac Summit and Trails Pedestrian Only,no,N/A,no,7: Sunday (Su-Su),06: 5am (5am-6am),81,N/A,N/A,0.1,0.1,N/A,N/A,5.565,N/A,N/A,N/A,N/A,N/A,N/A,N/A,N/A,N/A,N/A,N/A,N/A,N/A,N/A,N/A,N/A,1.000,0.000,0.000,0.000,0.000,0.000,1.000,0.000,0.000,0.000,0.000,0.800,0.000,0.000,0.000,0.000,0.200
Pedestrian - StL Pedestrian Index,,Cadillac Summit and Trails Pedestrian Only,no,N/A,no,,Cadillac Summit and Trails Pedestrian Only,no,N/A,no,7: Sunday (Su-Su),07: 6am (6am-7am),15,N/A,N/A,0.2,0.2,N/A,N/A,2.023,N/A,N/A,N/A,N/A,N/A,N/A,N/A,N/A,N/A,N/A,N/A,N/A,N/A,N/A,N/A,N/A,1.000,0.000,0.000,0.000,0.000,0.000,0.000,1.000,0.000,0.000,0.000,0.000,1.000,0.000,0.000,0.000,0.000
Pedestrian - StL Pedestrian Index,,Cadillac Summit and Trails Pedestrian Only,no,N/A,no,,Cadillac Summit and Trails Pedestrian Only,no,N/A,no,7: Sunday (Su-Su),08: 7am (7am-8am),35,N/A,N/A,0.2,0.2,N/A,N/A,3.584,N/A,N/A,N/A,N/A,N/A,N/A,N/A,N/A,N/A,N/A,N/A,N/A,N/A,N/A,N/A,N/A,1.000,0.000,0.000,0.000,0.000,0.000,1.000,0.000,0.000,0.000,0.000,0.500,0.000,0.000,0.000,0.500,0.000
Pedestrian - StL Pedestrian Index,,Cadillac Summit and Trails Pedestrian Only,no,N/A,no,,Cadillac Summit and Trails Pedestrian Only,no,N/A,no,7: Sunday (Su-Su),09: 8am (8am-9am),21,N/A,N/A,0.3,0.3,N/A,N/A,1.675,N/A,N/A,N/A,N/A,N/A,N/A,N/A,N/A,N/A,N/A,N/A,N/A,N/A,N/A,N/A,N/A,1.000,0.000,0.000,0.000,0.000,0.000,1.000,0.000,0.000,0.000,0.000,1.000,0.000,0.000,0.000,0.000,0.000
Pedestrian - StL Pedestrian Index,,Cadillac Summit and Trails Pedestrian Only,no,N/A,no,,Cadillac Summit and Trails Pedestrian Only,no,N/A,no,7: Sunday (Su-Su),10: 9am (9am-10am),31,N/A,N/A,0.2,0.2,N/A,N/A,1.961,N/A,N/A,N/A,N/A,N/A,N/A,N/A,N/A,N/A,N/A,N/A,N/A,N/A,N/A,N/A,N/A,1.000,0.000,0.000,0.000,0.000,0.000,0.500,0.000,0.500,0.000,0.000,0.500,0.500,0.000,0.000,0.000,0.000
Pedestrian - StL Pedestrian Index,,Cadillac Summit and Trails Pedestrian Only,no,N/A,no,,Cadillac Summit and Trails Pedestrian Only,no,N/A,no,7: Sunday (Su-Su),11: 10am (10am-11am),141,N/A,N/A,0.2,0.2,N/A,N/A,2.428,N/A,N/A,N/A,N/A,N/A,N/A,N/A,N/A,N/A,N/A,N/A,N/A,N/A,N/A,N/A,N/A,1.000,0.000,0.000,0.000,0.000,0.000,0.778,0.222,0.000,0.000,0.000,0.667,0.222,0.000,0.000,0.000,0.111
Pedestrian - StL Pedestrian Index,,Cadillac Summit and Trails Pedestrian Only,no,N/A,no,,Cadillac Summit and Trails Pedestrian Only,no,N/A,no,7: Sunday (Su-Su),12: 11am (11am-12noon),223,N/A,N/A,0.2,0.2,N/A,N/A,5.036,N/A,N/A,N/A,N/A,N/A,N/A,N/A,N/A,N/A,N/A,N/A,N/A,N/A,N/A,N/A,N/A,1.000,0.000,0.000,0.000,0.000,0.000,0.571,0.286,0.143,0.000,0.000,0.430,0.357,0.071,0.071,0.000,0.071
Pedestrian - StL Pedestrian Index,,Cadillac Summit and Trails Pedestrian Only,no,N/A,no,,Cadillac Summit and Trails Pedestrian Only,no,N/A,no,7: Sunday (Su-Su),13: 12pm (12noon-1pm),81,N/A,N/A,0.2,0.2,N/A,N/A,7.494,N/A,N/A,N/A,N/A,N/A,N/A,N/A,N/A,N/A,N/A,N/A,N/A,N/A,N/A,N/A,N/A,1.000,0.000,0.000,0.000,0.000,0.000,1.000,0.000,0.000,0.000,0.000,0.600,0.000,0.200,0.000,0.000,0.200
Pedestrian - StL Pedestrian Index,,Cadillac Summit and Trails Pedestrian Only,no,N/A,no,,Cadillac Summit and Trails Pedestrian Only,no,N/A,no,7: Sunday (Su-Su),14: 1pm (1pm-2pm),152,N/A,N/A,0.2,0.2,N/A,N/A,2.220,N/A,N/A,N/A,N/A,N/A,N/A,N/A,N/A,N/A,N/A,N/A,N/A,N/A,N/A,N/A,N/A,1.000,0.000,0.000,0.000,0.000,0.000,0.500,0.400,0.100,0.000,0.000,0.500,0.300,0.200,0.000,0.000,0.000
Pedestrian - StL Pedestrian Index,,Cadillac Summit and Trails Pedestrian Only,no,N/A,no,,Cadillac Summit and Trails Pedestrian Only,no,N/A,no,7: Sunday (Su-Su),15: 2pm (2pm-3pm),192,N/A,N/A,0.2,0.2,N/A,N/A,2.005,N/A,N/A,N/A,N/A,N/A,N/A,N/A,N/A,N/A,N/A,N/A,N/A,N/A,N/A,N/A,N/A,1.000,0.000,0.000,0.000,0.000,0.000,0.643,0.286,0.000,0.071,0.000,0.643,0.214,0.143,0.000,0.000,0.000
Pedestrian - StL Pedestrian Index,,Cadillac Summit and Trails Pedestrian Only,no,N/A,no,,Cadillac Summit and Trails Pedestrian Only,no,N/A,no,7: Sunday (Su-Su),16: 3pm (3pm-4pm),127,N/A,N/A,0.2,0.2,N/A,N/A,3.383,N/A,N/A,N/A,N/A,N/A,N/A,N/A,N/A,N/A,N/A,N/A,N/A,N/A,N/A,N/A,N/A,1.000,0.000,0.000,0.000,0.000,0.000,0.556,0.111,0.333,0.000,0.000,0.556,0.111,0.111,0.000,0.000,0.222
Pedestrian - StL Pedestrian Index,,Cadillac Summit and Trails Pedestrian Only,no,N/A,no,,Cadillac Summit and Trails Pedestrian Only,no,N/A,no,7: Sunday (Su-Su),17: 4pm (4pm-5pm),128,N/A,N/A,0.2,0.2,N/A,N/A,10.907,N/A,N/A,N/A,N/A,N/A,N/A,N/A,N/A,N/A,N/A,N/A,N/A,N/A,N/A,N/A,N/A,1.000,0.000,0.000,0.000,0.000,0.000,0.667,0.333,0.000,0.000,0.000,0.334,0.333,0.111,0.000,0.000,0.222
Pedestrian - StL Pedestrian Index,,Cadillac Summit and Trails Pedestrian Only,no,N/A,no,,Cadillac Summit and Trails Pedestrian Only,no,N/A,no,7: Sunday (Su-Su),18: 5pm (5pm-6pm),21,N/A,N/A,0.3,0.3,N/A,N/A,7.805,N/A,N/A,N/A,N/A,N/A,N/A,N/A,N/A,N/A,N/A,N/A,N/A,N/A,N/A,N/A,N/A,1.000,0.000,0.000,0.000,0.000,0.000,1.000,0.000,0.000,0.000,0.000,0.000,0.000,0.000,0.000,0.000,1.000
Pedestrian - StL Pedestrian Index,,Cadillac Summit and Trails Pedestrian Only,no,N/A,no,,Cadillac Summit and Trails Pedestrian Only,no,N/A,no,7: Sunday (Su-Su),19: 6pm (6pm-7pm),41,N/A,N/A,0.2,0.2,N/A,N/A,2.009,N/A,N/A,N/A,N/A,N/A,N/A,N/A,N/A,N/A,N/A,N/A,N/A,N/A,N/A,N/A,N/A,1.000,0.000,0.000,0.000,0.000,0.000,1.000,0.000,0.000,0.000,0.000,0.333,0.667,0.000,0.000,0.000,0.000
Pedestrian - StL Pedestrian Index,,Cadillac Summit and Trails Pedestrian Only,no,N/A,no,,Cadillac Summit and Trails Pedestrian Only,no,N/A,no,7: Sunday (Su-Su),20: 7pm (7pm-8pm),41,N/A,N/A,0.2,0.2,N/A,N/A,13.810,N/A,N/A,N/A,N/A,N/A,N/A,N/A,N/A,N/A,N/A,N/A,N/A,N/A,N/A,N/A,N/A,1.000,0.000,0.000,0.000,0.000,0.000,0.667,0.333,0.000,0.000,0.000,0.334,0.333,0.000,0.000,0.000,0.333
Pedestrian - StL Pedestrian Index,,Cadillac Summit and Trails Pedestrian Only,no,N/A,no,,Cadillac Summit and Trails Pedestrian Only,no,N/A,no,7: Sunday (Su-Su),21: 8pm (8pm-9pm),20,N/A,N/A,0.3,0.3,N/A,N/A,41.974,N/A,N/A,N/A,N/A,N/A,N/A,N/A,N/A,N/A,N/A,N/A,N/A,N/A,N/A,N/A,N/A,1.000,0.000,0.000,0.000,0.000,0.000,1.000,0.000,0.000,0.000,0.000,0.000,0.000,0.000,0.000,0.000,1.000
Pedestrian - StL Pedestrian Index,,Cadillac Summit and Trails Pedestrian Only,no,N/A,no,,Cadillac Summit and Trails Pedestrian Only,no,N/A,no,7: Sunday (Su-Su),22: 9pm (9pm-10pm),15,N/A,N/A,0.2,0.2,N/A,N/A,20.044,N/A,N/A,N/A,N/A,N/A,N/A,N/A,N/A,N/A,N/A,N/A,N/A,N/A,N/A,N/A,N/A,1.000,0.000,0.000,0.000,0.000,0.000,0.000,1.000,0.000,0.000,0.000,0.000,0.000,0.000,0.000,0.000,1.000
