Mode of Travel,Intersection Type,Zone ID,Zone Name,Zone Is Pass-Through,Zone Direction (degrees),Zone is Bi-Direction,Day Type,Day Part,Average Daily Zone Traffic (StL Index),Avg Travel Time (sec),Avg All Travel Time (sec),Avg Trip Length (mi),Avg All Trip Length (mi),Avg Trip Speed (mph),Avg All Trip Speed (mph),Avg All Trip Circuity,Travel Time 0-5 min (percent),Travel Time 5-10 min (percent),Travel Time 10-15 min (percent),Travel Time 15-20 min (percent),Travel Time 20-25 min (percent),Travel Time 25-30 min (percent),Travel Time 30-35 min (percent),Travel Time 35-40 min (percent),Travel Time 40-45 min (percent),Travel Time 45-50 min (percent),Travel Time 50-55 min (percent),Travel Time 55-60 min (percent),Travel Time 60+ min (percent),Trip Length 0-1 mi (percent),Trip Length 1-2 mi (percent),Trip Length 2-3 mi (percent),Trip Length 3-4 mi (percent),Trip Length 4-5 mi (percent),Trip Length 5+ mi (percent),Trip Speed 0-1 mph (percent),Trip Speed 1-2 mph (percent),Trip Speed 2-3 mph (percent),Trip Speed 3-4 mph (percent),Trip Speed 4-5 mph (percent),Circuity 1-2 (percent),Circuity 2-3 (percent),Circuity 3-4 (percent),Circuity 4-5 (percent),Circuity 5-6 (percent),Circuity 6+ (percent)
Pedestrian - StL Pedestrian Index,Trip Start,,Inverse Parking Lot,no,N/A,no,0: All Days (M-Su),00: All Day (12am-12am),817,1413,1413,0.4,0.4,1,1,4.279,0.092,0.109,0.150,0.177,0.148,0.094,0.066,0.036,0.023,0.016,0.016,0.023,0.050,0.937,0.037,0.014,0.009,0.003,0.000,0.541,0.356,0.072,0.017,0.012,0.489,0.181,0.105,0.059,0.041,0.125
Pedestrian - StL Pedestrian Index,Trip Start,,Inverse Parking Lot,no,N/A,no,0: All Days (M-Su),01: 12am (12am-1am),1,5027,5027,0.5,0.5,0,0,1.445,0.000,0.000,0.000,0.000,0.000,0.000,0.000,0.000,0.000,0.000,0.000,0.000,1.000,1.000,0.000,0.000,0.000,0.000,0.000,1.000,0.000,0.000,0.000,0.000,1.000,0.000,0.000,0.000,0.000,0.000
Pedestrian - StL Pedestrian Index,Trip Start,,Inverse Parking Lot,no,N/A,no,0: All Days (M-Su),04: 3am (3am-4am),1,250,250,0.2,0.2,4,4,3.465,1.000,0.000,0.000,0.000,0.000,0.000,0.000,0.000,0.000,0.000,0.000,0.000,0.000,1.000,0.000,0.000,0.000,0.000,0.000,0.000,0.000,0.000,1.000,0.000,0.000,0.000,1.000,0.000,0.000,0.000
Pedestrian - StL Pedestrian Index,Trip Start,,Inverse Parking Lot,no,N/A,no,0: All Days (M-Su),05: 4am (4am-5am),24,1673,1673,0.3,0.3,1,1,3.857,0.157,0.105,0.053,0.105,0.158,0.053,0.053,0.000,0.105,0.000,0.053,0.053,0.105,1.000,0.000,0.000,0.000,0.000,0.000,0.684,0.316,0.000,0.000,0.000,0.473,0.211,0.105,0.000,0.053,0.158
Pedestrian - StL Pedestrian Index,Trip Start,,Inverse Parking Lot,no,N/A,no,0: All Days (M-Su),06: 5am (5am-6am),27,1712,1712,0.5,0.5,1,1,4.446,0.000,0.048,0.283,0.143,0.048,0.143,0.048,0.048,0.000,0.048,0.000,0.143,0.048,0.952,0.000,0.000,0.048,0.000,0.000,0.810,0.143,0.000,0.048,0.000,0.476,0.143,0.143,0.048,0.095,0.095
Pedestrian - StL Pedestrian Index,Trip Start,,Inverse Parking Lot,no,N/A,no,0: All Days (M-Su),07: 6am (6am-7am),26,1187,1187,0.4,0.4,1,1,1.750,0.150,0.200,0.100,0.150,0.100,0.100,0.100,0.000,0.000,0.000,0.050,0.000,0.050,0.900,0.050,0.050,0.000,0.000,0.000,0.250,0.600,0.100,0.000,0.050,0.850,0.100,0.000,0.000,0.050,0.000
Pedestrian - StL Pedestrian Index,Trip Start,,Inverse Parking Lot,no,N/A,no,0: All Days (M-Su),08: 7am (7am-8am),5,843,843,0.4,0.4,2,2,1.965,0.000,0.500,0.000,0.000,0.500,0.000,0.000,0.000,0.000,0.000,0.000,0.000,0.000,1.000,0.000,0.000,0.000,0.000,0.000,0.250,0.500,0.000,0.000,0.250,0.250,0.750,0.000,0.000,0.000,0.000
Pedestrian - StL Pedestrian Index,Trip Start,,Inverse Parking Lot,no,N/A,no,0: All Days (M-Su),09: 8am (8am-9am),13,1770,1770,0.8,0.8,1,1,10.317,0.000,0.100,0.200,0.100,0.200,0.100,0.000,0.000,0.000,0.100,0.000,0.100,0.100,0.900,0.000,0.000,0.000,0.100,0.000,0.700,0.100,0.100,0.100,0.000,0.200,0.100,0.300,0.100,0.000,0.300
Pedestrian - StL Pedestrian Index,Trip Start,,Inverse Parking Lot,no,N/A,no,0: All Days (M-Su),10: 9am (9am-10am),51,1495,1495,0.4,0.4,1,1,4.638,0.100,0.075,0.075,0.200,0.175,0.075,0.150,0.000,0.050,0.000,0.025,0.000,0.075,0.925,0.050,0.025,0.000,0.000,0.000,0.575,0.350,0.050,0.025,0.000,0.500,0.175,0.100,0.075,0.050,0.100
Pedestrian - StL Pedestrian Index,Trip Start,,Inverse Parking Lot,no,N/A,no,0: All Days (M-Su),11: 10am (10am-11am),71,1306,1306,0.4,0.4,1,1,4.671,0.054,0.161,0.125,0.248,0.179,0.054,0.036,0.036,0.018,0.018,0.000,0.000,0.071,0.929,0.071,0.000,0.000,0.000,0.000,0.411,0.500,0.071,0.018,0.000,0.429,0.214,0.036,0.071,0.054,0.196
Pedestrian - StL Pedestrian Index,Trip Start,,Inverse Parking Lot,no,N/A,no,0: All Days (M-Su),12: 11am (11am-12noon),85,1666,1666,0.5,0.5,1,1,4.031,0.060,0.090,0.147,0.134,0.119,0.090,0.090,0.060,0.030,0.030,0.030,0.045,0.075,0.910,0.030,0.045,0.015,0.000,0.000,0.627,0.239,0.119,0.000,0.015,0.463,0.209,0.104,0.060,0.030,0.134
Pedestrian - StL Pedestrian Index,Trip Start,,Inverse Parking Lot,no,N/A,no,0: All Days (M-Su),13: 12pm (12noon-1pm),134,1736,1736,0.5,0.5,1,1,3.741,0.086,0.114,0.057,0.162,0.198,0.105,0.067,0.029,0.019,0.019,0.010,0.048,0.086,0.913,0.048,0.010,0.019,0.010,0.000,0.562,0.352,0.057,0.019,0.010,0.562,0.171,0.124,0.038,0.019,0.086
Pedestrian - StL Pedestrian Index,Trip Start,,Inverse Parking Lot,no,N/A,no,0: All Days (M-Su),14: 1pm (1pm-2pm),63,1374,1374,0.4,0.4,1,1,2.506,0.082,0.102,0.184,0.204,0.163,0.041,0.061,0.061,0.041,0.000,0.020,0.000,0.041,0.898,0.082,0.020,0.000,0.000,0.000,0.510,0.327,0.143,0.000,0.020,0.571,0.143,0.082,0.102,0.061,0.041
Pedestrian - StL Pedestrian Index,Trip Start,,Inverse Parking Lot,no,N/A,no,0: All Days (M-Su),15: 2pm (2pm-3pm),79,1239,1239,0.4,0.4,1,1,4.209,0.081,0.129,0.145,0.275,0.113,0.129,0.032,0.016,0.032,0.000,0.000,0.016,0.032,0.920,0.048,0.032,0.000,0.000,0.000,0.532,0.371,0.065,0.000,0.032,0.517,0.161,0.129,0.032,0.032,0.129
Pedestrian - StL Pedestrian Index,Trip Start,,Inverse Parking Lot,no,N/A,no,0: All Days (M-Su),16: 3pm (3pm-4pm),63,1103,1103,0.3,0.3,1,1,3.023,0.140,0.060,0.340,0.080,0.140,0.080,0.080,0.000,0.040,0.000,0.020,0.020,0.000,0.980,0.020,0.000,0.000,0.000,0.000,0.560,0.380,0.060,0.000,0.000,0.420,0.220,0.160,0.080,0.020,0.100
Pedestrian - StL Pedestrian Index,Trip Start,,Inverse Parking Lot,no,N/A,no,0: All Days (M-Su),17: 4pm (4pm-5pm),53,1299,1299,0.4,0.4,1,1,3.857,0.098,0.073,0.122,0.195,0.098,0.218,0.049,0.098,0.000,0.000,0.049,0.000,0.000,0.952,0.024,0.000,0.024,0.000,0.000,0.561,0.366,0.024,0.024,0.000,0.487,0.195,0.098,0.073,0.049,0.098
Pedestrian - StL Pedestrian Index,Trip Start,,Inverse Parking Lot,no,N/A,no,0: All Days (M-Su),18: 5pm (5pm-6pm),44,1085,1085,0.3,0.3,1,1,5.828,0.088,0.147,0.236,0.147,0.147,0.059,0.118,0.029,0.000,0.029,0.000,0.000,0.000,0.971,0.029,0.000,0.000,0.000,0.000,0.471,0.471,0.029,0.029,0.000,0.353,0.176,0.118,0.118,0.029,0.206
Pedestrian - StL Pedestrian Index,Trip Start,,Inverse Parking Lot,no,N/A,no,0: All Days (M-Su),19: 6pm (6pm-7pm),41,1150,1150,0.4,0.4,1,1,9.042,0.063,0.188,0.278,0.094,0.063,0.125,0.063,0.063,0.000,0.063,0.000,0.000,0.000,0.969,0.000,0.000,0.031,0.000,0.000,0.500,0.313,0.094,0.063,0.031,0.406,0.156,0.063,0.031,0.094,0.250
Pedestrian - StL Pedestrian Index,Trip Start,,Inverse Parking Lot,no,N/A,no,0: All Days (M-Su),20: 7pm (7pm-8pm),26,1263,1263,0.3,0.3,1,1,5.479,0.238,0.000,0.048,0.380,0.190,0.048,0.000,0.048,0.000,0.000,0.000,0.000,0.048,1.000,0.000,0.000,0.000,0.000,0.000,0.524,0.286,0.190,0.000,0.000,0.429,0.190,0.095,0.048,0.048,0.190
Pedestrian - StL Pedestrian Index,Trip Start,,Inverse Parking Lot,no,N/A,no,0: All Days (M-Su),21: 8pm (8pm-9pm),5,852,852,0.2,0.2,1,1,3.489,0.250,0.000,0.250,0.250,0.250,0.000,0.000,0.000,0.000,0.000,0.000,0.000,0.000,1.000,0.000,0.000,0.000,0.000,0.000,0.500,0.500,0.000,0.000,0.000,0.250,0.250,0.000,0.250,0.000,0.250
Pedestrian - StL Pedestrian Index,Trip Start,,Inverse Parking Lot,no,N/A,no,0: All Days (M-Su),22: 9pm (9pm-10pm),5,1176,1176,0.3,0.3,1,1,1.506,0.250,0.000,0.000,0.250,0.250,0.000,0.000,0.250,0.000,0.000,0.000,0.000,0.000,1.000,0.000,0.000,0.000,0.000,0.000,0.500,0.500,0.000,0.000,0.000,1.000,0.000,0.000,0.000,0.000,0.000
Pedestrian - StL Pedestrian Index,Trip Start,,Inverse Parking Lot,no,N/A,no,1: Monday (M-M),00: All Day (12am-12am),829,1483,1483,0.4,0.4,1,1,4.747,0.138,0.085,0.128,0.202,0.160,0.085,0.032,0.053,0.021,0.000,0.011,0.032,0.053,0.925,0.053,0.011,0.000,0.011,0.000,0.532,0.330,0.117,0.011,0.011,0.500,0.138,0.085,0.053,0.064,0.160
Pedestrian - StL Pedestrian Index,Trip Start,,Inverse Parking Lot,no,N/A,no,1: Monday (M-M),05: 4am (4am-5am),43,869,869,0.3,0.3,1,1,2.699,0.200,0.200,0.000,0.400,0.200,0.000,0.000,0.000,0.000,0.000,0.000,0.000,0.000,1.000,0.000,0.000,0.000,0.000,0.000,0.400,0.600,0.000,0.000,0.000,0.600,0.000,0.200,0.000,0.000,0.200
Pedestrian - StL Pedestrian Index,Trip Start,,Inverse Parking Lot,no,N/A,no,1: Monday (M-M),07: 6am (6am-7am),44,554,554,0.2,0.2,1,1,2.304,0.200,0.400,0.200,0.200,0.000,0.000,0.000,0.000,0.000,0.000,0.000,0.000,0.000,1.000,0.000,0.000,0.000,0.000,0.000,0.200,0.600,0.200,0.000,0.000,0.800,0.000,0.000,0.000,0.200,0.000
Pedestrian - StL Pedestrian Index,Trip Start,,Inverse Parking Lot,no,N/A,no,1: Monday (M-M),09: 8am (8am-9am),25,1315,1315,0.5,0.5,1,1,8.889,0.000,0.000,0.334,0.000,0.333,0.333,0.000,0.000,0.000,0.000,0.000,0.000,0.000,1.000,0.000,0.000,0.000,0.000,0.000,0.667,0.000,0.333,0.000,0.000,0.333,0.000,0.000,0.000,0.000,0.667
Pedestrian - StL Pedestrian Index,Trip Start,,Inverse Parking Lot,no,N/A,no,1: Monday (M-M),10: 9am (9am-10am),51,787,787,0.2,0.2,2,2,10.306,0.499,0.000,0.000,0.167,0.167,0.000,0.167,0.000,0.000,0.000,0.000,0.000,0.000,1.000,0.000,0.000,0.000,0.000,0.000,0.500,0.167,0.333,0.000,0.000,0.666,0.167,0.000,0.000,0.000,0.167
Pedestrian - StL Pedestrian Index,Trip Start,,Inverse Parking Lot,no,N/A,no,1: Monday (M-M),11: 10am (10am-11am),79,1657,1657,0.4,0.4,1,1,3.561,0.111,0.223,0.000,0.111,0.111,0.111,0.000,0.111,0.111,0.000,0.000,0.000,0.111,0.889,0.111,0.000,0.000,0.000,0.000,0.556,0.222,0.222,0.000,0.000,0.556,0.222,0.000,0.111,0.000,0.111
Pedestrian - StL Pedestrian Index,Trip Start,,Inverse Parking Lot,no,N/A,no,1: Monday (M-M),12: 11am (11am-12noon),63,761,761,0.3,0.3,2,2,3.665,0.285,0.143,0.143,0.143,0.143,0.143,0.000,0.000,0.000,0.000,0.000,0.000,0.000,1.000,0.000,0.000,0.000,0.000,0.000,0.286,0.429,0.143,0.000,0.143,0.714,0.143,0.000,0.000,0.000,0.143
Pedestrian - StL Pedestrian Index,Trip Start,,Inverse Parking Lot,no,N/A,no,1: Monday (M-M),13: 12pm (12noon-1pm),158,2390,2390,0.7,0.7,1,1,5.875,0.056,0.000,0.000,0.222,0.277,0.056,0.000,0.111,0.000,0.000,0.000,0.167,0.111,0.833,0.111,0.000,0.000,0.056,0.000,0.722,0.278,0.000,0.000,0.000,0.444,0.111,0.222,0.056,0.111,0.056
Pedestrian - StL Pedestrian Index,Trip Start,,Inverse Parking Lot,no,N/A,no,1: Monday (M-M),14: 1pm (1pm-2pm),73,2206,2206,0.7,0.7,1,1,3.202,0.125,0.000,0.000,0.250,0.125,0.125,0.125,0.000,0.125,0.000,0.000,0.000,0.125,0.750,0.125,0.125,0.000,0.000,0.000,0.375,0.375,0.250,0.000,0.000,0.625,0.000,0.000,0.000,0.125,0.250
Pedestrian - StL Pedestrian Index,Trip Start,,Inverse Parking Lot,no,N/A,no,1: Monday (M-M),15: 2pm (2pm-3pm),36,982,982,0.2,0.2,1,1,1.978,0.250,0.000,0.000,0.250,0.500,0.000,0.000,0.000,0.000,0.000,0.000,0.000,0.000,1.000,0.000,0.000,0.000,0.000,0.000,0.750,0.000,0.250,0.000,0.000,0.750,0.250,0.000,0.000,0.000,0.000
Pedestrian - StL Pedestrian Index,Trip Start,,Inverse Parking Lot,no,N/A,no,1: Monday (M-M),16: 3pm (3pm-4pm),78,898,898,0.2,0.2,1,1,3.750,0.000,0.111,0.667,0.000,0.111,0.111,0.000,0.000,0.000,0.000,0.000,0.000,0.000,1.000,0.000,0.000,0.000,0.000,0.000,0.667,0.333,0.000,0.000,0.000,0.222,0.334,0.222,0.111,0.000,0.111
Pedestrian - StL Pedestrian Index,Trip Start,,Inverse Parking Lot,no,N/A,no,1: Monday (M-M),17: 4pm (4pm-5pm),81,1343,1343,0.3,0.3,1,1,2.415,0.223,0.000,0.111,0.222,0.000,0.222,0.000,0.111,0.000,0.000,0.111,0.000,0.000,1.000,0.000,0.000,0.000,0.000,0.000,0.444,0.444,0.111,0.000,0.000,0.556,0.222,0.000,0.111,0.111,0.000
Pedestrian - StL Pedestrian Index,Trip Start,,Inverse Parking Lot,no,N/A,no,1: Monday (M-M),18: 5pm (5pm-6pm),36,1252,1252,0.7,0.7,2,2,5.340,0.000,0.250,0.250,0.000,0.000,0.000,0.250,0.250,0.000,0.000,0.000,0.000,0.000,0.750,0.250,0.000,0.000,0.000,0.000,0.000,0.750,0.000,0.250,0.000,0.000,0.250,0.000,0.250,0.000,0.500
Pedestrian - StL Pedestrian Index,Trip Start,,Inverse Parking Lot,no,N/A,no,1: Monday (M-M),19: 6pm (6pm-7pm),9,620,620,0.3,0.3,2,2,11.575,0.000,0.000,1.000,0.000,0.000,0.000,0.000,0.000,0.000,0.000,0.000,0.000,0.000,1.000,0.000,0.000,0.000,0.000,0.000,0.000,1.000,0.000,0.000,0.000,0.000,0.000,0.000,0.000,0.000,1.000
Pedestrian - StL Pedestrian Index,Trip Start,,Inverse Parking Lot,no,N/A,no,1: Monday (M-M),20: 7pm (7pm-8pm),43,2338,2338,0.3,0.3,1,1,9.092,0.000,0.000,0.000,0.800,0.000,0.000,0.000,0.000,0.000,0.000,0.000,0.000,0.200,1.000,0.000,0.000,0.000,0.000,0.000,1.000,0.000,0.000,0.000,0.000,0.200,0.000,0.200,0.000,0.200,0.400
Pedestrian - StL Pedestrian Index,Trip Start,,Inverse Parking Lot,no,N/A,no,1: Monday (M-M),22: 9pm (9pm-10pm),9,1260,1260,0.1,0.1,0,0,1.849,0.000,0.000,0.000,0.000,1.000,0.000,0.000,0.000,0.000,0.000,0.000,0.000,0.000,1.000,0.000,0.000,0.000,0.000,0.000,1.000,0.000,0.000,0.000,0.000,1.000,0.000,0.000,0.000,0.000,0.000
Pedestrian - StL Pedestrian Index,Trip Start,,Inverse Parking Lot,no,N/A,no,2: Tuesday (Tu-Tu),00: All Day (12am-12am),830,1490,1490,0.5,0.5,1,1,4.659,0.053,0.105,0.147,0.189,0.168,0.084,0.095,0.021,0.000,0.021,0.032,0.032,0.053,0.946,0.000,0.011,0.032,0.011,0.000,0.579,0.326,0.053,0.042,0.000,0.410,0.242,0.137,0.042,0.053,0.116
Pedestrian - StL Pedestrian Index,Trip Start,,Inverse Parking Lot,no,N/A,no,2: Tuesday (Tu-Tu),05: 4am (4am-5am),8,601,601,0.2,0.2,1,1,25.412,0.000,0.000,1.000,0.000,0.000,0.000,0.000,0.000,0.000,0.000,0.000,0.000,0.000,1.000,0.000,0.000,0.000,0.000,0.000,0.000,1.000,0.000,0.000,0.000,0.000,0.000,0.000,0.000,0.000,1.000
Pedestrian - StL Pedestrian Index,Trip Start,,Inverse Parking Lot,no,N/A,no,2: Tuesday (Tu-Tu),06: 5am (5am-6am),35,1871,1871,0.4,0.4,1,1,2.815,0.000,0.000,0.000,0.250,0.250,0.250,0.000,0.000,0.000,0.000,0.000,0.250,0.000,1.000,0.000,0.000,0.000,0.000,0.000,0.750,0.250,0.000,0.000,0.000,0.500,0.250,0.000,0.000,0.250,0.000
Pedestrian - StL Pedestrian Index,Trip Start,,Inverse Parking Lot,no,N/A,no,2: Tuesday (Tu-Tu),07: 6am (6am-7am),9,1727,1727,0.5,0.5,1,1,1.306,0.000,0.000,0.000,0.000,0.000,1.000,0.000,0.000,0.000,0.000,0.000,0.000,0.000,1.000,0.000,0.000,0.000,0.000,0.000,0.000,1.000,0.000,0.000,0.000,1.000,0.000,0.000,0.000,0.000,0.000
Pedestrian - StL Pedestrian Index,Trip Start,,Inverse Parking Lot,no,N/A,no,2: Tuesday (Tu-Tu),09: 8am (8am-9am),36,2285,2285,1.3,1.3,2,2,3.010,0.000,0.250,0.000,0.000,0.250,0.000,0.000,0.000,0.000,0.000,0.000,0.250,0.250,0.750,0.000,0.000,0.000,0.250,0.000,0.750,0.000,0.000,0.250,0.000,0.250,0.250,0.250,0.250,0.000,0.000
Pedestrian - StL Pedestrian Index,Trip Start,,Inverse Parking Lot,no,N/A,no,2: Tuesday (Tu-Tu),10: 9am (9am-10am),53,1256,1256,0.3,0.3,1,1,2.440,0.000,0.499,0.000,0.000,0.167,0.000,0.167,0.000,0.000,0.000,0.167,0.000,0.000,1.000,0.000,0.000,0.000,0.000,0.000,0.500,0.500,0.000,0.000,0.000,0.499,0.167,0.167,0.000,0.167,0.000
Pedestrian - StL Pedestrian Index,Trip Start,,Inverse Parking Lot,no,N/A,no,2: Tuesday (Tu-Tu),11: 10am (10am-11am),87,1082,1082,0.3,0.3,1,1,7.683,0.000,0.200,0.200,0.200,0.200,0.000,0.200,0.000,0.000,0.000,0.000,0.000,0.000,1.000,0.000,0.000,0.000,0.000,0.000,0.300,0.700,0.000,0.000,0.000,0.200,0.300,0.100,0.000,0.200,0.200
Pedestrian - StL Pedestrian Index,Trip Start,,Inverse Parking Lot,no,N/A,no,2: Tuesday (Tu-Tu),12: 11am (11am-12noon),137,1907,1907,0.6,0.6,1,1,7.098,0.000,0.000,0.310,0.188,0.000,0.063,0.125,0.063,0.000,0.000,0.063,0.063,0.125,0.874,0.000,0.063,0.063,0.000,0.000,0.688,0.188,0.125,0.000,0.000,0.311,0.188,0.125,0.063,0.063,0.250
Pedestrian - StL Pedestrian Index,Trip Start,,Inverse Parking Lot,no,N/A,no,2: Tuesday (Tu-Tu),13: 12pm (12noon-1pm),134,1965,1965,0.5,0.5,1,1,2.754,0.133,0.000,0.067,0.133,0.267,0.067,0.133,0.000,0.000,0.067,0.000,0.000,0.133,0.933,0.000,0.000,0.067,0.000,0.000,0.667,0.267,0.000,0.067,0.000,0.666,0.200,0.000,0.067,0.000,0.067
Pedestrian - StL Pedestrian Index,Trip Start,,Inverse Parking Lot,no,N/A,no,2: Tuesday (Tu-Tu),14: 1pm (1pm-2pm),53,1084,1084,0.3,0.3,1,1,1.582,0.167,0.000,0.167,0.167,0.332,0.000,0.167,0.000,0.000,0.000,0.000,0.000,0.000,1.000,0.000,0.000,0.000,0.000,0.000,0.500,0.333,0.167,0.000,0.000,0.833,0.167,0.000,0.000,0.000,0.000
Pedestrian - StL Pedestrian Index,Trip Start,,Inverse Parking Lot,no,N/A,no,2: Tuesday (Tu-Tu),15: 2pm (2pm-3pm),51,1000,1000,0.3,0.3,1,1,2.414,0.000,0.167,0.167,0.332,0.167,0.167,0.000,0.000,0.000,0.000,0.000,0.000,0.000,1.000,0.000,0.000,0.000,0.000,0.000,0.667,0.333,0.000,0.000,0.000,0.167,0.666,0.167,0.000,0.000,0.000
Pedestrian - StL Pedestrian Index,Trip Start,,Inverse Parking Lot,no,N/A,no,2: Tuesday (Tu-Tu),16: 3pm (3pm-4pm),52,1098,1098,0.2,0.2,1,1,3.586,0.167,0.000,0.167,0.332,0.000,0.167,0.167,0.000,0.000,0.000,0.000,0.000,0.000,1.000,0.000,0.000,0.000,0.000,0.000,0.500,0.333,0.167,0.000,0.000,0.167,0.167,0.332,0.167,0.000,0.167
Pedestrian - StL Pedestrian Index,Trip Start,,Inverse Parking Lot,no,N/A,no,2: Tuesday (Tu-Tu),17: 4pm (4pm-5pm),69,1553,1553,0.6,0.6,1,1,7.203,0.000,0.125,0.000,0.250,0.125,0.250,0.000,0.125,0.000,0.000,0.125,0.000,0.000,0.875,0.000,0.000,0.125,0.000,0.000,0.750,0.125,0.000,0.125,0.000,0.250,0.250,0.375,0.000,0.000,0.125
Pedestrian - StL Pedestrian Index,Trip Start,,Inverse Parking Lot,no,N/A,no,2: Tuesday (Tu-Tu),18: 5pm (5pm-6pm),26,1152,1152,0.5,0.5,1,1,1.702,0.000,0.000,0.333,0.000,0.667,0.000,0.000,0.000,0.000,0.000,0.000,0.000,0.000,1.000,0.000,0.000,0.000,0.000,0.000,0.000,1.000,0.000,0.000,0.000,0.667,0.333,0.000,0.000,0.000,0.000
Pedestrian - StL Pedestrian Index,Trip Start,,Inverse Parking Lot,no,N/A,no,2: Tuesday (Tu-Tu),19: 6pm (6pm-7pm),44,1135,1135,0.2,0.2,1,1,5.807,0.000,0.400,0.200,0.200,0.000,0.000,0.000,0.000,0.000,0.200,0.000,0.000,0.000,1.000,0.000,0.000,0.000,0.000,0.000,0.800,0.000,0.000,0.200,0.000,0.600,0.000,0.200,0.000,0.000,0.200
Pedestrian - StL Pedestrian Index,Trip Start,,Inverse Parking Lot,no,N/A,no,2: Tuesday (Tu-Tu),20: 7pm (7pm-8pm),25,867,867,0.3,0.3,2,2,2.324,0.334,0.000,0.000,0.333,0.333,0.000,0.000,0.000,0.000,0.000,0.000,0.000,0.000,1.000,0.000,0.000,0.000,0.000,0.000,0.333,0.333,0.333,0.000,0.000,0.334,0.333,0.333,0.000,0.000,0.000
Pedestrian - StL Pedestrian Index,Trip Start,,Inverse Parking Lot,no,N/A,no,2: Tuesday (Tu-Tu),21: 8pm (8pm-9pm),8,977,977,0.2,0.2,1,1,2.062,0.000,0.000,0.000,1.000,0.000,0.000,0.000,0.000,0.000,0.000,0.000,0.000,0.000,1.000,0.000,0.000,0.000,0.000,0.000,1.000,0.000,0.000,0.000,0.000,0.000,1.000,0.000,0.000,0.000,0.000
Pedestrian - StL Pedestrian Index,Trip Start,,Inverse Parking Lot,no,N/A,no,3: Wednesday (W-W),00: All Day (12am-12am),722,1510,1510,0.5,0.5,1,1,5.322,0.049,0.122,0.122,0.244,0.085,0.098,0.085,0.049,0.049,0.000,0.024,0.012,0.061,0.902,0.049,0.037,0.012,0.000,0.000,0.549,0.329,0.073,0.012,0.024,0.451,0.195,0.073,0.098,0.037,0.146
Pedestrian - StL Pedestrian Index,Trip Start,,Inverse Parking Lot,no,N/A,no,3: Wednesday (W-W),05: 4am (4am-5am),17,1348,1348,0.1,0.1,1,1,1.088,0.500,0.000,0.000,0.000,0.000,0.000,0.000,0.000,0.500,0.000,0.000,0.000,0.000,1.000,0.000,0.000,0.000,0.000,0.000,0.500,0.500,0.000,0.000,0.000,1.000,0.000,0.000,0.000,0.000,0.000
Pedestrian - StL Pedestrian Index,Trip Start,,Inverse Parking Lot,no,N/A,no,3: Wednesday (W-W),06: 5am (5am-6am),26,762,762,0.2,0.2,1,1,2.599,0.000,0.334,0.333,0.333,0.000,0.000,0.000,0.000,0.000,0.000,0.000,0.000,0.000,1.000,0.000,0.000,0.000,0.000,0.000,0.667,0.333,0.000,0.000,0.000,0.667,0.000,0.000,0.333,0.000,0.000
Pedestrian - StL Pedestrian Index,Trip Start,,Inverse Parking Lot,no,N/A,no,3: Wednesday (W-W),07: 6am (6am-7am),9,2045,2045,0.2,0.2,0,0,2.138,0.000,0.000,0.000,0.000,0.000,0.000,1.000,0.000,0.000,0.000,0.000,0.000,0.000,1.000,0.000,0.000,0.000,0.000,0.000,1.000,0.000,0.000,0.000,0.000,0.000,1.000,0.000,0.000,0.000,0.000
Pedestrian - StL Pedestrian Index,Trip Start,,Inverse Parking Lot,no,N/A,no,3: Wednesday (W-W),10: 9am (9am-10am),72,1958,1958,0.7,0.7,1,1,5.047,0.125,0.000,0.000,0.250,0.000,0.250,0.125,0.000,0.125,0.000,0.000,0.000,0.125,0.750,0.125,0.125,0.000,0.000,0.000,0.500,0.375,0.000,0.125,0.000,0.250,0.375,0.000,0.250,0.000,0.125
Pedestrian - StL Pedestrian Index,Trip Start,,Inverse Parking Lot,no,N/A,no,3: Wednesday (W-W),11: 10am (10am-11am),62,1679,1679,0.5,0.5,1,1,4.381,0.000,0.000,0.143,0.428,0.000,0.143,0.000,0.143,0.000,0.000,0.000,0.000,0.143,0.857,0.143,0.000,0.000,0.000,0.000,0.286,0.714,0.000,0.000,0.000,0.428,0.000,0.000,0.143,0.000,0.429
Pedestrian - StL Pedestrian Index,Trip Start,,Inverse Parking Lot,no,N/A,no,3: Wednesday (W-W),12: 11am (11am-12noon),70,2191,2191,0.8,0.8,1,1,4.435,0.000,0.125,0.125,0.125,0.000,0.000,0.250,0.000,0.000,0.000,0.125,0.125,0.125,0.750,0.000,0.250,0.000,0.000,0.000,0.625,0.125,0.250,0.000,0.000,0.375,0.250,0.000,0.125,0.125,0.125
Pedestrian - StL Pedestrian Index,Trip Start,,Inverse Parking Lot,no,N/A,no,3: Wednesday (W-W),13: 12pm (12noon-1pm),97,1888,1888,0.4,0.4,1,1,5.083,0.000,0.363,0.000,0.000,0.182,0.091,0.182,0.000,0.000,0.000,0.000,0.000,0.182,1.000,0.000,0.000,0.000,0.000,0.000,0.545,0.091,0.273,0.000,0.091,0.454,0.091,0.182,0.000,0.000,0.273
Pedestrian - StL Pedestrian Index,Trip Start,,Inverse Parking Lot,no,N/A,no,3: Wednesday (W-W),14: 1pm (1pm-2pm),62,1406,1406,0.4,0.4,1,1,2.253,0.000,0.000,0.285,0.286,0.143,0.000,0.000,0.143,0.143,0.000,0.000,0.000,0.000,1.000,0.000,0.000,0.000,0.000,0.000,0.571,0.429,0.000,0.000,0.000,0.428,0.429,0.143,0.000,0.000,0.000
Pedestrian - StL Pedestrian Index,Trip Start,,Inverse Parking Lot,no,N/A,no,3: Wednesday (W-W),15: 2pm (2pm-3pm),158,1171,1171,0.3,0.3,1,1,3.582,0.056,0.167,0.000,0.387,0.111,0.167,0.000,0.056,0.056,0.000,0.000,0.000,0.000,0.944,0.056,0.000,0.000,0.000,0.000,0.556,0.444,0.000,0.000,0.000,0.610,0.056,0.111,0.056,0.056,0.111
Pedestrian - StL Pedestrian Index,Trip Start,,Inverse Parking Lot,no,N/A,no,3: Wednesday (W-W),16: 3pm (3pm-4pm),71,1377,1377,0.3,0.3,1,1,3.215,0.000,0.000,0.375,0.125,0.250,0.000,0.125,0.000,0.000,0.000,0.125,0.000,0.000,1.000,0.000,0.000,0.000,0.000,0.000,0.875,0.000,0.125,0.000,0.000,0.250,0.375,0.125,0.000,0.125,0.125
Pedestrian - StL Pedestrian Index,Trip Start,,Inverse Parking Lot,no,N/A,no,3: Wednesday (W-W),17: 4pm (4pm-5pm),44,798,798,0.5,0.5,2,2,2.236,0.200,0.200,0.200,0.200,0.000,0.200,0.000,0.000,0.000,0.000,0.000,0.000,0.000,0.800,0.200,0.000,0.000,0.000,0.000,0.200,0.600,0.000,0.000,0.000,0.600,0.200,0.000,0.200,0.000,0.000
Pedestrian - StL Pedestrian Index,Trip Start,,Inverse Parking Lot,no,N/A,no,3: Wednesday (W-W),18: 5pm (5pm-6pm),26,930,930,0.3,0.3,1,1,3.049,0.000,0.000,0.333,0.667,0.000,0.000,0.000,0.000,0.000,0.000,0.000,0.000,0.000,1.000,0.000,0.000,0.000,0.000,0.000,0.667,0.333,0.000,0.000,0.000,0.334,0.333,0.000,0.333,0.000,0.000
Pedestrian - StL Pedestrian Index,Trip Start,,Inverse Parking Lot,no,N/A,no,3: Wednesday (W-W),19: 6pm (6pm-7pm),8,2376,2376,3.0,3.0,5,5,135.584,0.000,0.000,0.000,0.000,0.000,0.000,0.000,1.000,0.000,0.000,0.000,0.000,0.000,0.000,0.000,0.000,1.000,0.000,0.000,0.000,0.000,0.000,0.000,1.000,0.000,0.000,0.000,0.000,0.000,1.000
Pedestrian - StL Pedestrian Index,Trip Start,,Inverse Parking Lot,no,N/A,no,4: Thursday (Th-Th),00: All Day (12am-12am),851,1493,1493,0.4,0.4,1,1,4.107,0.074,0.074,0.126,0.219,0.158,0.116,0.063,0.032,0.000,0.042,0.011,0.032,0.053,0.937,0.042,0.021,0.000,0.000,0.000,0.558,0.347,0.074,0.021,0.000,0.495,0.168,0.105,0.042,0.032,0.158
Pedestrian - StL Pedestrian Index,Trip Start,,Inverse Parking Lot,no,N/A,no,4: Thursday (Th-Th),05: 4am (4am-5am),19,3462,3462,0.5,0.5,1,1,5.691,0.000,0.000,0.000,0.000,0.000,0.000,0.000,0.000,0.000,0.000,0.500,0.000,0.500,1.000,0.000,0.000,0.000,0.000,0.000,1.000,0.000,0.000,0.000,0.000,0.000,0.500,0.000,0.000,0.000,0.500
Pedestrian - StL Pedestrian Index,Trip Start,,Inverse Parking Lot,no,N/A,no,4: Thursday (Th-Th),06: 5am (5am-6am),27,1691,1691,0.3,0.3,1,1,1.901,0.000,0.000,0.000,0.334,0.000,0.333,0.000,0.333,0.000,0.000,0.000,0.000,0.000,1.000,0.000,0.000,0.000,0.000,0.000,1.000,0.000,0.000,0.000,0.000,0.667,0.333,0.000,0.000,0.000,0.000
Pedestrian - StL Pedestrian Index,Trip Start,,Inverse Parking Lot,no,N/A,no,4: Thursday (Th-Th),07: 6am (6am-7am),19,854,854,0.4,0.4,2,2,1.259,0.000,0.500,0.000,0.000,0.500,0.000,0.000,0.000,0.000,0.000,0.000,0.000,0.000,1.000,0.000,0.000,0.000,0.000,0.000,0.000,1.000,0.000,0.000,0.000,1.000,0.000,0.000,0.000,0.000,0.000
Pedestrian - StL Pedestrian Index,Trip Start,,Inverse Parking Lot,no,N/A,no,4: Thursday (Th-Th),09: 8am (8am-9am),9,715,715,0.2,0.2,1,1,3.716,0.000,0.000,1.000,0.000,0.000,0.000,0.000,0.000,0.000,0.000,0.000,0.000,0.000,1.000,0.000,0.000,0.000,0.000,0.000,0.000,1.000,0.000,0.000,0.000,0.000,0.000,1.000,0.000,0.000,0.000
Pedestrian - StL Pedestrian Index,Trip Start,,Inverse Parking Lot,no,N/A,no,4: Thursday (Th-Th),10: 9am (9am-10am),27,1394,1394,0.3,0.3,1,1,9.180,0.000,0.000,0.000,0.334,0.333,0.000,0.333,0.000,0.000,0.000,0.000,0.000,0.000,1.000,0.000,0.000,0.000,0.000,0.000,1.000,0.000,0.000,0.000,0.000,0.000,0.000,0.000,0.000,0.000,1.000
Pedestrian - StL Pedestrian Index,Trip Start,,Inverse Parking Lot,no,N/A,no,4: Thursday (Th-Th),11: 10am (10am-11am),72,1214,1214,0.3,0.3,1,1,2.664,0.000,0.250,0.125,0.250,0.125,0.125,0.000,0.000,0.000,0.125,0.000,0.000,0.000,1.000,0.000,0.000,0.000,0.000,0.000,0.500,0.500,0.000,0.000,0.000,0.375,0.375,0.000,0.125,0.125,0.000
Pedestrian - StL Pedestrian Index,Trip Start,,Inverse Parking Lot,no,N/A,no,4: Thursday (Th-Th),12: 11am (11am-12noon),96,1745,1745,0.3,0.3,1,1,3.408,0.000,0.091,0.000,0.182,0.272,0.091,0.091,0.091,0.000,0.091,0.000,0.091,0.000,1.000,0.000,0.000,0.000,0.000,0.000,0.818,0.182,0.000,0.000,0.000,0.545,0.091,0.091,0.091,0.000,0.182
Pedestrian - StL Pedestrian Index,Trip Start,,Inverse Parking Lot,no,N/A,no,4: Thursday (Th-Th),13: 12pm (12noon-1pm),108,1681,1681,0.6,0.6,1,1,5.166,0.083,0.000,0.000,0.250,0.335,0.083,0.083,0.000,0.000,0.083,0.000,0.000,0.083,0.917,0.000,0.083,0.000,0.000,0.000,0.417,0.333,0.167,0.083,0.000,0.583,0.167,0.167,0.000,0.000,0.083
Pedestrian - StL Pedestrian Index,Trip Start,,Inverse Parking Lot,no,N/A,no,4: Thursday (Th-Th),14: 1pm (1pm-2pm),55,1543,1543,0.5,0.5,1,1,2.267,0.000,0.167,0.333,0.333,0.000,0.000,0.000,0.000,0.000,0.000,0.000,0.000,0.167,0.833,0.167,0.000,0.000,0.000,0.000,0.333,0.500,0.167,0.000,0.000,0.499,0.167,0.167,0.167,0.000,0.000
Pedestrian - StL Pedestrian Index,Trip Start,,Inverse Parking Lot,no,N/A,no,4: Thursday (Th-Th),15: 2pm (2pm-3pm),80,2188,2188,0.7,0.7,1,1,4.382,0.000,0.111,0.111,0.334,0.111,0.000,0.000,0.000,0.000,0.000,0.000,0.111,0.222,0.667,0.222,0.111,0.000,0.000,0.000,0.556,0.444,0.000,0.000,0.000,0.667,0.000,0.222,0.000,0.000,0.111
Pedestrian - StL Pedestrian Index,Trip Start,,Inverse Parking Lot,no,N/A,no,4: Thursday (Th-Th),16: 3pm (3pm-4pm),27,2155,2155,0.5,0.5,1,1,4.458,0.000,0.000,0.000,0.000,0.334,0.333,0.000,0.000,0.000,0.000,0.000,0.333,0.000,0.667,0.333,0.000,0.000,0.000,0.000,0.333,0.667,0.000,0.000,0.000,0.667,0.000,0.000,0.000,0.000,0.333
Pedestrian - StL Pedestrian Index,Trip Start,,Inverse Parking Lot,no,N/A,no,4: Thursday (Th-Th),17: 4pm (4pm-5pm),62,964,964,0.2,0.2,1,1,3.892,0.143,0.143,0.143,0.143,0.143,0.285,0.000,0.000,0.000,0.000,0.000,0.000,0.000,1.000,0.000,0.000,0.000,0.000,0.000,0.714,0.286,0.000,0.000,0.000,0.571,0.000,0.143,0.000,0.143,0.143
Pedestrian - StL Pedestrian Index,Trip Start,,Inverse Parking Lot,no,N/A,no,4: Thursday (Th-Th),18: 5pm (5pm-6pm),63,1429,1429,0.2,0.2,1,1,3.640,0.000,0.000,0.143,0.285,0.143,0.143,0.286,0.000,0.000,0.000,0.000,0.000,0.000,1.000,0.000,0.000,0.000,0.000,0.000,0.857,0.143,0.000,0.000,0.000,0.143,0.285,0.143,0.143,0.143,0.143
Pedestrian - StL Pedestrian Index,Trip Start,,Inverse Parking Lot,no,N/A,no,4: Thursday (Th-Th),19: 6pm (6pm-7pm),109,1141,1141,0.4,0.4,1,1,4.029,0.167,0.000,0.333,0.167,0.000,0.167,0.083,0.000,0.000,0.083,0.000,0.000,0.000,1.000,0.000,0.000,0.000,0.000,0.000,0.417,0.333,0.167,0.083,0.000,0.334,0.333,0.083,0.000,0.000,0.250
Pedestrian - StL Pedestrian Index,Trip Start,,Inverse Parking Lot,no,N/A,no,4: Thursday (Th-Th),20: 7pm (7pm-8pm),51,723,723,0.2,0.2,2,2,6.903,0.499,0.000,0.000,0.167,0.167,0.167,0.000,0.000,0.000,0.000,0.000,0.000,0.000,1.000,0.000,0.000,0.000,0.000,0.000,0.333,0.333,0.333,0.000,0.000,0.666,0.167,0.000,0.000,0.000,0.167
Pedestrian - StL Pedestrian Index,Trip Start,,Inverse Parking Lot,no,N/A,no,4: Thursday (Th-Th),21: 8pm (8pm-9pm),9,667,667,0.2,0.2,1,1,6.556,0.000,0.000,1.000,0.000,0.000,0.000,0.000,0.000,0.000,0.000,0.000,0.000,0.000,1.000,0.000,0.000,0.000,0.000,0.000,0.000,1.000,0.000,0.000,0.000,0.000,0.000,0.000,0.000,0.000,1.000
Pedestrian - StL Pedestrian Index,Trip Start,,Inverse Parking Lot,no,N/A,no,4: Thursday (Th-Th),22: 9pm (9pm-10pm),18,1655,1655,0.5,0.5,1,1,1.509,0.000,0.000,0.000,0.500,0.000,0.000,0.000,0.500,0.000,0.000,0.000,0.000,0.000,1.000,0.000,0.000,0.000,0.000,0.000,0.500,0.500,0.000,0.000,0.000,1.000,0.000,0.000,0.000,0.000,0.000
Pedestrian - StL Pedestrian Index,Trip Start,,Inverse Parking Lot,no,N/A,no,5: Friday (F-F),00: All Day (12am-12am),870,1218,1218,0.3,0.3,1,1,4.488,0.108,0.129,0.140,0.151,0.222,0.054,0.054,0.065,0.022,0.022,0.011,0.000,0.022,0.968,0.032,0.000,0.000,0.000,0.000,0.559,0.366,0.032,0.022,0.022,0.441,0.204,0.129,0.075,0.043,0.108
Pedestrian - StL Pedestrian Index,Trip Start,,Inverse Parking Lot,no,N/A,no,5: Friday (F-F),04: 3am (3am-4am),10,250,250,0.2,0.2,4,4,3.465,1.000,0.000,0.000,0.000,0.000,0.000,0.000,0.000,0.000,0.000,0.000,0.000,0.000,1.000,0.000,0.000,0.000,0.000,0.000,0.000,0.000,0.000,1.000,0.000,0.000,0.000,1.000,0.000,0.000,0.000
Pedestrian - StL Pedestrian Index,Trip Start,,Inverse Parking Lot,no,N/A,no,5: Friday (F-F),05: 4am (4am-5am),19,860,860,0.3,0.3,1,1,3.760,0.500,0.000,0.000,0.000,0.000,0.500,0.000,0.000,0.000,0.000,0.000,0.000,0.000,1.000,0.000,0.000,0.000,0.000,0.000,0.500,0.500,0.000,0.000,0.000,0.000,0.500,0.000,0.000,0.500,0.000
Pedestrian - StL Pedestrian Index,Trip Start,,Inverse Parking Lot,no,N/A,no,5: Friday (F-F),06: 5am (5am-6am),28,1206,1206,0.3,0.3,1,1,3.314,0.000,0.000,0.667,0.000,0.000,0.000,0.333,0.000,0.000,0.000,0.000,0.000,0.000,1.000,0.000,0.000,0.000,0.000,0.000,1.000,0.000,0.000,0.000,0.000,0.334,0.000,0.333,0.000,0.333,0.000
Pedestrian - StL Pedestrian Index,Trip Start,,Inverse Parking Lot,no,N/A,no,5: Friday (F-F),07: 6am (6am-7am),18,348,348,0.1,0.1,2,2,1.198,0.500,0.500,0.000,0.000,0.000,0.000,0.000,0.000,0.000,0.000,0.000,0.000,0.000,1.000,0.000,0.000,0.000,0.000,0.000,0.000,0.500,0.500,0.000,0.000,1.000,0.000,0.000,0.000,0.000,0.000
Pedestrian - StL Pedestrian Index,Trip Start,,Inverse Parking Lot,no,N/A,no,5: Friday (F-F),08: 7am (7am-8am),28,1021,1021,0.5,0.5,2,2,1.860,0.000,0.333,0.000,0.000,0.667,0.000,0.000,0.000,0.000,0.000,0.000,0.000,0.000,1.000,0.000,0.000,0.000,0.000,0.000,0.333,0.333,0.000,0.000,0.333,0.333,0.667,0.000,0.000,0.000,0.000
Pedestrian - StL Pedestrian Index,Trip Start,,Inverse Parking Lot,no,N/A,no,5: Friday (F-F),09: 8am (8am-9am),9,2912,2912,0.4,0.4,0,0,57.111,0.000,0.000,0.000,0.000,0.000,0.000,0.000,0.000,0.000,1.000,0.000,0.000,0.000,1.000,0.000,0.000,0.000,0.000,0.000,1.000,0.000,0.000,0.000,0.000,0.000,0.000,0.000,0.000,0.000,1.000
Pedestrian - StL Pedestrian Index,Trip Start,,Inverse Parking Lot,no,N/A,no,5: Friday (F-F),10: 9am (9am-10am),46,1784,1784,0.6,0.6,1,1,2.807,0.000,0.000,0.200,0.400,0.000,0.000,0.200,0.000,0.000,0.000,0.000,0.000,0.200,0.800,0.200,0.000,0.000,0.000,0.000,0.400,0.600,0.000,0.000,0.000,0.400,0.200,0.200,0.000,0.200,0.000
Pedestrian - StL Pedestrian Index,Trip Start,,Inverse Parking Lot,no,N/A,no,5: Friday (F-F),11: 10am (10am-11am),74,1407,1407,0.5,0.5,1,1,4.169,0.125,0.000,0.000,0.250,0.500,0.000,0.000,0.000,0.000,0.000,0.000,0.000,0.125,0.875,0.125,0.000,0.000,0.000,0.000,0.500,0.375,0.000,0.125,0.000,0.500,0.375,0.000,0.000,0.000,0.125
Pedestrian - StL Pedestrian Index,Trip Start,,Inverse Parking Lot,no,N/A,no,5: Friday (F-F),12: 11am (11am-12noon),85,1355,1355,0.3,0.3,1,1,2.096,0.111,0.223,0.000,0.111,0.111,0.111,0.000,0.222,0.111,0.000,0.000,0.000,0.000,1.000,0.000,0.000,0.000,0.000,0.000,0.444,0.444,0.111,0.000,0.000,0.333,0.556,0.111,0.000,0.000,0.000
Pedestrian - StL Pedestrian Index,Trip Start,,Inverse Parking Lot,no,N/A,no,5: Friday (F-F),13: 12pm (12noon-1pm),120,952,952,0.2,0.2,1,1,3.036,0.154,0.154,0.077,0.154,0.384,0.077,0.000,0.000,0.000,0.000,0.000,0.000,0.000,1.000,0.000,0.000,0.000,0.000,0.000,0.538,0.462,0.000,0.000,0.000,0.307,0.308,0.231,0.077,0.000,0.077
Pedestrian - StL Pedestrian Index,Trip Start,,Inverse Parking Lot,no,N/A,no,5: Friday (F-F),14: 1pm (1pm-2pm),94,1422,1422,0.3,0.3,1,1,2.592,0.000,0.200,0.000,0.200,0.300,0.000,0.000,0.200,0.000,0.000,0.100,0.000,0.000,0.900,0.100,0.000,0.000,0.000,0.000,0.800,0.100,0.000,0.000,0.100,0.600,0.000,0.100,0.200,0.100,0.000
Pedestrian - StL Pedestrian Index,Trip Start,,Inverse Parking Lot,no,N/A,no,5: Friday (F-F),15: 2pm (2pm-3pm),114,1059,1059,0.3,0.3,1,1,3.180,0.083,0.083,0.250,0.334,0.000,0.167,0.083,0.000,0.000,0.000,0.000,0.000,0.000,1.000,0.000,0.000,0.000,0.000,0.000,0.500,0.500,0.000,0.000,0.000,0.416,0.167,0.167,0.083,0.000,0.167
Pedestrian - StL Pedestrian Index,Trip Start,,Inverse Parking Lot,no,N/A,no,5: Friday (F-F),16: 3pm (3pm-4pm),74,1110,1110,0.2,0.2,1,1,2.210,0.125,0.125,0.375,0.000,0.125,0.000,0.125,0.000,0.125,0.000,0.000,0.000,0.000,1.000,0.000,0.000,0.000,0.000,0.000,0.750,0.250,0.000,0.000,0.000,0.625,0.000,0.250,0.125,0.000,0.000
Pedestrian - StL Pedestrian Index,Trip Start,,Inverse Parking Lot,no,N/A,no,5: Friday (F-F),17: 4pm (4pm-5pm),30,1679,1679,0.6,0.6,1,1,2.423,0.000,0.000,0.000,0.000,0.667,0.000,0.000,0.333,0.000,0.000,0.000,0.000,0.000,1.000,0.000,0.000,0.000,0.000,0.000,0.333,0.667,0.000,0.000,0.000,0.667,0.000,0.000,0.333,0.000,0.000
Pedestrian - StL Pedestrian Index,Trip Start,,Inverse Parking Lot,no,N/A,no,5: Friday (F-F),18: 5pm (5pm-6pm),38,1393,1393,0.3,0.3,1,1,20.654,0.250,0.000,0.250,0.000,0.000,0.000,0.250,0.000,0.000,0.250,0.000,0.000,0.000,1.000,0.000,0.000,0.000,0.000,0.000,0.750,0.250,0.000,0.000,0.000,0.250,0.000,0.000,0.000,0.000,0.750
Pedestrian - StL Pedestrian Index,Trip Start,,Inverse Parking Lot,no,N/A,no,5: Friday (F-F),19: 6pm (6pm-7pm),57,1014,1014,0.3,0.3,1,1,6.700,0.000,0.333,0.333,0.000,0.167,0.000,0.000,0.167,0.000,0.000,0.000,0.000,0.000,1.000,0.000,0.000,0.000,0.000,0.000,0.667,0.167,0.167,0.000,0.000,0.500,0.167,0.000,0.000,0.000,0.333
Pedestrian - StL Pedestrian Index,Trip Start,,Inverse Parking Lot,no,N/A,no,5: Friday (F-F),20: 7pm (7pm-8pm),27,1258,1258,0.4,0.4,1,1,4.614,0.000,0.000,0.000,0.333,0.667,0.000,0.000,0.000,0.000,0.000,0.000,0.000,0.000,1.000,0.000,0.000,0.000,0.000,0.000,0.333,0.667,0.000,0.000,0.000,0.334,0.000,0.000,0.333,0.000,0.333
Pedestrian - StL Pedestrian Index,Trip Start,,Inverse Parking Lot,no,N/A,no,6: Saturday (Sa-Sa),00: All Day (12am-12am),577,1420,1420,0.4,0.4,1,1,3.946,0.138,0.092,0.232,0.108,0.138,0.046,0.062,0.015,0.031,0.015,0.000,0.015,0.108,0.923,0.046,0.000,0.031,0.000,0.000,0.462,0.400,0.108,0.015,0.015,0.614,0.108,0.062,0.077,0.031,0.108
Pedestrian - StL Pedestrian Index,Trip Start,,Inverse Parking Lot,no,N/A,no,6: Saturday (Sa-Sa),05: 4am (4am-5am),18,2912,2912,0.2,0.2,0,0,1.292,0.000,0.000,0.000,0.000,0.500,0.000,0.000,0.000,0.000,0.000,0.000,0.000,0.500,1.000,0.000,0.000,0.000,0.000,0.000,1.000,0.000,0.000,0.000,0.000,1.000,0.000,0.000,0.000,0.000,0.000
Pedestrian - StL Pedestrian Index,Trip Start,,Inverse Parking Lot,no,N/A,no,6: Saturday (Sa-Sa),06: 5am (5am-6am),37,2720,2720,1.1,1.1,1,1,12.946,0.000,0.000,0.250,0.000,0.000,0.000,0.000,0.000,0.000,0.250,0.000,0.250,0.250,0.750,0.000,0.000,0.250,0.000,0.000,0.750,0.000,0.000,0.250,0.000,0.000,0.000,0.500,0.000,0.000,0.500
Pedestrian - StL Pedestrian Index,Trip Start,,Inverse Parking Lot,no,N/A,no,6: Saturday (Sa-Sa),07: 6am (6am-7am),36,1078,1078,0.3,0.3,1,1,1.531,0.000,0.000,0.250,0.500,0.000,0.250,0.000,0.000,0.000,0.000,0.000,0.000,0.000,1.000,0.000,0.000,0.000,0.000,0.000,0.250,0.750,0.000,0.000,0.000,1.000,0.000,0.000,0.000,0.000,0.000
Pedestrian - StL Pedestrian Index,Trip Start,,Inverse Parking Lot,no,N/A,no,6: Saturday (Sa-Sa),08: 7am (7am-8am),9,311,311,0.1,0.1,1,1,2.279,0.000,1.000,0.000,0.000,0.000,0.000,0.000,0.000,0.000,0.000,0.000,0.000,0.000,1.000,0.000,0.000,0.000,0.000,0.000,0.000,1.000,0.000,0.000,0.000,0.000,1.000,0.000,0.000,0.000,0.000
Pedestrian - StL Pedestrian Index,Trip Start,,Inverse Parking Lot,no,N/A,no,6: Saturday (Sa-Sa),10: 9am (9am-10am),61,1805,1805,0.3,0.3,1,1,1.963,0.000,0.000,0.143,0.143,0.285,0.000,0.143,0.000,0.143,0.000,0.000,0.000,0.143,1.000,0.000,0.000,0.000,0.000,0.000,1.000,0.000,0.000,0.000,0.000,0.857,0.000,0.000,0.143,0.000,0.000
Pedestrian - StL Pedestrian Index,Trip Start,,Inverse Parking Lot,no,N/A,no,6: Saturday (Sa-Sa),11: 10am (10am-11am),35,1500,1500,0.6,0.6,2,2,5.355,0.250,0.250,0.000,0.000,0.250,0.000,0.000,0.000,0.000,0.000,0.000,0.000,0.250,0.750,0.250,0.000,0.000,0.000,0.000,0.250,0.250,0.500,0.000,0.000,0.750,0.000,0.000,0.000,0.000,0.250
Pedestrian - StL Pedestrian Index,Trip Start,,Inverse Parking Lot,no,N/A,no,6: Saturday (Sa-Sa),12: 11am (11am-12noon),44,1745,1745,0.5,0.5,1,1,1.196,0.200,0.000,0.200,0.000,0.200,0.000,0.200,0.000,0.000,0.000,0.000,0.000,0.200,0.800,0.200,0.000,0.000,0.000,0.000,0.600,0.200,0.200,0.000,0.000,1.000,0.000,0.000,0.000,0.000,0.000
Pedestrian - StL Pedestrian Index,Trip Start,,Inverse Parking Lot,no,N/A,no,6: Saturday (Sa-Sa),13: 12pm (12noon-1pm),106,1659,1659,0.6,0.6,1,1,3.496,0.167,0.083,0.250,0.250,0.000,0.000,0.000,0.000,0.083,0.000,0.000,0.000,0.167,0.834,0.083,0.000,0.083,0.000,0.000,0.333,0.667,0.000,0.000,0.000,0.584,0.250,0.083,0.000,0.000,0.083
Pedestrian - StL Pedestrian Index,Trip Start,,Inverse Parking Lot,no,N/A,no,6: Saturday (Sa-Sa),14: 1pm (1pm-2pm),35,494,494,0.2,0.2,2,2,3.409,0.250,0.250,0.500,0.000,0.000,0.000,0.000,0.000,0.000,0.000,0.000,0.000,0.000,1.000,0.000,0.000,0.000,0.000,0.000,0.000,0.750,0.250,0.000,0.000,0.500,0.000,0.000,0.250,0.250,0.000
Pedestrian - StL Pedestrian Index,Trip Start,,Inverse Parking Lot,no,N/A,no,6: Saturday (Sa-Sa),15: 2pm (2pm-3pm),64,892,892,0.3,0.3,2,2,6.008,0.143,0.143,0.428,0.000,0.000,0.143,0.143,0.000,0.000,0.000,0.000,0.000,0.000,1.000,0.000,0.000,0.000,0.000,0.000,0.429,0.143,0.286,0.000,0.143,0.571,0.143,0.143,0.000,0.000,0.143
Pedestrian - StL Pedestrian Index,Trip Start,,Inverse Parking Lot,no,N/A,no,6: Saturday (Sa-Sa),16: 3pm (3pm-4pm),25,559,559,0.2,0.2,2,2,1.688,0.667,0.000,0.000,0.000,0.333,0.000,0.000,0.000,0.000,0.000,0.000,0.000,0.000,1.000,0.000,0.000,0.000,0.000,0.000,0.000,1.000,0.000,0.000,0.000,1.000,0.000,0.000,0.000,0.000,0.000
Pedestrian - StL Pedestrian Index,Trip Start,,Inverse Parking Lot,no,N/A,no,6: Saturday (Sa-Sa),17: 4pm (4pm-5pm),18,1238,1238,0.3,0.3,1,1,7.451,0.000,0.000,0.500,0.000,0.000,0.000,0.500,0.000,0.000,0.000,0.000,0.000,0.000,1.000,0.000,0.000,0.000,0.000,0.000,0.500,0.500,0.000,0.000,0.000,0.500,0.000,0.000,0.000,0.000,0.500
Pedestrian - StL Pedestrian Index,Trip Start,,Inverse Parking Lot,no,N/A,no,6: Saturday (Sa-Sa),18: 5pm (5pm-6pm),36,960,960,0.2,0.2,1,1,3.694,0.000,0.250,0.250,0.250,0.250,0.000,0.000,0.000,0.000,0.000,0.000,0.000,0.000,1.000,0.000,0.000,0.000,0.000,0.000,0.500,0.500,0.000,0.000,0.000,0.500,0.000,0.000,0.250,0.000,0.250
Pedestrian - StL Pedestrian Index,Trip Start,,Inverse Parking Lot,no,N/A,no,6: Saturday (Sa-Sa),19: 6pm (6pm-7pm),18,1470,1470,0.5,0.5,1,1,4.990,0.000,0.000,0.000,0.000,0.500,0.500,0.000,0.000,0.000,0.000,0.000,0.000,0.000,1.000,0.000,0.000,0.000,0.000,0.000,0.500,0.500,0.000,0.000,0.000,0.000,0.000,0.000,0.500,0.500,0.000
Pedestrian - StL Pedestrian Index,Trip Start,,Inverse Parking Lot,no,N/A,no,6: Saturday (Sa-Sa),20: 7pm (7pm-8pm),18,1465,1465,0.4,0.4,1,1,2.370,0.000,0.000,0.500,0.000,0.000,0.000,0.000,0.500,0.000,0.000,0.000,0.000,0.000,1.000,0.000,0.000,0.000,0.000,0.000,0.500,0.000,0.500,0.000,0.000,0.000,1.000,0.000,0.000,0.000,0.000
Pedestrian - StL Pedestrian Index,Trip Start,,Inverse Parking Lot,no,N/A,no,6: Saturday (Sa-Sa),21: 8pm (8pm-9pm),9,1491,1491,0.2,0.2,1,1,4.306,0.000,0.000,0.000,0.000,1.000,0.000,0.000,0.000,0.000,0.000,0.000,0.000,0.000,1.000,0.000,0.000,0.000,0.000,0.000,1.000,0.000,0.000,0.000,0.000,0.000,0.000,0.000,1.000,0.000,0.000
Pedestrian - StL Pedestrian Index,Trip Start,,Inverse Parking Lot,no,N/A,no,6: Saturday (Sa-Sa),22: 9pm (9pm-10pm),8,136,136,0.1,0.1,2,2,1.156,1.000,0.000,0.000,0.000,0.000,0.000,0.000,0.000,0.000,0.000,0.000,0.000,0.000,1.000,0.000,0.000,0.000,0.000,0.000,0.000,1.000,0.000,0.000,0.000,1.000,0.000,0.000,0.000,0.000,0.000
Pedestrian - StL Pedestrian Index,Trip Start,,Inverse Parking Lot,no,N/A,no,7: Sunday (Su-Su),00: All Day (12am-12am),1046,1312,1312,0.4,0.4,1,1,3.024,0.094,0.145,0.171,0.128,0.103,0.145,0.068,0.017,0.043,0.009,0.017,0.034,0.026,0.940,0.043,0.017,0.000,0.000,0.000,0.530,0.393,0.060,0.000,0.017,0.538,0.188,0.120,0.043,0.026,0.085
Pedestrian - StL Pedestrian Index,Trip Start,,Inverse Parking Lot,no,N/A,no,7: Sunday (Su-Su),01: 12am (12am-1am),9,5027,5027,0.5,0.5,0,0,1.445,0.000,0.000,0.000,0.000,0.000,0.000,0.000,0.000,0.000,0.000,0.000,0.000,1.000,1.000,0.000,0.000,0.000,0.000,0.000,1.000,0.000,0.000,0.000,0.000,1.000,0.000,0.000,0.000,0.000,0.000
Pedestrian - StL Pedestrian Index,Trip Start,,Inverse Parking Lot,no,N/A,no,7: Sunday (Su-Su),05: 4am (4am-5am),43,1937,1937,0.3,0.3,1,1,2.144,0.000,0.200,0.000,0.000,0.200,0.000,0.200,0.000,0.200,0.000,0.000,0.200,0.000,1.000,0.000,0.000,0.000,0.000,0.000,1.000,0.000,0.000,0.000,0.000,0.400,0.400,0.200,0.000,0.000,0.000
Pedestrian - StL Pedestrian Index,Trip Start,,Inverse Parking Lot,no,N/A,no,7: Sunday (Su-Su),06: 5am (5am-6am),36,1654,1654,0.3,0.3,1,1,1.721,0.000,0.000,0.500,0.000,0.000,0.250,0.000,0.000,0.000,0.000,0.000,0.250,0.000,1.000,0.000,0.000,0.000,0.000,0.000,0.750,0.250,0.000,0.000,0.000,0.750,0.250,0.000,0.000,0.000,0.000
Pedestrian - StL Pedestrian Index,Trip Start,,Inverse Parking Lot,no,N/A,no,7: Sunday (Su-Su),07: 6am (6am-7am),44,2094,2094,0.9,0.9,2,2,1.800,0.200,0.000,0.000,0.000,0.200,0.000,0.200,0.000,0.000,0.000,0.200,0.000,0.200,0.600,0.200,0.200,0.000,0.000,0.000,0.400,0.400,0.000,0.000,0.200,0.800,0.200,0.000,0.000,0.000,0.000
Pedestrian - StL Pedestrian Index,Trip Start,,Inverse Parking Lot,no,N/A,no,7: Sunday (Su-Su),09: 8am (8am-9am),9,992,992,0.2,0.2,1,1,3.635,0.000,0.000,0.000,1.000,0.000,0.000,0.000,0.000,0.000,0.000,0.000,0.000,0.000,1.000,0.000,0.000,0.000,0.000,0.000,1.000,0.000,0.000,0.000,0.000,0.000,0.000,1.000,0.000,0.000,0.000
Pedestrian - StL Pedestrian Index,Trip Start,,Inverse Parking Lot,no,N/A,no,7: Sunday (Su-Su),10: 9am (9am-10am),44,1228,1228,0.4,0.4,1,1,2.670,0.000,0.000,0.200,0.200,0.400,0.200,0.000,0.000,0.000,0.000,0.000,0.000,0.000,1.000,0.000,0.000,0.000,0.000,0.000,0.200,0.800,0.000,0.000,0.000,0.400,0.200,0.400,0.000,0.000,0.000
Pedestrian - StL Pedestrian Index,Trip Start,,Inverse Parking Lot,no,N/A,no,7: Sunday (Su-Su),11: 10am (10am-11am),88,870,870,0.3,0.3,1,1,4.593,0.000,0.200,0.300,0.400,0.100,0.000,0.000,0.000,0.000,0.000,0.000,0.000,0.000,1.000,0.000,0.000,0.000,0.000,0.000,0.400,0.600,0.000,0.000,0.000,0.400,0.100,0.100,0.100,0.000,0.300
Pedestrian - StL Pedestrian Index,Trip Start,,Inverse Parking Lot,no,N/A,no,7: Sunday (Su-Su),12: 11am (11am-12noon),98,1652,1652,0.4,0.4,1,1,3.003,0.000,0.091,0.181,0.091,0.182,0.182,0.000,0.000,0.091,0.091,0.000,0.000,0.091,0.909,0.091,0.000,0.000,0.000,0.000,0.727,0.182,0.091,0.000,0.000,0.363,0.182,0.273,0.091,0.000,0.091
Pedestrian - StL Pedestrian Index,Trip Start,,Inverse Parking Lot,no,N/A,no,7: Sunday (Su-Su),13: 12pm (12noon-1pm),216,1525,1525,0.4,0.4,1,1,1.934,0.042,0.208,0.042,0.125,0.042,0.249,0.083,0.042,0.042,0.000,0.042,0.083,0.000,0.917,0.083,0.000,0.000,0.000,0.000,0.583,0.375,0.042,0.000,0.000,0.749,0.125,0.042,0.042,0.000,0.042
Pedestrian - StL Pedestrian Index,Trip Start,,Inverse Parking Lot,no,N/A,no,7: Sunday (Su-Su),14: 1pm (1pm-2pm),70,984,984,0.4,0.4,1,1,2.346,0.125,0.125,0.250,0.125,0.125,0.125,0.125,0.000,0.000,0.000,0.000,0.000,0.000,0.875,0.125,0.000,0.000,0.000,0.000,0.625,0.125,0.250,0.000,0.000,0.500,0.250,0.125,0.125,0.000,0.000
Pedestrian - StL Pedestrian Index,Trip Start,,Inverse Parking Lot,no,N/A,no,7: Sunday (Su-Su),15: 2pm (2pm-3pm),54,1195,1195,0.7,0.7,2,2,9.069,0.165,0.167,0.167,0.000,0.167,0.167,0.000,0.000,0.167,0.000,0.000,0.000,0.000,0.833,0.000,0.167,0.000,0.000,0.000,0.333,0.333,0.167,0.000,0.167,0.333,0.167,0.000,0.000,0.167,0.333
Pedestrian - StL Pedestrian Index,Trip Start,,Inverse Parking Lot,no,N/A,no,7: Sunday (Su-Su),16: 3pm (3pm-4pm),117,958,958,0.3,0.3,1,1,2.618,0.231,0.077,0.307,0.077,0.077,0.077,0.077,0.000,0.077,0.000,0.000,0.000,0.000,1.000,0.000,0.000,0.000,0.000,0.000,0.385,0.538,0.077,0.000,0.000,0.461,0.308,0.077,0.077,0.000,0.077
Pedestrian - StL Pedestrian Index,Trip Start,,Inverse Parking Lot,no,N/A,no,7: Sunday (Su-Su),17: 4pm (4pm-5pm),65,1499,1499,0.3,0.3,1,1,2.601,0.000,0.000,0.143,0.285,0.000,0.286,0.143,0.143,0.000,0.000,0.000,0.000,0.000,1.000,0.000,0.000,0.000,0.000,0.000,0.714,0.286,0.000,0.000,0.000,0.428,0.429,0.000,0.000,0.000,0.143
Pedestrian - StL Pedestrian Index,Trip Start,,Inverse Parking Lot,no,N/A,no,7: Sunday (Su-Su),18: 5pm (5pm-6pm),79,692,692,0.2,0.2,1,1,4.407,0.222,0.334,0.222,0.000,0.111,0.111,0.000,0.000,0.000,0.000,0.000,0.000,0.000,1.000,0.000,0.000,0.000,0.000,0.000,0.333,0.556,0.111,0.000,0.000,0.445,0.111,0.333,0.000,0.000,0.111
Pedestrian - StL Pedestrian Index,Trip Start,,Inverse Parking Lot,no,N/A,no,7: Sunday (Su-Su),19: 6pm (6pm-7pm),45,1085,1085,0.3,0.3,1,1,2.921,0.000,0.400,0.200,0.000,0.000,0.200,0.200,0.000,0.000,0.000,0.000,0.000,0.000,1.000,0.000,0.000,0.000,0.000,0.000,0.400,0.600,0.000,0.000,0.000,0.600,0.000,0.000,0.000,0.400,0.000
Pedestrian - StL Pedestrian Index,Trip Start,,Inverse Parking Lot,no,N/A,no,7: Sunday (Su-Su),20: 7pm (7pm-8pm),17,594,594,0.1,0.1,1,1,1.312,0.500,0.000,0.000,0.500,0.000,0.000,0.000,0.000,0.000,0.000,0.000,0.000,0.000,1.000,0.000,0.000,0.000,0.000,0.000,0.500,0.500,0.000,0.000,0.000,1.000,0.000,0.000,0.000,0.000,0.000
Pedestrian - StL Pedestrian Index,Trip Start,,Inverse Parking Lot,no,N/A,no,7: Sunday (Su-Su),21: 8pm (8pm-9pm),8,272,272,0.1,0.1,1,1,1.031,1.000,0.000,0.000,0.000,0.000,0.000,0.000,0.000,0.000,0.000,0.000,0.000,0.000,1.000,0.000,0.000,0.000,0.000,0.000,0.000,1.000,0.000,0.000,0.000,1.000,0.000,0.000,0.000,0.000,0.000
Pedestrian - StL Pedestrian Index,Trip End,,Inverse Parking Lot,no,N/A,no,0: All Days (M-Su),00: All Day (12am-12am),1152,1201,1201,0.4,0.4,1,1,3.795,0.162,0.148,0.173,0.152,0.117,0.063,0.045,0.029,0.027,0.018,0.019,0.008,0.039,0.929,0.033,0.031,0.006,0.001,0.000,0.416,0.374,0.134,0.060,0.009,0.539,0.169,0.092,0.054,0.027,0.119
Pedestrian - StL Pedestrian Index,Trip End,,Inverse Parking Lot,no,N/A,no,0: All Days (M-Su),01: 12am (12am-1am),3,2005,2005,2.0,2.0,4,4,2.656,0.000,0.000,0.000,0.500,0.000,0.000,0.000,0.000,0.000,0.500,0.000,0.000,0.000,0.000,0.500,0.500,0.000,0.000,0.000,0.000,0.000,0.000,1.000,0.000,0.500,0.000,0.500,0.000,0.000,0.000
Pedestrian - StL Pedestrian Index,Trip End,,Inverse Parking Lot,no,N/A,no,0: All Days (M-Su),04: 3am (3am-4am),3,160,160,0.2,0.2,3,3,2.332,1.000,0.000,0.000,0.000,0.000,0.000,0.000,0.000,0.000,0.000,0.000,0.000,0.000,1.000,0.000,0.000,0.000,0.000,0.000,0.000,0.000,0.000,1.000,0.000,0.500,0.000,0.500,0.000,0.000,0.000
Pedestrian - StL Pedestrian Index,Trip End,,Inverse Parking Lot,no,N/A,no,0: All Days (M-Su),05: 4am (4am-5am),53,431,431,0.2,0.2,2,2,2.108,0.581,0.186,0.140,0.023,0.047,0.000,0.000,0.023,0.000,0.000,0.000,0.000,0.000,1.000,0.000,0.000,0.000,0.000,0.000,0.140,0.326,0.372,0.163,0.000,0.814,0.093,0.047,0.000,0.023,0.023
Pedestrian - StL Pedestrian Index,Trip End,,Inverse Parking Lot,no,N/A,no,0: All Days (M-Su),06: 5am (5am-6am),42,936,936,0.3,0.3,2,2,2.148,0.311,0.125,0.219,0.063,0.063,0.094,0.000,0.031,0.031,0.000,0.063,0.000,0.000,0.969,0.031,0.000,0.000,0.000,0.000,0.313,0.281,0.156,0.219,0.031,0.624,0.188,0.094,0.031,0.000,0.063
Pedestrian - StL Pedestrian Index,Trip End,,Inverse Parking Lot,no,N/A,no,0: All Days (M-Su),07: 6am (6am-7am),46,789,789,0.2,0.2,2,2,2.743,0.387,0.167,0.222,0.000,0.056,0.056,0.000,0.028,0.028,0.028,0.000,0.028,0.000,1.000,0.000,0.000,0.000,0.000,0.000,0.333,0.111,0.361,0.194,0.000,0.777,0.028,0.111,0.000,0.028,0.056
Pedestrian - StL Pedestrian Index,Trip End,,Inverse Parking Lot,no,N/A,no,0: All Days (M-Su),08: 7am (7am-8am),1,311,311,0.1,0.1,1,1,2.279,0.000,1.000,0.000,0.000,0.000,0.000,0.000,0.000,0.000,0.000,0.000,0.000,0.000,1.000,0.000,0.000,0.000,0.000,0.000,0.000,1.000,0.000,0.000,0.000,0.000,1.000,0.000,0.000,0.000,0.000
Pedestrian - StL Pedestrian Index,Trip End,,Inverse Parking Lot,no,N/A,no,0: All Days (M-Su),09: 8am (8am-9am),8,889,889,0.3,0.3,1,1,1.732,0.167,0.333,0.333,0.000,0.000,0.000,0.000,0.000,0.167,0.000,0.000,0.000,0.000,0.833,0.167,0.000,0.000,0.000,0.000,0.500,0.333,0.167,0.000,0.000,0.833,0.000,0.167,0.000,0.000,0.000
Pedestrian - StL Pedestrian Index,Trip End,,Inverse Parking Lot,no,N/A,no,0: All Days (M-Su),10: 9am (9am-10am),47,1062,1062,0.3,0.3,1,1,4.696,0.081,0.189,0.216,0.271,0.081,0.027,0.054,0.000,0.027,0.027,0.000,0.000,0.027,0.973,0.027,0.000,0.000,0.000,0.000,0.459,0.459,0.081,0.000,0.000,0.433,0.216,0.216,0.027,0.000,0.108
Pedestrian - StL Pedestrian Index,Trip End,,Inverse Parking Lot,no,N/A,no,0: All Days (M-Su),11: 10am (10am-11am),71,1344,1344,0.5,0.5,1,1,5.275,0.107,0.196,0.143,0.161,0.125,0.054,0.107,0.000,0.018,0.000,0.018,0.000,0.071,0.911,0.000,0.071,0.018,0.000,0.000,0.429,0.411,0.089,0.054,0.000,0.464,0.196,0.054,0.107,0.054,0.125
Pedestrian - StL Pedestrian Index,Trip End,,Inverse Parking Lot,no,N/A,no,0: All Days (M-Su),12: 11am (11am-12noon),140,1280,1280,0.5,0.5,1,1,4.038,0.082,0.155,0.199,0.200,0.091,0.082,0.055,0.009,0.027,0.027,0.009,0.009,0.055,0.919,0.027,0.045,0.009,0.000,0.000,0.409,0.427,0.118,0.027,0.009,0.620,0.127,0.045,0.036,0.027,0.145
Pedestrian - StL Pedestrian Index,Trip End,,Inverse Parking Lot,no,N/A,no,0: All Days (M-Su),13: 12pm (12noon-1pm),133,1640,1640,0.5,0.5,1,1,4.420,0.135,0.048,0.135,0.182,0.115,0.067,0.038,0.058,0.029,0.058,0.019,0.029,0.087,0.884,0.048,0.058,0.010,0.000,0.000,0.500,0.385,0.096,0.019,0.000,0.510,0.163,0.096,0.048,0.048,0.135
Pedestrian - StL Pedestrian Index,Trip End,,Inverse Parking Lot,no,N/A,no,0: All Days (M-Su),14: 1pm (1pm-2pm),120,1412,1412,0.5,0.5,1,1,3.187,0.117,0.138,0.128,0.160,0.180,0.053,0.032,0.053,0.021,0.011,0.032,0.011,0.064,0.883,0.053,0.064,0.000,0.000,0.000,0.436,0.447,0.053,0.032,0.011,0.489,0.213,0.117,0.064,0.021,0.096
Pedestrian - StL Pedestrian Index,Trip End,,Inverse Parking Lot,no,N/A,no,0: All Days (M-Su),15: 2pm (2pm-3pm),126,1305,1305,0.5,0.5,1,1,3.610,0.081,0.141,0.223,0.111,0.172,0.071,0.071,0.030,0.040,0.000,0.020,0.000,0.040,0.929,0.020,0.051,0.000,0.000,0.000,0.444,0.364,0.141,0.030,0.020,0.516,0.222,0.081,0.040,0.010,0.131
Pedestrian - StL Pedestrian Index,Trip End,,Inverse Parking Lot,no,N/A,no,0: All Days (M-Su),16: 3pm (3pm-4pm),117,1120,1120,0.5,0.5,2,2,3.853,0.120,0.163,0.185,0.271,0.098,0.054,0.000,0.022,0.043,0.011,0.011,0.000,0.022,0.902,0.076,0.000,0.011,0.011,0.000,0.326,0.391,0.196,0.054,0.022,0.457,0.239,0.087,0.087,0.043,0.087
Pedestrian - StL Pedestrian Index,Trip End,,Inverse Parking Lot,no,N/A,no,0: All Days (M-Su),17: 4pm (4pm-5pm),87,1022,1022,0.3,0.3,1,1,3.041,0.206,0.147,0.206,0.088,0.118,0.103,0.059,0.029,0.000,0.000,0.015,0.000,0.029,0.985,0.015,0.000,0.000,0.000,0.000,0.441,0.382,0.118,0.059,0.000,0.544,0.118,0.074,0.103,0.029,0.132
Pedestrian - StL Pedestrian Index,Trip End,,Inverse Parking Lot,no,N/A,no,0: All Days (M-Su),18: 5pm (5pm-6pm),52,967,967,0.4,0.4,1,1,3.886,0.171,0.218,0.220,0.146,0.000,0.098,0.049,0.049,0.000,0.000,0.049,0.000,0.000,0.952,0.000,0.024,0.024,0.000,0.000,0.463,0.390,0.049,0.049,0.000,0.464,0.195,0.073,0.073,0.024,0.171
Pedestrian - StL Pedestrian Index,Trip End,,Inverse Parking Lot,no,N/A,no,0: All Days (M-Su),19: 6pm (6pm-7pm),48,1087,1087,0.3,0.3,1,1,5.143,0.108,0.244,0.108,0.108,0.162,0.081,0.081,0.054,0.027,0.027,0.000,0.000,0.000,0.973,0.027,0.000,0.000,0.000,0.000,0.541,0.243,0.108,0.081,0.027,0.514,0.135,0.108,0.027,0.027,0.189
Pedestrian - StL Pedestrian Index,Trip End,,Inverse Parking Lot,no,N/A,no,0: All Days (M-Su),20: 7pm (7pm-8pm),30,1223,1223,0.3,0.3,1,1,5.307,0.167,0.042,0.125,0.167,0.248,0.042,0.083,0.000,0.042,0.042,0.042,0.000,0.000,1.000,0.000,0.000,0.000,0.000,0.000,0.458,0.417,0.125,0.000,0.000,0.416,0.125,0.167,0.042,0.000,0.250
Pedestrian - StL Pedestrian Index,Trip End,,Inverse Parking Lot,no,N/A,no,0: All Days (M-Su),21: 8pm (8pm-9pm),14,1412,1412,0.4,0.4,1,1,3.804,0.091,0.091,0.182,0.091,0.272,0.000,0.091,0.000,0.091,0.000,0.000,0.091,0.000,0.818,0.182,0.000,0.000,0.000,0.000,0.636,0.182,0.091,0.091,0.000,0.363,0.182,0.182,0.091,0.000,0.182
Pedestrian - StL Pedestrian Index,Trip End,,Inverse Parking Lot,no,N/A,no,0: All Days (M-Su),22: 9pm (9pm-10pm),6,1216,1216,0.2,0.2,1,1,6.029,0.200,0.200,0.000,0.200,0.200,0.000,0.000,0.000,0.000,0.000,0.200,0.000,0.000,1.000,0.000,0.000,0.000,0.000,0.000,0.400,0.600,0.000,0.000,0.000,0.800,0.000,0.000,0.000,0.000,0.200
Pedestrian - StL Pedestrian Index,Trip End,,Inverse Parking Lot,no,N/A,no,0: All Days (M-Su),23: 10pm (10pm-11pm),4,2147,2147,0.4,0.4,1,1,2.351,0.334,0.000,0.000,0.000,0.000,0.000,0.333,0.000,0.000,0.000,0.000,0.000,0.333,1.000,0.000,0.000,0.000,0.000,0.000,0.667,0.333,0.000,0.000,0.000,0.667,0.000,0.000,0.333,0.000,0.000
Pedestrian - StL Pedestrian Index,Trip End,,Inverse Parking Lot,no,N/A,no,0: All Days (M-Su),24: 11pm (11pm-12am),1,1417,1417,0.1,0.1,0,0,2.903,0.000,0.000,0.000,0.000,1.000,0.000,0.000,0.000,0.000,0.000,0.000,0.000,0.000,1.000,0.000,0.000,0.000,0.000,0.000,1.000,0.000,0.000,0.000,0.000,0.000,1.000,0.000,0.000,0.000,0.000
Pedestrian - StL Pedestrian Index,Trip End,,Inverse Parking Lot,no,N/A,no,1: Monday (M-M),00: All Day (12am-12am),1302,1178,1178,0.4,0.4,2,2,3.437,0.190,0.143,0.129,0.177,0.122,0.068,0.041,0.034,0.048,0.007,0.007,0.000,0.034,0.932,0.034,0.020,0.007,0.007,0.000,0.395,0.333,0.170,0.082,0.014,0.551,0.231,0.054,0.034,0.048,0.082
Pedestrian - StL Pedestrian Index,Trip End,,Inverse Parking Lot,no,N/A,no,1: Monday (M-M),05: 4am (4am-5am),68,437,437,0.3,0.3,3,3,1.324,0.500,0.375,0.000,0.000,0.125,0.000,0.000,0.000,0.000,0.000,0.000,0.000,0.000,1.000,0.000,0.000,0.000,0.000,0.000,0.125,0.125,0.375,0.375,0.000,1.000,0.000,0.000,0.000,0.000,0.000
Pedestrian - StL Pedestrian Index,Trip End,,Inverse Parking Lot,no,N/A,no,1: Monday (M-M),06: 5am (5am-6am),65,446,446,0.2,0.2,2,2,1.938,0.428,0.286,0.143,0.143,0.000,0.000,0.000,0.000,0.000,0.000,0.000,0.000,0.000,1.000,0.000,0.000,0.000,0.000,0.000,0.143,0.429,0.286,0.000,0.143,0.857,0.000,0.000,0.000,0.000,0.143
Pedestrian - StL Pedestrian Index,Trip End,,Inverse Parking Lot,no,N/A,no,1: Monday (M-M),07: 6am (6am-7am),74,558,558,0.2,0.2,2,2,2.654,0.375,0.500,0.000,0.000,0.000,0.000,0.000,0.000,0.125,0.000,0.000,0.000,0.000,1.000,0.000,0.000,0.000,0.000,0.000,0.125,0.125,0.500,0.250,0.000,0.625,0.000,0.125,0.000,0.125,0.125
Pedestrian - StL Pedestrian Index,Trip End,,Inverse Parking Lot,no,N/A,no,1: Monday (M-M),09: 8am (8am-9am),8,2651,2651,1.1,1.1,1,1,1.364,0.000,0.000,0.000,0.000,0.000,0.000,0.000,0.000,1.000,0.000,0.000,0.000,0.000,0.000,1.000,0.000,0.000,0.000,0.000,0.000,1.000,0.000,0.000,0.000,1.000,0.000,0.000,0.000,0.000,0.000
Pedestrian - StL Pedestrian Index,Trip End,,Inverse Parking Lot,no,N/A,no,1: Monday (M-M),10: 9am (9am-10am),35,476,476,0.1,0.1,2,2,1.835,0.500,0.000,0.250,0.250,0.000,0.000,0.000,0.000,0.000,0.000,0.000,0.000,0.000,1.000,0.000,0.000,0.000,0.000,0.000,0.250,0.250,0.500,0.000,0.000,0.500,0.500,0.000,0.000,0.000,0.000
Pedestrian - StL Pedestrian Index,Trip End,,Inverse Parking Lot,no,N/A,no,1: Monday (M-M),11: 10am (10am-11am),103,1611,1611,0.8,0.8,2,2,6.437,0.167,0.167,0.083,0.250,0.083,0.000,0.083,0.000,0.000,0.000,0.000,0.000,0.167,0.750,0.000,0.167,0.083,0.000,0.000,0.500,0.167,0.167,0.083,0.000,0.501,0.333,0.000,0.083,0.000,0.083
Pedestrian - StL Pedestrian Index,Trip End,,Inverse Parking Lot,no,N/A,no,1: Monday (M-M),12: 11am (11am-12noon),131,1095,1095,0.3,0.3,1,1,2.505,0.133,0.067,0.200,0.267,0.133,0.000,0.067,0.000,0.133,0.000,0.000,0.000,0.000,1.000,0.000,0.000,0.000,0.000,0.000,0.400,0.400,0.133,0.067,0.000,0.532,0.267,0.067,0.000,0.067,0.067
Pedestrian - StL Pedestrian Index,Trip End,,Inverse Parking Lot,no,N/A,no,1: Monday (M-M),13: 12pm (12noon-1pm),170,1374,1374,0.5,0.5,1,1,4.441,0.158,0.000,0.053,0.366,0.211,0.053,0.053,0.000,0.053,0.000,0.000,0.000,0.053,0.947,0.000,0.053,0.000,0.000,0.000,0.368,0.579,0.053,0.000,0.000,0.525,0.211,0.000,0.053,0.158,0.053
Pedestrian - StL Pedestrian Index,Trip End,,Inverse Parking Lot,no,N/A,no,1: Monday (M-M),14: 1pm (1pm-2pm),90,1521,1521,0.4,0.4,1,1,2.949,0.200,0.100,0.000,0.100,0.100,0.200,0.000,0.100,0.000,0.100,0.000,0.000,0.100,0.900,0.100,0.000,0.000,0.000,0.000,0.400,0.500,0.100,0.000,0.000,0.500,0.200,0.100,0.000,0.000,0.200
Pedestrian - StL Pedestrian Index,Trip End,,Inverse Parking Lot,no,N/A,no,1: Monday (M-M),15: 2pm (2pm-3pm),170,1161,1161,0.3,0.3,1,1,2.747,0.105,0.105,0.316,0.053,0.105,0.105,0.105,0.053,0.000,0.000,0.053,0.000,0.000,1.000,0.000,0.000,0.000,0.000,0.000,0.526,0.316,0.105,0.053,0.000,0.526,0.316,0.053,0.000,0.000,0.105
Pedestrian - StL Pedestrian Index,Trip End,,Inverse Parking Lot,no,N/A,no,1: Monday (M-M),16: 3pm (3pm-4pm),187,1353,1353,0.6,0.6,2,2,5.105,0.048,0.285,0.190,0.238,0.095,0.048,0.000,0.000,0.048,0.000,0.000,0.000,0.048,0.809,0.143,0.000,0.000,0.048,0.000,0.333,0.286,0.190,0.143,0.048,0.381,0.333,0.143,0.095,0.000,0.048
Pedestrian - StL Pedestrian Index,Trip End,,Inverse Parking Lot,no,N/A,no,1: Monday (M-M),17: 4pm (4pm-5pm),55,1336,1336,0.3,0.3,1,1,2.320,0.167,0.000,0.000,0.167,0.167,0.332,0.000,0.167,0.000,0.000,0.000,0.000,0.000,1.000,0.000,0.000,0.000,0.000,0.000,0.500,0.333,0.167,0.000,0.000,0.500,0.333,0.000,0.000,0.167,0.000
Pedestrian - StL Pedestrian Index,Trip End,,Inverse Parking Lot,no,N/A,no,1: Monday (M-M),18: 5pm (5pm-6pm),45,1423,1423,0.4,0.4,1,1,4.012,0.200,0.000,0.200,0.000,0.000,0.200,0.000,0.400,0.000,0.000,0.000,0.000,0.000,1.000,0.000,0.000,0.000,0.000,0.000,0.400,0.600,0.000,0.000,0.000,0.400,0.000,0.000,0.200,0.200,0.200
Pedestrian - StL Pedestrian Index,Trip End,,Inverse Parking Lot,no,N/A,no,1: Monday (M-M),19: 6pm (6pm-7pm),34,1264,1264,0.2,0.2,1,1,1.664,0.250,0.000,0.000,0.000,0.250,0.250,0.250,0.000,0.000,0.000,0.000,0.000,0.000,1.000,0.000,0.000,0.000,0.000,0.000,0.750,0.000,0.000,0.250,0.000,0.750,0.250,0.000,0.000,0.000,0.000
Pedestrian - StL Pedestrian Index,Trip End,,Inverse Parking Lot,no,N/A,no,1: Monday (M-M),20: 7pm (7pm-8pm),34,1078,1078,0.2,0.2,1,1,3.660,0.000,0.000,0.250,0.500,0.250,0.000,0.000,0.000,0.000,0.000,0.000,0.000,0.000,1.000,0.000,0.000,0.000,0.000,0.000,0.750,0.250,0.000,0.000,0.000,0.250,0.250,0.250,0.000,0.000,0.250
Pedestrian - StL Pedestrian Index,Trip End,,Inverse Parking Lot,no,N/A,no,1: Monday (M-M),21: 8pm (8pm-9pm),18,1402,1402,0.1,0.1,1,1,1.564,0.500,0.000,0.000,0.000,0.000,0.000,0.000,0.000,0.500,0.000,0.000,0.000,0.000,1.000,0.000,0.000,0.000,0.000,0.000,0.500,0.000,0.500,0.000,0.000,1.000,0.000,0.000,0.000,0.000,0.000
Pedestrian - StL Pedestrian Index,Trip End,,Inverse Parking Lot,no,N/A,no,1: Monday (M-M),22: 9pm (9pm-10pm),9,1260,1260,0.1,0.1,0,0,1.849,0.000,0.000,0.000,0.000,1.000,0.000,0.000,0.000,0.000,0.000,0.000,0.000,0.000,1.000,0.000,0.000,0.000,0.000,0.000,1.000,0.000,0.000,0.000,0.000,1.000,0.000,0.000,0.000,0.000,0.000
Pedestrian - StL Pedestrian Index,Trip End,,Inverse Parking Lot,no,N/A,no,1: Monday (M-M),24: 11pm (11pm-12am),9,1417,1417,0.1,0.1,0,0,2.903,0.000,0.000,0.000,0.000,1.000,0.000,0.000,0.000,0.000,0.000,0.000,0.000,0.000,1.000,0.000,0.000,0.000,0.000,0.000,1.000,0.000,0.000,0.000,0.000,0.000,1.000,0.000,0.000,0.000,0.000
Pedestrian - StL Pedestrian Index,Trip End,,Inverse Parking Lot,no,N/A,no,2: Tuesday (Tu-Tu),00: All Day (12am-12am),1222,1244,1244,0.4,0.4,1,1,4.794,0.165,0.165,0.151,0.115,0.094,0.094,0.043,0.043,0.029,0.022,0.022,0.007,0.050,0.935,0.022,0.029,0.014,0.000,0.000,0.403,0.410,0.151,0.036,0.000,0.497,0.151,0.129,0.014,0.036,0.173
Pedestrian - StL Pedestrian Index,Trip End,,Inverse Parking Lot,no,N/A,no,2: Tuesday (Tu-Tu),05: 4am (4am-5am),78,635,635,0.2,0.2,2,2,4.234,0.334,0.222,0.333,0.000,0.000,0.000,0.000,0.111,0.000,0.000,0.000,0.000,0.000,1.000,0.000,0.000,0.000,0.000,0.000,0.111,0.444,0.333,0.111,0.000,0.667,0.111,0.111,0.000,0.000,0.111
Pedestrian - StL Pedestrian Index,Trip End,,Inverse Parking Lot,no,N/A,no,2: Tuesday (Tu-Tu),06: 5am (5am-6am),46,1102,1102,0.6,0.6,2,2,1.616,0.200,0.000,0.400,0.000,0.000,0.200,0.000,0.200,0.000,0.000,0.000,0.000,0.000,1.000,0.000,0.000,0.000,0.000,0.000,0.000,0.800,0.000,0.200,0.000,0.800,0.000,0.200,0.000,0.000,0.000
Pedestrian - StL Pedestrian Index,Trip End,,Inverse Parking Lot,no,N/A,no,2: Tuesday (Tu-Tu),07: 6am (6am-7am),43,683,683,0.3,0.3,2,2,1.384,0.400,0.200,0.200,0.000,0.000,0.200,0.000,0.000,0.000,0.000,0.000,0.000,0.000,1.000,0.000,0.000,0.000,0.000,0.000,0.200,0.200,0.400,0.200,0.000,1.000,0.000,0.000,0.000,0.000,0.000
Pedestrian - StL Pedestrian Index,Trip End,,Inverse Parking Lot,no,N/A,no,2: Tuesday (Tu-Tu),09: 8am (8am-9am),18,335,335,0.1,0.1,1,1,1.024,0.500,0.500,0.000,0.000,0.000,0.000,0.000,0.000,0.000,0.000,0.000,0.000,0.000,1.000,0.000,0.000,0.000,0.000,0.000,0.500,0.000,0.500,0.000,0.000,1.000,0.000,0.000,0.000,0.000,0.000
Pedestrian - StL Pedestrian Index,Trip End,,Inverse Parking Lot,no,N/A,no,2: Tuesday (Tu-Tu),10: 9am (9am-10am),37,943,943,0.2,0.2,1,1,3.752,0.000,0.250,0.250,0.000,0.500,0.000,0.000,0.000,0.000,0.000,0.000,0.000,0.000,1.000,0.000,0.000,0.000,0.000,0.000,0.750,0.250,0.000,0.000,0.000,0.250,0.250,0.250,0.000,0.000,0.250
Pedestrian - StL Pedestrian Index,Trip End,,Inverse Parking Lot,no,N/A,no,2: Tuesday (Tu-Tu),11: 10am (10am-11am),80,1378,1378,0.3,0.3,1,1,10.492,0.000,0.223,0.222,0.000,0.111,0.111,0.222,0.000,0.000,0.000,0.111,0.000,0.000,1.000,0.000,0.000,0.000,0.000,0.000,0.556,0.444,0.000,0.000,0.000,0.222,0.111,0.111,0.000,0.222,0.334
Pedestrian - StL Pedestrian Index,Trip End,,Inverse Parking Lot,no,N/A,no,2: Tuesday (Tu-Tu),12: 11am (11am-12noon),159,1236,1236,0.3,0.3,1,1,6.083,0.056,0.221,0.222,0.111,0.000,0.167,0.111,0.000,0.000,0.056,0.000,0.000,0.056,1.000,0.000,0.000,0.000,0.000,0.000,0.444,0.556,0.000,0.000,0.000,0.500,0.111,0.000,0.000,0.111,0.278
Pedestrian - StL Pedestrian Index,Trip End,,Inverse Parking Lot,no,N/A,no,2: Tuesday (Tu-Tu),13: 12pm (12noon-1pm),174,2328,2328,0.8,0.8,1,1,6.730,0.100,0.050,0.150,0.050,0.000,0.050,0.050,0.100,0.050,0.100,0.050,0.050,0.200,0.750,0.050,0.150,0.050,0.000,0.000,0.600,0.250,0.150,0.000,0.000,0.350,0.150,0.200,0.000,0.000,0.300
Pedestrian - StL Pedestrian Index,Trip End,,Inverse Parking Lot,no,N/A,no,2: Tuesday (Tu-Tu),14: 1pm (1pm-2pm),87,936,936,0.3,0.3,1,1,2.698,0.400,0.000,0.000,0.200,0.200,0.100,0.000,0.100,0.000,0.000,0.000,0.000,0.000,1.000,0.000,0.000,0.000,0.000,0.000,0.300,0.700,0.000,0.000,0.000,0.600,0.200,0.100,0.000,0.000,0.100
Pedestrian - StL Pedestrian Index,Trip End,,Inverse Parking Lot,no,N/A,no,2: Tuesday (Tu-Tu),15: 2pm (2pm-3pm),141,1633,1633,0.6,0.6,1,1,3.619,0.000,0.185,0.000,0.188,0.188,0.188,0.063,0.000,0.063,0.000,0.000,0.000,0.125,0.812,0.125,0.063,0.000,0.000,0.000,0.375,0.500,0.125,0.000,0.000,0.561,0.188,0.125,0.063,0.000,0.063
Pedestrian - StL Pedestrian Index,Trip End,,Inverse Parking Lot,no,N/A,no,2: Tuesday (Tu-Tu),16: 3pm (3pm-4pm),105,903,903,0.3,0.3,2,2,3.276,0.167,0.167,0.250,0.167,0.083,0.083,0.000,0.000,0.083,0.000,0.000,0.000,0.000,1.000,0.000,0.000,0.000,0.000,0.000,0.333,0.333,0.333,0.000,0.000,0.418,0.250,0.083,0.083,0.083,0.083
Pedestrian - StL Pedestrian Index,Trip End,,Inverse Parking Lot,no,N/A,no,2: Tuesday (Tu-Tu),17: 4pm (4pm-5pm),87,721,721,0.3,0.3,2,2,3.111,0.300,0.200,0.100,0.200,0.200,0.000,0.000,0.000,0.000,0.000,0.000,0.000,0.000,1.000,0.000,0.000,0.000,0.000,0.000,0.300,0.500,0.200,0.000,0.000,0.500,0.100,0.200,0.000,0.000,0.200
Pedestrian - StL Pedestrian Index,Trip End,,Inverse Parking Lot,no,N/A,no,2: Tuesday (Tu-Tu),18: 5pm (5pm-6pm),62,965,965,0.6,0.6,2,2,7.894,0.285,0.286,0.143,0.000,0.000,0.143,0.000,0.000,0.000,0.000,0.143,0.000,0.000,0.857,0.000,0.000,0.143,0.000,0.000,0.429,0.143,0.286,0.143,0.000,0.571,0.143,0.000,0.000,0.000,0.286
Pedestrian - StL Pedestrian Index,Trip End,,Inverse Parking Lot,no,N/A,no,2: Tuesday (Tu-Tu),19: 6pm (6pm-7pm),45,1031,1031,0.3,0.3,1,1,6.404,0.000,0.400,0.000,0.400,0.000,0.000,0.000,0.200,0.000,0.000,0.000,0.000,0.000,1.000,0.000,0.000,0.000,0.000,0.000,0.600,0.200,0.000,0.200,0.000,0.200,0.200,0.400,0.000,0.000,0.200
Pedestrian - StL Pedestrian Index,Trip End,,Inverse Parking Lot,no,N/A,no,2: Tuesday (Tu-Tu),20: 7pm (7pm-8pm),35,996,996,0.3,0.3,2,2,2.093,0.500,0.000,0.000,0.000,0.250,0.000,0.000,0.000,0.250,0.000,0.000,0.000,0.000,1.000,0.000,0.000,0.000,0.000,0.000,0.250,0.250,0.500,0.000,0.000,0.500,0.250,0.250,0.000,0.000,0.000
Pedestrian - StL Pedestrian Index,Trip End,,Inverse Parking Lot,no,N/A,no,2: Tuesday (Tu-Tu),21: 8pm (8pm-9pm),17,1151,1151,0.2,0.2,1,1,2.631,0.000,0.000,0.000,0.500,0.500,0.000,0.000,0.000,0.000,0.000,0.000,0.000,0.000,1.000,0.000,0.000,0.000,0.000,0.000,1.000,0.000,0.000,0.000,0.000,0.000,0.500,0.500,0.000,0.000,0.000
Pedestrian - StL Pedestrian Index,Trip End,,Inverse Parking Lot,no,N/A,no,2: Tuesday (Tu-Tu),22: 9pm (9pm-10pm),9,924,924,0.5,0.5,2,2,1.413,0.000,0.000,0.000,1.000,0.000,0.000,0.000,0.000,0.000,0.000,0.000,0.000,0.000,1.000,0.000,0.000,0.000,0.000,0.000,0.000,1.000,0.000,0.000,0.000,1.000,0.000,0.000,0.000,0.000,0.000
Pedestrian - StL Pedestrian Index,Trip End,,Inverse Parking Lot,no,N/A,no,3: Wednesday (W-W),00: All Day (12am-12am),1002,1313,1313,0.4,0.4,1,1,3.678,0.088,0.149,0.227,0.167,0.096,0.061,0.053,0.026,0.018,0.018,0.035,0.018,0.044,0.930,0.026,0.044,0.000,0.000,0.000,0.491,0.316,0.123,0.044,0.009,0.457,0.193,0.140,0.088,0.026,0.096
Pedestrian - StL Pedestrian Index,Trip End,,Inverse Parking Lot,no,N/A,no,3: Wednesday (W-W),05: 4am (4am-5am),61,325,325,0.2,0.2,2,2,1.864,0.714,0.143,0.143,0.000,0.000,0.000,0.000,0.000,0.000,0.000,0.000,0.000,0.000,1.000,0.000,0.000,0.000,0.000,0.000,0.000,0.286,0.571,0.143,0.000,0.857,0.000,0.000,0.000,0.143,0.000
Pedestrian - StL Pedestrian Index,Trip End,,Inverse Parking Lot,no,N/A,no,3: Wednesday (W-W),06: 5am (5am-6am),27,1512,1512,0.3,0.3,1,1,2.544,0.000,0.334,0.333,0.000,0.000,0.000,0.000,0.000,0.000,0.000,0.333,0.000,0.000,1.000,0.000,0.000,0.000,0.000,0.000,0.667,0.000,0.000,0.333,0.000,0.334,0.333,0.333,0.000,0.000,0.000
Pedestrian - StL Pedestrian Index,Trip End,,Inverse Parking Lot,no,N/A,no,3: Wednesday (W-W),07: 6am (6am-7am),18,818,818,0.3,0.3,1,1,1.120,0.000,0.000,1.000,0.000,0.000,0.000,0.000,0.000,0.000,0.000,0.000,0.000,0.000,1.000,0.000,0.000,0.000,0.000,0.000,0.500,0.500,0.000,0.000,0.000,1.000,0.000,0.000,0.000,0.000,0.000
Pedestrian - StL Pedestrian Index,Trip End,,Inverse Parking Lot,no,N/A,no,3: Wednesday (W-W),10: 9am (9am-10am),53,944,944,0.3,0.3,1,1,2.357,0.167,0.000,0.333,0.333,0.000,0.000,0.167,0.000,0.000,0.000,0.000,0.000,0.000,1.000,0.000,0.000,0.000,0.000,0.000,0.333,0.500,0.167,0.000,0.000,0.499,0.167,0.167,0.167,0.000,0.000
Pedestrian - StL Pedestrian Index,Trip End,,Inverse Parking Lot,no,N/A,no,3: Wednesday (W-W),11: 10am (10am-11am),70,1060,1060,0.3,0.3,1,1,2.952,0.000,0.375,0.125,0.125,0.000,0.250,0.125,0.000,0.000,0.000,0.000,0.000,0.000,1.000,0.000,0.000,0.000,0.000,0.000,0.500,0.375,0.125,0.000,0.000,0.250,0.250,0.125,0.375,0.000,0.000
Pedestrian - StL Pedestrian Index,Trip End,,Inverse Parking Lot,no,N/A,no,3: Wednesday (W-W),12: 11am (11am-12noon),121,1470,1470,0.6,0.6,1,1,5.633,0.000,0.143,0.287,0.286,0.000,0.071,0.000,0.000,0.000,0.071,0.000,0.071,0.071,0.929,0.000,0.071,0.000,0.000,0.000,0.357,0.500,0.071,0.071,0.000,0.573,0.071,0.071,0.071,0.000,0.214
Pedestrian - StL Pedestrian Index,Trip End,,Inverse Parking Lot,no,N/A,no,3: Wednesday (W-W),13: 12pm (12noon-1pm),107,1739,1739,0.4,0.4,1,1,6.253,0.000,0.167,0.334,0.000,0.000,0.000,0.083,0.167,0.000,0.083,0.000,0.083,0.083,0.917,0.083,0.000,0.000,0.000,0.000,0.583,0.417,0.000,0.000,0.000,0.583,0.167,0.083,0.000,0.000,0.167
Pedestrian - StL Pedestrian Index,Trip End,,Inverse Parking Lot,no,N/A,no,3: Wednesday (W-W),14: 1pm (1pm-2pm),168,1761,1761,0.6,0.6,2,2,2.715,0.053,0.105,0.105,0.158,0.209,0.053,0.053,0.053,0.053,0.000,0.105,0.000,0.053,0.842,0.000,0.158,0.000,0.000,0.000,0.632,0.158,0.053,0.053,0.053,0.315,0.316,0.263,0.053,0.000,0.053
Pedestrian - StL Pedestrian Index,Trip End,,Inverse Parking Lot,no,N/A,no,3: Wednesday (W-W),15: 2pm (2pm-3pm),132,1406,1406,0.5,0.5,1,1,4.404,0.133,0.067,0.067,0.200,0.266,0.133,0.000,0.000,0.067,0.000,0.000,0.000,0.067,0.933,0.000,0.067,0.000,0.000,0.000,0.533,0.267,0.200,0.000,0.000,0.466,0.267,0.067,0.000,0.000,0.200
Pedestrian - StL Pedestrian Index,Trip End,,Inverse Parking Lot,no,N/A,no,3: Wednesday (W-W),16: 3pm (3pm-4pm),122,1128,1128,0.5,0.5,2,2,2.899,0.000,0.071,0.286,0.358,0.143,0.071,0.000,0.000,0.000,0.000,0.071,0.000,0.000,0.857,0.143,0.000,0.000,0.000,0.000,0.500,0.286,0.143,0.000,0.000,0.428,0.143,0.143,0.143,0.143,0.000
Pedestrian - StL Pedestrian Index,Trip End,,Inverse Parking Lot,no,N/A,no,3: Wednesday (W-W),17: 4pm (4pm-5pm),46,1153,1153,0.4,0.4,2,2,3.271,0.200,0.400,0.200,0.000,0.000,0.000,0.000,0.000,0.000,0.000,0.000,0.000,0.200,1.000,0.000,0.000,0.000,0.000,0.000,0.400,0.400,0.000,0.200,0.000,0.400,0.200,0.000,0.200,0.000,0.200
Pedestrian - StL Pedestrian Index,Trip End,,Inverse Parking Lot,no,N/A,no,3: Wednesday (W-W),18: 5pm (5pm-6pm),34,1142,1142,0.3,0.3,1,1,3.644,0.000,0.000,0.500,0.250,0.000,0.000,0.250,0.000,0.000,0.000,0.000,0.000,0.000,1.000,0.000,0.000,0.000,0.000,0.000,0.750,0.250,0.000,0.000,0.000,0.250,0.250,0.250,0.000,0.000,0.250
Pedestrian - StL Pedestrian Index,Trip End,,Inverse Parking Lot,no,N/A,no,3: Wednesday (W-W),19: 6pm (6pm-7pm),18,431,431,0.2,0.2,2,2,2.021,0.000,1.000,0.000,0.000,0.000,0.000,0.000,0.000,0.000,0.000,0.000,0.000,0.000,1.000,0.000,0.000,0.000,0.000,0.000,0.000,0.500,0.500,0.000,0.000,0.500,0.500,0.000,0.000,0.000,0.000
Pedestrian - StL Pedestrian Index,Trip End,,Inverse Parking Lot,no,N/A,no,3: Wednesday (W-W),20: 7pm (7pm-8pm),8,1426,1426,0.3,0.3,1,1,3.296,0.000,0.000,0.000,0.000,1.000,0.000,0.000,0.000,0.000,0.000,0.000,0.000,0.000,1.000,0.000,0.000,0.000,0.000,0.000,1.000,0.000,0.000,0.000,0.000,0.000,0.000,1.000,0.000,0.000,0.000
Pedestrian - StL Pedestrian Index,Trip End,,Inverse Parking Lot,no,N/A,no,3: Wednesday (W-W),21: 8pm (8pm-9pm),8,822,822,0.1,0.1,1,1,3.983,0.000,0.000,1.000,0.000,0.000,0.000,0.000,0.000,0.000,0.000,0.000,0.000,0.000,1.000,0.000,0.000,0.000,0.000,0.000,1.000,0.000,0.000,0.000,0.000,0.000,0.000,1.000,0.000,0.000,0.000
Pedestrian - StL Pedestrian Index,Trip End,,Inverse Parking Lot,no,N/A,no,3: Wednesday (W-W),23: 10pm (10pm-11pm),8,1801,1801,0.2,0.2,0,0,4.280,0.000,0.000,0.000,0.000,0.000,0.000,1.000,0.000,0.000,0.000,0.000,0.000,0.000,1.000,0.000,0.000,0.000,0.000,0.000,1.000,0.000,0.000,0.000,0.000,0.000,0.000,0.000,1.000,0.000,0.000
Pedestrian - StL Pedestrian Index,Trip End,,Inverse Parking Lot,no,N/A,no,4: Thursday (Th-Th),00: All Day (12am-12am),1052,1377,1377,0.5,0.5,1,1,4.210,0.127,0.144,0.179,0.127,0.136,0.042,0.068,0.025,0.034,0.025,0.017,0.017,0.059,0.899,0.042,0.042,0.017,0.000,0.000,0.441,0.347,0.136,0.059,0.008,0.551,0.178,0.059,0.051,0.017,0.144
Pedestrian - StL Pedestrian Index,Trip End,,Inverse Parking Lot,no,N/A,no,4: Thursday (Th-Th),05: 4am (4am-5am),50,589,589,0.2,0.2,2,2,1.428,0.500,0.000,0.333,0.000,0.167,0.000,0.000,0.000,0.000,0.000,0.000,0.000,0.000,1.000,0.000,0.000,0.000,0.000,0.000,0.333,0.333,0.333,0.000,0.000,0.833,0.167,0.000,0.000,0.000,0.000
Pedestrian - StL Pedestrian Index,Trip End,,Inverse Parking Lot,no,N/A,no,4: Thursday (Th-Th),06: 5am (5am-6am),36,1659,1659,0.3,0.3,2,2,3.513,0.250,0.000,0.250,0.000,0.000,0.000,0.000,0.000,0.250,0.000,0.250,0.000,0.000,1.000,0.000,0.000,0.000,0.000,0.000,0.500,0.000,0.250,0.250,0.000,0.500,0.250,0.000,0.000,0.000,0.250
Pedestrian - StL Pedestrian Index,Trip End,,Inverse Parking Lot,no,N/A,no,4: Thursday (Th-Th),07: 6am (6am-7am),35,593,593,0.2,0.2,2,2,1.575,0.500,0.250,0.000,0.000,0.000,0.250,0.000,0.000,0.000,0.000,0.000,0.000,0.000,1.000,0.000,0.000,0.000,0.000,0.000,0.250,0.000,0.500,0.250,0.000,0.750,0.250,0.000,0.000,0.000,0.000
Pedestrian - StL Pedestrian Index,Trip End,,Inverse Parking Lot,no,N/A,no,4: Thursday (Th-Th),10: 9am (9am-10am),52,1650,1650,0.4,0.4,1,1,2.468,0.000,0.167,0.332,0.167,0.000,0.000,0.167,0.000,0.000,0.000,0.000,0.000,0.167,0.833,0.167,0.000,0.000,0.000,0.000,0.500,0.500,0.000,0.000,0.000,0.334,0.333,0.333,0.000,0.000,0.000
Pedestrian - StL Pedestrian Index,Trip End,,Inverse Parking Lot,no,N/A,no,4: Thursday (Th-Th),11: 10am (10am-11am),36,2616,2616,0.9,0.9,1,1,5.866,0.000,0.250,0.000,0.000,0.250,0.000,0.000,0.000,0.250,0.000,0.000,0.000,0.250,0.750,0.000,0.250,0.000,0.000,0.000,0.500,0.500,0.000,0.000,0.000,0.500,0.250,0.000,0.000,0.000,0.250
Pedestrian - StL Pedestrian Index,Trip End,,Inverse Parking Lot,no,N/A,no,4: Thursday (Th-Th),12: 11am (11am-12noon),169,1055,1055,0.4,0.4,1,1,4.672,0.209,0.158,0.211,0.158,0.158,0.000,0.000,0.000,0.000,0.053,0.000,0.000,0.053,0.894,0.053,0.000,0.053,0.000,0.000,0.368,0.474,0.105,0.053,0.000,0.684,0.053,0.000,0.105,0.000,0.158
Pedestrian - StL Pedestrian Index,Trip End,,Inverse Parking Lot,no,N/A,no,4: Thursday (Th-Th),13: 12pm (12noon-1pm),64,2072,2072,0.6,0.6,1,1,3.309,0.143,0.143,0.000,0.000,0.285,0.000,0.143,0.000,0.000,0.143,0.000,0.000,0.143,0.857,0.000,0.143,0.000,0.000,0.000,0.429,0.429,0.143,0.000,0.000,0.285,0.286,0.000,0.286,0.143,0.000
Pedestrian - StL Pedestrian Index,Trip End,,Inverse Parking Lot,no,N/A,no,4: Thursday (Th-Th),14: 1pm (1pm-2pm),127,1849,1849,0.8,0.8,2,2,4.898,0.000,0.071,0.143,0.214,0.287,0.071,0.000,0.000,0.000,0.000,0.000,0.071,0.143,0.715,0.071,0.214,0.000,0.000,0.000,0.571,0.214,0.071,0.071,0.000,0.573,0.214,0.071,0.071,0.000,0.071
Pedestrian - StL Pedestrian Index,Trip End,,Inverse Parking Lot,no,N/A,no,4: Thursday (Th-Th),15: 2pm (2pm-3pm),73,1367,1367,0.4,0.4,1,1,1.755,0.000,0.000,0.250,0.250,0.250,0.000,0.000,0.125,0.125,0.000,0.000,0.000,0.000,1.000,0.000,0.000,0.000,0.000,0.000,0.375,0.500,0.125,0.000,0.000,0.750,0.125,0.125,0.000,0.000,0.000
Pedestrian - StL Pedestrian Index,Trip End,,Inverse Parking Lot,no,N/A,no,4: Thursday (Th-Th),16: 3pm (3pm-4pm),88,1203,1203,0.8,0.8,2,2,4.332,0.000,0.200,0.100,0.400,0.100,0.000,0.000,0.100,0.100,0.000,0.000,0.000,0.000,0.900,0.000,0.000,0.100,0.000,0.000,0.200,0.400,0.200,0.100,0.100,0.400,0.400,0.100,0.000,0.000,0.100
Pedestrian - StL Pedestrian Index,Trip End,,Inverse Parking Lot,no,N/A,no,4: Thursday (Th-Th),17: 4pm (4pm-5pm),90,907,907,0.2,0.2,1,1,3.228,0.100,0.200,0.400,0.000,0.000,0.100,0.200,0.000,0.000,0.000,0.000,0.000,0.000,1.000,0.000,0.000,0.000,0.000,0.000,0.700,0.200,0.100,0.000,0.000,0.600,0.100,0.100,0.000,0.000,0.200
Pedestrian - StL Pedestrian Index,Trip End,,Inverse Parking Lot,no,N/A,no,4: Thursday (Th-Th),18: 5pm (5pm-6pm),46,947,947,0.2,0.2,1,1,3.029,0.000,0.400,0.200,0.200,0.000,0.000,0.200,0.000,0.000,0.000,0.000,0.000,0.000,1.000,0.000,0.000,0.000,0.000,0.000,0.800,0.000,0.000,0.200,0.000,0.600,0.000,0.000,0.200,0.000,0.200
Pedestrian - StL Pedestrian Index,Trip End,,Inverse Parking Lot,no,N/A,no,4: Thursday (Th-Th),19: 6pm (6pm-7pm),73,988,988,0.2,0.2,1,1,4.958,0.250,0.250,0.125,0.000,0.000,0.125,0.125,0.125,0.000,0.000,0.000,0.000,0.000,1.000,0.000,0.000,0.000,0.000,0.000,0.375,0.375,0.250,0.000,0.000,0.500,0.125,0.000,0.000,0.125,0.250
Pedestrian - StL Pedestrian Index,Trip End,,Inverse Parking Lot,no,N/A,no,4: Thursday (Th-Th),20: 7pm (7pm-8pm),51,1468,1468,0.4,0.4,1,1,8.982,0.165,0.000,0.000,0.167,0.167,0.167,0.167,0.000,0.000,0.167,0.000,0.000,0.000,1.000,0.000,0.000,0.000,0.000,0.000,0.333,0.500,0.167,0.000,0.000,0.333,0.167,0.167,0.000,0.000,0.333
Pedestrian - StL Pedestrian Index,Trip End,,Inverse Parking Lot,no,N/A,no,4: Thursday (Th-Th),21: 8pm (8pm-9pm),35,1903,1903,0.9,0.9,2,2,5.975,0.000,0.000,0.250,0.000,0.250,0.000,0.250,0.000,0.000,0.000,0.000,0.250,0.000,0.500,0.500,0.000,0.000,0.000,0.000,0.250,0.500,0.000,0.250,0.000,0.250,0.250,0.000,0.000,0.000,0.500
Pedestrian - StL Pedestrian Index,Trip End,,Inverse Parking Lot,no,N/A,no,4: Thursday (Th-Th),22: 9pm (9pm-10pm),18,1880,1880,0.2,0.2,1,1,12.865,0.000,0.500,0.000,0.000,0.000,0.000,0.000,0.000,0.000,0.000,0.500,0.000,0.000,1.000,0.000,0.000,0.000,0.000,0.000,0.500,0.500,0.000,0.000,0.000,0.500,0.000,0.000,0.000,0.000,0.500
Pedestrian - StL Pedestrian Index,Trip End,,Inverse Parking Lot,no,N/A,no,4: Thursday (Th-Th),23: 10pm (10pm-11pm),8,4345,4345,0.9,0.9,1,1,1.125,0.000,0.000,0.000,0.000,0.000,0.000,0.000,0.000,0.000,0.000,0.000,0.000,1.000,1.000,0.000,0.000,0.000,0.000,0.000,1.000,0.000,0.000,0.000,0.000,1.000,0.000,0.000,0.000,0.000,0.000
Pedestrian - StL Pedestrian Index,Trip End,,Inverse Parking Lot,no,N/A,no,5: Friday (F-F),00: All Day (12am-12am),1144,1097,1097,0.3,0.3,1,1,3.885,0.204,0.138,0.203,0.163,0.130,0.033,0.024,0.024,0.016,0.016,0.008,0.000,0.041,0.960,0.016,0.024,0.000,0.000,0.000,0.415,0.366,0.122,0.098,0.000,0.602,0.114,0.065,0.081,0.016,0.122
Pedestrian - StL Pedestrian Index,Trip End,,Inverse Parking Lot,no,N/A,no,5: Friday (F-F),04: 3am (3am-4am),10,250,250,0.2,0.2,4,4,3.465,1.000,0.000,0.000,0.000,0.000,0.000,0.000,0.000,0.000,0.000,0.000,0.000,0.000,1.000,0.000,0.000,0.000,0.000,0.000,0.000,0.000,0.000,1.000,0.000,0.000,0.000,1.000,0.000,0.000,0.000
Pedestrian - StL Pedestrian Index,Trip End,,Inverse Parking Lot,no,N/A,no,5: Friday (F-F),05: 4am (4am-5am),54,336,336,0.2,0.2,2,2,1.470,0.666,0.167,0.000,0.167,0.000,0.000,0.000,0.000,0.000,0.000,0.000,0.000,0.000,1.000,0.000,0.000,0.000,0.000,0.000,0.167,0.333,0.333,0.167,0.000,0.833,0.167,0.000,0.000,0.000,0.000
Pedestrian - StL Pedestrian Index,Trip End,,Inverse Parking Lot,no,N/A,no,5: Friday (F-F),06: 5am (5am-6am),59,312,312,0.2,0.2,3,3,1.480,0.666,0.167,0.167,0.000,0.000,0.000,0.000,0.000,0.000,0.000,0.000,0.000,0.000,1.000,0.000,0.000,0.000,0.000,0.000,0.167,0.000,0.333,0.500,0.000,0.833,0.000,0.167,0.000,0.000,0.000
Pedestrian - StL Pedestrian Index,Trip End,,Inverse Parking Lot,no,N/A,no,5: Friday (F-F),07: 6am (6am-7am),28,121,121,0.1,0.1,3,3,1.286,1.000,0.000,0.000,0.000,0.000,0.000,0.000,0.000,0.000,0.000,0.000,0.000,0.000,1.000,0.000,0.000,0.000,0.000,0.000,0.000,0.000,0.667,0.333,0.000,1.000,0.000,0.000,0.000,0.000,0.000
Pedestrian - StL Pedestrian Index,Trip End,,Inverse Parking Lot,no,N/A,no,5: Friday (F-F),10: 9am (9am-10am),37,1773,1773,0.4,0.4,1,1,15.719,0.000,0.000,0.250,0.250,0.000,0.000,0.000,0.000,0.250,0.250,0.000,0.000,0.000,1.000,0.000,0.000,0.000,0.000,0.000,0.500,0.500,0.000,0.000,0.000,0.500,0.000,0.250,0.000,0.000,0.250
Pedestrian - StL Pedestrian Index,Trip End,,Inverse Parking Lot,no,N/A,no,5: Friday (F-F),11: 10am (10am-11am),121,1137,1137,0.4,0.4,2,2,3.661,0.154,0.154,0.230,0.154,0.231,0.000,0.000,0.000,0.000,0.000,0.000,0.000,0.077,0.923,0.000,0.077,0.000,0.000,0.000,0.308,0.462,0.077,0.154,0.000,0.538,0.231,0.000,0.077,0.077,0.077
Pedestrian - StL Pedestrian Index,Trip End,,Inverse Parking Lot,no,N/A,no,5: Friday (F-F),12: 11am (11am-12noon),152,1354,1354,0.5,0.5,1,1,3.832,0.000,0.188,0.188,0.310,0.000,0.125,0.063,0.063,0.000,0.000,0.000,0.000,0.063,0.937,0.000,0.063,0.000,0.000,0.000,0.438,0.375,0.188,0.000,0.000,0.750,0.125,0.000,0.000,0.000,0.125
Pedestrian - StL Pedestrian Index,Trip End,,Inverse Parking Lot,no,N/A,no,5: Friday (F-F),13: 12pm (12noon-1pm),129,1033,1033,0.3,0.3,1,1,3.384,0.287,0.000,0.143,0.214,0.143,0.071,0.000,0.071,0.071,0.000,0.000,0.000,0.000,1.000,0.000,0.000,0.000,0.000,0.000,0.571,0.214,0.143,0.071,0.000,0.500,0.143,0.143,0.071,0.000,0.143
Pedestrian - StL Pedestrian Index,Trip End,,Inverse Parking Lot,no,N/A,no,5: Friday (F-F),14: 1pm (1pm-2pm),110,1232,1232,0.3,0.3,1,1,2.583,0.083,0.167,0.251,0.083,0.250,0.000,0.000,0.083,0.000,0.000,0.000,0.000,0.083,0.917,0.083,0.000,0.000,0.000,0.000,0.417,0.583,0.000,0.000,0.000,0.500,0.167,0.083,0.167,0.083,0.000
Pedestrian - StL Pedestrian Index,Trip End,,Inverse Parking Lot,no,N/A,no,5: Friday (F-F),15: 2pm (2pm-3pm),156,1382,1382,0.4,0.4,1,1,3.113,0.176,0.236,0.235,0.000,0.176,0.000,0.059,0.000,0.000,0.000,0.059,0.000,0.059,0.941,0.000,0.059,0.000,0.000,0.000,0.412,0.353,0.118,0.118,0.000,0.647,0.000,0.118,0.059,0.000,0.176
Pedestrian - StL Pedestrian Index,Trip End,,Inverse Parking Lot,no,N/A,no,5: Friday (F-F),16: 3pm (3pm-4pm),102,1274,1274,0.4,0.4,1,1,2.570,0.091,0.000,0.273,0.454,0.091,0.000,0.000,0.000,0.000,0.000,0.000,0.000,0.091,0.909,0.091,0.000,0.000,0.000,0.000,0.364,0.455,0.091,0.091,0.000,0.545,0.182,0.000,0.182,0.000,0.091
Pedestrian - StL Pedestrian Index,Trip End,,Inverse Parking Lot,no,N/A,no,5: Friday (F-F),17: 4pm (4pm-5pm),57,816,816,0.2,0.2,1,1,1.955,0.167,0.333,0.167,0.000,0.333,0.000,0.000,0.000,0.000,0.000,0.000,0.000,0.000,1.000,0.000,0.000,0.000,0.000,0.000,0.667,0.333,0.000,0.000,0.000,0.833,0.000,0.000,0.167,0.000,0.000
Pedestrian - StL Pedestrian Index,Trip End,,Inverse Parking Lot,no,N/A,no,5: Friday (F-F),18: 5pm (5pm-6pm),64,756,756,0.2,0.2,1,1,3.069,0.143,0.285,0.286,0.143,0.000,0.143,0.000,0.000,0.000,0.000,0.000,0.000,0.000,1.000,0.000,0.000,0.000,0.000,0.000,0.429,0.571,0.000,0.000,0.000,0.143,0.571,0.000,0.143,0.000,0.143
Pedestrian - StL Pedestrian Index,Trip End,,Inverse Parking Lot,no,N/A,no,5: Friday (F-F),19: 6pm (6pm-7pm),29,1640,1640,0.3,0.3,1,1,24.636,0.000,0.000,0.334,0.000,0.333,0.000,0.000,0.000,0.000,0.333,0.000,0.000,0.000,1.000,0.000,0.000,0.000,0.000,0.000,1.000,0.000,0.000,0.000,0.000,0.000,0.000,0.000,0.000,0.000,1.000
Pedestrian - StL Pedestrian Index,Trip End,,Inverse Parking Lot,no,N/A,no,5: Friday (F-F),20: 7pm (7pm-8pm),36,1268,1268,0.4,0.4,1,1,3.593,0.000,0.000,0.250,0.250,0.250,0.000,0.250,0.000,0.000,0.000,0.000,0.000,0.000,1.000,0.000,0.000,0.000,0.000,0.000,0.500,0.500,0.000,0.000,0.000,0.500,0.000,0.000,0.250,0.000,0.250
Pedestrian - StL Pedestrian Index,Trip End,,Inverse Parking Lot,no,N/A,no,6: Saturday (Sa-Sa),00: All Day (12am-12am),957,1117,1117,0.4,0.4,1,1,3.811,0.212,0.093,0.204,0.148,0.111,0.065,0.056,0.019,0.009,0.009,0.037,0.009,0.028,0.935,0.028,0.037,0.000,0.000,0.000,0.398,0.389,0.139,0.046,0.019,0.565,0.120,0.083,0.065,0.019,0.148
Pedestrian - StL Pedestrian Index,Trip End,,Inverse Parking Lot,no,N/A,no,6: Saturday (Sa-Sa),04: 3am (3am-4am),8,71,71,0.1,0.1,3,3,1.199,1.000,0.000,0.000,0.000,0.000,0.000,0.000,0.000,0.000,0.000,0.000,0.000,0.000,1.000,0.000,0.000,0.000,0.000,0.000,0.000,0.000,0.000,1.000,0.000,1.000,0.000,0.000,0.000,0.000,0.000
Pedestrian - StL Pedestrian Index,Trip End,,Inverse Parking Lot,no,N/A,no,6: Saturday (Sa-Sa),05: 4am (4am-5am),26,183,183,0.1,0.1,2,2,1.300,1.000,0.000,0.000,0.000,0.000,0.000,0.000,0.000,0.000,0.000,0.000,0.000,0.000,1.000,0.000,0.000,0.000,0.000,0.000,0.000,0.333,0.667,0.000,0.000,1.000,0.000,0.000,0.000,0.000,0.000
Pedestrian - StL Pedestrian Index,Trip End,,Inverse Parking Lot,no,N/A,no,6: Saturday (Sa-Sa),06: 5am (5am-6am),8,1385,1385,1.3,1.3,3,3,4.477,0.000,0.000,0.000,0.000,1.000,0.000,0.000,0.000,0.000,0.000,0.000,0.000,0.000,0.000,1.000,0.000,0.000,0.000,0.000,0.000,0.000,0.000,1.000,0.000,0.000,0.000,0.000,1.000,0.000,0.000
Pedestrian - StL Pedestrian Index,Trip End,,Inverse Parking Lot,no,N/A,no,6: Saturday (Sa-Sa),07: 6am (6am-7am),82,1175,1175,0.3,0.3,2,2,5.356,0.222,0.000,0.556,0.000,0.000,0.000,0.000,0.000,0.000,0.111,0.000,0.111,0.000,1.000,0.000,0.000,0.000,0.000,0.000,0.556,0.000,0.333,0.111,0.000,0.667,0.000,0.222,0.000,0.000,0.111
Pedestrian - StL Pedestrian Index,Trip End,,Inverse Parking Lot,no,N/A,no,6: Saturday (Sa-Sa),08: 7am (7am-8am),9,311,311,0.1,0.1,1,1,2.279,0.000,1.000,0.000,0.000,0.000,0.000,0.000,0.000,0.000,0.000,0.000,0.000,0.000,1.000,0.000,0.000,0.000,0.000,0.000,0.000,1.000,0.000,0.000,0.000,0.000,1.000,0.000,0.000,0.000,0.000
Pedestrian - StL Pedestrian Index,Trip End,,Inverse Parking Lot,no,N/A,no,6: Saturday (Sa-Sa),10: 9am (9am-10am),52,1055,1055,0.2,0.2,1,1,7.326,0.000,0.167,0.000,0.499,0.167,0.167,0.000,0.000,0.000,0.000,0.000,0.000,0.000,1.000,0.000,0.000,0.000,0.000,0.000,0.667,0.333,0.000,0.000,0.000,0.333,0.167,0.167,0.000,0.000,0.333
Pedestrian - StL Pedestrian Index,Trip End,,Inverse Parking Lot,no,N/A,no,6: Saturday (Sa-Sa),11: 10am (10am-11am),35,1035,1035,0.5,0.5,2,2,1.356,0.250,0.000,0.250,0.000,0.250,0.000,0.250,0.000,0.000,0.000,0.000,0.000,0.000,1.000,0.000,0.000,0.000,0.000,0.000,0.000,0.750,0.250,0.000,0.000,1.000,0.000,0.000,0.000,0.000,0.000
Pedestrian - StL Pedestrian Index,Trip End,,Inverse Parking Lot,no,N/A,no,6: Saturday (Sa-Sa),12: 11am (11am-12noon),89,1292,1292,0.5,0.5,1,1,1.390,0.100,0.100,0.400,0.000,0.200,0.100,0.000,0.000,0.000,0.000,0.000,0.000,0.100,0.900,0.000,0.100,0.000,0.000,0.000,0.500,0.300,0.200,0.000,0.000,0.900,0.100,0.000,0.000,0.000,0.000
Pedestrian - StL Pedestrian Index,Trip End,,Inverse Parking Lot,no,N/A,no,6: Saturday (Sa-Sa),13: 12pm (12noon-1pm),176,1464,1464,0.4,0.4,1,1,2.912,0.150,0.050,0.150,0.200,0.150,0.100,0.000,0.050,0.000,0.000,0.050,0.000,0.100,0.900,0.050,0.050,0.000,0.000,0.000,0.450,0.450,0.100,0.000,0.000,0.700,0.150,0.050,0.000,0.050,0.050
Pedestrian - StL Pedestrian Index,Trip End,,Inverse Parking Lot,no,N/A,no,6: Saturday (Sa-Sa),14: 1pm (1pm-2pm),81,1252,1252,0.5,0.5,1,1,5.075,0.111,0.111,0.223,0.111,0.111,0.000,0.111,0.111,0.000,0.000,0.111,0.000,0.000,0.889,0.111,0.000,0.000,0.000,0.000,0.222,0.667,0.111,0.000,0.000,0.334,0.111,0.111,0.111,0.000,0.333
Pedestrian - StL Pedestrian Index,Trip End,,Inverse Parking Lot,no,N/A,no,6: Saturday (Sa-Sa),15: 2pm (2pm-3pm),71,1149,1149,0.6,0.6,2,2,3.697,0.000,0.000,0.500,0.125,0.125,0.000,0.250,0.000,0.000,0.000,0.000,0.000,0.000,0.875,0.000,0.125,0.000,0.000,0.000,0.500,0.250,0.125,0.000,0.125,0.375,0.250,0.000,0.125,0.000,0.250
Pedestrian - StL Pedestrian Index,Trip End,,Inverse Parking Lot,no,N/A,no,6: Saturday (Sa-Sa),16: 3pm (3pm-4pm),53,1045,1045,0.3,0.3,1,1,6.763,0.332,0.167,0.000,0.167,0.000,0.167,0.000,0.000,0.167,0.000,0.000,0.000,0.000,1.000,0.000,0.000,0.000,0.000,0.000,0.500,0.333,0.167,0.000,0.000,0.499,0.167,0.167,0.000,0.000,0.167
Pedestrian - StL Pedestrian Index,Trip End,,Inverse Parking Lot,no,N/A,no,6: Saturday (Sa-Sa),17: 4pm (4pm-5pm),149,1006,1006,0.3,0.3,1,1,4.125,0.351,0.059,0.118,0.118,0.059,0.118,0.118,0.000,0.000,0.000,0.059,0.000,0.000,1.000,0.000,0.000,0.000,0.000,0.000,0.412,0.353,0.118,0.118,0.000,0.353,0.118,0.118,0.176,0.059,0.176
Pedestrian - StL Pedestrian Index,Trip End,,Inverse Parking Lot,no,N/A,no,6: Saturday (Sa-Sa),18: 5pm (5pm-6pm),36,884,884,0.7,0.7,3,3,3.816,0.000,0.250,0.000,0.750,0.000,0.000,0.000,0.000,0.000,0.000,0.000,0.000,0.000,0.750,0.000,0.250,0.000,0.000,0.000,0.250,0.500,0.000,0.000,0.000,0.250,0.250,0.250,0.000,0.000,0.250
Pedestrian - StL Pedestrian Index,Trip End,,Inverse Parking Lot,no,N/A,no,6: Saturday (Sa-Sa),19: 6pm (6pm-7pm),18,498,498,0.2,0.2,3,3,4.213,0.500,0.000,0.000,0.500,0.000,0.000,0.000,0.000,0.000,0.000,0.000,0.000,0.000,1.000,0.000,0.000,0.000,0.000,0.000,0.000,0.500,0.000,0.000,0.500,0.500,0.000,0.000,0.000,0.000,0.500
Pedestrian - StL Pedestrian Index,Trip End,,Inverse Parking Lot,no,N/A,no,6: Saturday (Sa-Sa),20: 7pm (7pm-8pm),26,1431,1431,0.3,0.3,1,1,3.984,0.000,0.334,0.333,0.000,0.000,0.000,0.000,0.000,0.000,0.000,0.333,0.000,0.000,1.000,0.000,0.000,0.000,0.000,0.000,0.333,0.667,0.000,0.000,0.000,0.667,0.000,0.000,0.000,0.000,0.333
Pedestrian - StL Pedestrian Index,Trip End,,Inverse Parking Lot,no,N/A,no,6: Saturday (Sa-Sa),21: 8pm (8pm-9pm),19,995,995,0.2,0.2,1,1,2.786,0.000,0.500,0.000,0.000,0.500,0.000,0.000,0.000,0.000,0.000,0.000,0.000,0.000,1.000,0.000,0.000,0.000,0.000,0.000,1.000,0.000,0.000,0.000,0.000,0.500,0.000,0.000,0.500,0.000,0.000
Pedestrian - StL Pedestrian Index,Trip End,,Inverse Parking Lot,no,N/A,no,6: Saturday (Sa-Sa),22: 9pm (9pm-10pm),8,136,136,0.1,0.1,2,2,1.156,1.000,0.000,0.000,0.000,0.000,0.000,0.000,0.000,0.000,0.000,0.000,0.000,0.000,1.000,0.000,0.000,0.000,0.000,0.000,0.000,1.000,0.000,0.000,0.000,1.000,0.000,0.000,0.000,0.000,0.000
Pedestrian - StL Pedestrian Index,Trip End,,Inverse Parking Lot,no,N/A,no,6: Saturday (Sa-Sa),23: 10pm (10pm-11pm),8,295,295,0.1,0.1,1,1,1.648,1.000,0.000,0.000,0.000,0.000,0.000,0.000,0.000,0.000,0.000,0.000,0.000,0.000,1.000,0.000,0.000,0.000,0.000,0.000,0.000,1.000,0.000,0.000,0.000,1.000,0.000,0.000,0.000,0.000,0.000
Pedestrian - StL Pedestrian Index,Trip End,,Inverse Parking Lot,no,N/A,no,7: Sunday (Su-Su),00: All Day (12am-12am),1385,1111,1111,0.4,0.4,1,1,2.928,0.142,0.187,0.155,0.161,0.129,0.071,0.039,0.026,0.026,0.026,0.013,0.006,0.019,0.916,0.058,0.026,0.000,0.000,0.000,0.387,0.439,0.097,0.052,0.013,0.548,0.181,0.110,0.058,0.019,0.084
Pedestrian - StL Pedestrian Index,Trip End,,Inverse Parking Lot,no,N/A,no,7: Sunday (Su-Su),01: 12am (12am-1am),19,2005,2005,2.0,2.0,4,4,2.656,0.000,0.000,0.000,0.500,0.000,0.000,0.000,0.000,0.000,0.500,0.000,0.000,0.000,0.000,0.500,0.500,0.000,0.000,0.000,0.000,0.000,0.000,1.000,0.000,0.500,0.000,0.500,0.000,0.000,0.000
Pedestrian - StL Pedestrian Index,Trip End,,Inverse Parking Lot,no,N/A,no,7: Sunday (Su-Su),05: 4am (4am-5am),34,240,240,0.1,0.1,2,2,1.903,0.750,0.250,0.000,0.000,0.000,0.000,0.000,0.000,0.000,0.000,0.000,0.000,0.000,1.000,0.000,0.000,0.000,0.000,0.000,0.250,0.500,0.000,0.250,0.000,0.500,0.250,0.250,0.000,0.000,0.000
Pedestrian - StL Pedestrian Index,Trip End,,Inverse Parking Lot,no,N/A,no,7: Sunday (Su-Su),06: 5am (5am-6am),54,1148,1148,0.3,0.3,1,1,2.011,0.167,0.000,0.167,0.167,0.167,0.332,0.000,0.000,0.000,0.000,0.000,0.000,0.000,1.000,0.000,0.000,0.000,0.000,0.000,0.667,0.333,0.000,0.000,0.000,0.333,0.667,0.000,0.000,0.000,0.000
Pedestrian - StL Pedestrian Index,Trip End,,Inverse Parking Lot,no,N/A,no,7: Sunday (Su-Su),07: 6am (6am-7am),44,1119,1119,0.2,0.2,1,1,2.004,0.400,0.000,0.000,0.000,0.400,0.000,0.000,0.200,0.000,0.000,0.000,0.000,0.000,1.000,0.000,0.000,0.000,0.000,0.000,0.600,0.200,0.000,0.200,0.000,0.800,0.000,0.200,0.000,0.000,0.000
Pedestrian - StL Pedestrian Index,Trip End,,Inverse Parking Lot,no,N/A,no,7: Sunday (Su-Su),09: 8am (8am-9am),26,671,671,0.2,0.2,1,1,2.328,0.000,0.333,0.667,0.000,0.000,0.000,0.000,0.000,0.000,0.000,0.000,0.000,0.000,1.000,0.000,0.000,0.000,0.000,0.000,0.667,0.333,0.000,0.000,0.000,0.667,0.000,0.333,0.000,0.000,0.000
Pedestrian - StL Pedestrian Index,Trip End,,Inverse Parking Lot,no,N/A,no,7: Sunday (Su-Su),10: 9am (9am-10am),62,662,662,0.2,0.2,1,1,2.234,0.000,0.571,0.143,0.286,0.000,0.000,0.000,0.000,0.000,0.000,0.000,0.000,0.000,1.000,0.000,0.000,0.000,0.000,0.000,0.286,0.714,0.000,0.000,0.000,0.571,0.143,0.286,0.000,0.000,0.000
Pedestrian - StL Pedestrian Index,Trip End,,Inverse Parking Lot,no,N/A,no,7: Sunday (Su-Su),11: 10am (10am-11am),53,940,940,0.2,0.2,1,1,3.938,0.167,0.167,0.000,0.499,0.000,0.000,0.167,0.000,0.000,0.000,0.000,0.000,0.000,1.000,0.000,0.000,0.000,0.000,0.000,0.500,0.500,0.000,0.000,0.000,0.499,0.000,0.167,0.167,0.000,0.167
Pedestrian - StL Pedestrian Index,Trip End,,Inverse Parking Lot,no,N/A,no,7: Sunday (Su-Su),12: 11am (11am-12noon),162,1496,1496,0.6,0.6,2,2,3.017,0.056,0.167,0.000,0.220,0.167,0.111,0.111,0.000,0.056,0.000,0.056,0.000,0.056,0.778,0.111,0.111,0.000,0.000,0.000,0.389,0.333,0.167,0.000,0.056,0.499,0.167,0.167,0.056,0.000,0.111
Pedestrian - StL Pedestrian Index,Trip End,,Inverse Parking Lot,no,N/A,no,7: Sunday (Su-Su),13: 12pm (12noon-1pm),109,1568,1568,0.4,0.4,1,1,3.077,0.083,0.000,0.083,0.334,0.083,0.167,0.000,0.000,0.000,0.167,0.000,0.083,0.000,0.833,0.167,0.000,0.000,0.000,0.000,0.500,0.333,0.083,0.083,0.000,0.500,0.083,0.167,0.083,0.000,0.167
Pedestrian - StL Pedestrian Index,Trip End,,Inverse Parking Lot,no,N/A,no,7: Sunday (Su-Su),14: 1pm (1pm-2pm),175,1141,1141,0.3,0.3,1,1,2.312,0.100,0.300,0.150,0.200,0.100,0.000,0.050,0.000,0.050,0.000,0.000,0.000,0.050,0.950,0.050,0.000,0.000,0.000,0.000,0.350,0.550,0.050,0.050,0.000,0.600,0.200,0.050,0.050,0.050,0.050
Pedestrian - StL Pedestrian Index,Trip End,,Inverse Parking Lot,no,N/A,no,7: Sunday (Su-Su),15: 2pm (2pm-3pm),143,1021,1021,0.5,0.5,2,2,5.295,0.063,0.250,0.310,0.063,0.125,0.000,0.063,0.063,0.063,0.000,0.000,0.000,0.000,0.937,0.000,0.063,0.000,0.000,0.000,0.375,0.375,0.188,0.000,0.063,0.313,0.373,0.063,0.063,0.063,0.125
Pedestrian - StL Pedestrian Index,Trip End,,Inverse Parking Lot,no,N/A,no,7: Sunday (Su-Su),16: 3pm (3pm-4pm),162,870,870,0.3,0.3,1,1,3.066,0.276,0.167,0.111,0.167,0.111,0.056,0.000,0.056,0.000,0.056,0.000,0.000,0.000,0.944,0.056,0.000,0.000,0.000,0.000,0.167,0.611,0.222,0.000,0.000,0.554,0.167,0.000,0.056,0.056,0.167
Pedestrian - StL Pedestrian Index,Trip End,,Inverse Parking Lot,no,N/A,no,7: Sunday (Su-Su),17: 4pm (4pm-5pm),125,1244,1244,0.5,0.5,2,2,2.231,0.071,0.071,0.359,0.071,0.143,0.143,0.000,0.071,0.000,0.000,0.000,0.000,0.071,0.929,0.071,0.000,0.000,0.000,0.000,0.286,0.500,0.143,0.071,0.000,0.715,0.071,0.000,0.143,0.000,0.071
Pedestrian - StL Pedestrian Index,Trip End,,Inverse Parking Lot,no,N/A,no,7: Sunday (Su-Su),18: 5pm (5pm-6pm),80,851,851,0.2,0.2,2,2,1.950,0.334,0.222,0.222,0.000,0.000,0.111,0.000,0.000,0.000,0.000,0.111,0.000,0.000,1.000,0.000,0.000,0.000,0.000,0.000,0.333,0.556,0.000,0.000,0.000,0.556,0.333,0.111,0.000,0.000,0.000
Pedestrian - StL Pedestrian Index,Trip End,,Inverse Parking Lot,no,N/A,no,7: Sunday (Su-Su),19: 6pm (6pm-7pm),116,1179,1179,0.3,0.3,1,1,1.968,0.000,0.231,0.154,0.077,0.307,0.077,0.077,0.000,0.077,0.000,0.000,0.000,0.000,0.923,0.077,0.000,0.000,0.000,0.000,0.615,0.231,0.077,0.077,0.000,0.692,0.077,0.154,0.077,0.000,0.000
Pedestrian - StL Pedestrian Index,Trip End,,Inverse Parking Lot,no,N/A,no,7: Sunday (Su-Su),20: 7pm (7pm-8pm),18,734,734,0.1,0.1,1,1,10.421,0.500,0.000,0.000,0.000,0.500,0.000,0.000,0.000,0.000,0.000,0.000,0.000,0.000,1.000,0.000,0.000,0.000,0.000,0.000,0.500,0.500,0.000,0.000,0.000,0.500,0.000,0.000,0.000,0.000,0.500
