Mode of Travel,Origin Zone ID,Origin Zone Name,Origin Zone Is Pass-Through,Origin Zone Direction (degrees),Origin Zone is Bi-Direction,Destination Zone ID,Destination Zone Name,Destination Zone Is Pass-Through,Destination Zone Direction (degrees),Destination Zone is Bi-Direction,Day Type,Day Part,Average Daily O-D Traffic (StL Index),Income Less than 20K (percent),Income 20K to 35K (percent),Income 35K to 50K (percent),Income 50K to 75K (percent),Income 75K to 100K (percent),Income 100K to 125K (percent),Income 125K to 150K (percent),Income 150K to 200K (percent),Income More than 200K (percent),No High School Diploma (percent),High School Diploma (percent),Some College (percent),Bachelor's Degree (percent),Graduate Degree (percent),White (percent),Black (percent),Indian (percent),Asian (percent),Islander (percent),Other Race (percent),Multiple Races (percent),Hispanic (percent),With Kids (percent),With No Kids (percent),With Kids under 6 years (percent),With Kids between 6-17 years (percent),Purpose HBW (percent),Purpose HBO (percent),Purpose NHB (percent)
Pedestrian - StL Pedestrian Index,,Cadillac Summit and Trails Pedestrian Only,no,N/A,no,,Cadillac Summit and Trails Pedestrian Only,no,N/A,no,0: All Days (M-Su),00: All Day (12am-12am),1126,0.138,0.134,0.128,0.183,0.132,0.096,0.060,0.061,0.068,0.093,0.282,0.259,0.215,0.151,0.869,0.036,0.004,0.051,0.000,0.020,0.020,0.067,0.315,0.685,0.127,0.244,0.000,0.000,1.000
Pedestrian - StL Pedestrian Index,,Cadillac Summit and Trails Pedestrian Only,no,N/A,no,,Cadillac Summit and Trails Pedestrian Only,no,N/A,no,0: All Days (M-Su),04: 3am (3am-4am),4,0.166,0.158,0.090,0.258,0.057,0.111,0.044,0.036,0.080,0.053,0.272,0.228,0.177,0.270,0.894,0.023,0.007,0.044,0.001,0.012,0.019,0.027,0.175,0.825,0.057,0.147,0.000,0.000,1.000
Pedestrian - StL Pedestrian Index,,Cadillac Summit and Trails Pedestrian Only,no,N/A,no,,Cadillac Summit and Trails Pedestrian Only,no,N/A,no,0: All Days (M-Su),05: 4am (4am-5am),51,0.122,0.133,0.100,0.162,0.126,0.099,0.078,0.075,0.105,0.098,0.241,0.225,0.256,0.180,0.866,0.038,0.003,0.051,0.000,0.025,0.017,0.122,0.353,0.647,0.146,0.269,0.000,0.000,1.000
Pedestrian - StL Pedestrian Index,,Cadillac Summit and Trails Pedestrian Only,no,N/A,no,,Cadillac Summit and Trails Pedestrian Only,no,N/A,no,0: All Days (M-Su),06: 5am (5am-6am),45,0.106,0.117,0.094,0.199,0.135,0.123,0.071,0.080,0.075,0.073,0.248,0.256,0.256,0.167,0.901,0.021,0.004,0.044,0.000,0.017,0.013,0.055,0.280,0.720,0.112,0.215,0.000,0.000,1.000
Pedestrian - StL Pedestrian Index,,Cadillac Summit and Trails Pedestrian Only,no,N/A,no,,Cadillac Summit and Trails Pedestrian Only,no,N/A,no,0: All Days (M-Su),07: 6am (6am-7am),31,0.140,0.168,0.130,0.199,0.138,0.102,0.051,0.050,0.022,0.077,0.302,0.258,0.239,0.124,0.859,0.046,0.003,0.047,0.000,0.019,0.026,0.071,0.353,0.647,0.173,0.252,0.000,0.000,1.000
Pedestrian - StL Pedestrian Index,,Cadillac Summit and Trails Pedestrian Only,no,N/A,no,,Cadillac Summit and Trails Pedestrian Only,no,N/A,no,0: All Days (M-Su),08: 7am (7am-8am),11,0.136,0.099,0.137,0.209,0.161,0.096,0.040,0.045,0.077,0.051,0.238,0.194,0.270,0.247,0.818,0.091,0.004,0.042,0.000,0.022,0.023,0.059,0.247,0.753,0.113,0.180,0.000,0.000,1.000
Pedestrian - StL Pedestrian Index,,Cadillac Summit and Trails Pedestrian Only,no,N/A,no,,Cadillac Summit and Trails Pedestrian Only,no,N/A,no,0: All Days (M-Su),09: 8am (8am-9am),19,0.082,0.125,0.123,0.216,0.120,0.115,0.084,0.070,0.065,0.095,0.297,0.252,0.217,0.139,0.973,0.008,0.000,0.011,0.000,0.002,0.006,0.011,0.264,0.736,0.106,0.216,0.000,0.000,1.000
Pedestrian - StL Pedestrian Index,,Cadillac Summit and Trails Pedestrian Only,no,N/A,no,,Cadillac Summit and Trails Pedestrian Only,no,N/A,no,0: All Days (M-Su),10: 9am (9am-10am),37,0.126,0.119,0.148,0.185,0.130,0.111,0.061,0.065,0.055,0.088,0.319,0.266,0.218,0.109,0.900,0.013,0.002,0.052,0.000,0.007,0.026,0.041,0.311,0.689,0.109,0.256,0.000,0.000,1.000
Pedestrian - StL Pedestrian Index,,Cadillac Summit and Trails Pedestrian Only,no,N/A,no,,Cadillac Summit and Trails Pedestrian Only,no,N/A,no,0: All Days (M-Su),11: 10am (10am-11am),90,0.143,0.109,0.118,0.172,0.129,0.103,0.065,0.090,0.071,0.097,0.254,0.236,0.235,0.178,0.823,0.029,0.005,0.085,0.002,0.032,0.024,0.093,0.333,0.667,0.130,0.257,0.000,0.000,1.000
Pedestrian - StL Pedestrian Index,,Cadillac Summit and Trails Pedestrian Only,no,N/A,no,,Cadillac Summit and Trails Pedestrian Only,no,N/A,no,0: All Days (M-Su),12: 11am (11am-12noon),137,0.138,0.147,0.137,0.181,0.138,0.089,0.063,0.055,0.052,0.092,0.289,0.272,0.206,0.141,0.903,0.028,0.003,0.029,0.000,0.019,0.018,0.060,0.310,0.690,0.122,0.248,0.000,0.000,1.000
Pedestrian - StL Pedestrian Index,,Cadillac Summit and Trails Pedestrian Only,no,N/A,no,,Cadillac Summit and Trails Pedestrian Only,no,N/A,no,0: All Days (M-Su),13: 12pm (12noon-1pm),96,0.119,0.118,0.134,0.181,0.138,0.098,0.058,0.066,0.088,0.093,0.263,0.259,0.223,0.162,0.865,0.055,0.003,0.046,0.000,0.009,0.022,0.063,0.332,0.668,0.124,0.267,0.000,0.000,1.000
Pedestrian - StL Pedestrian Index,,Cadillac Summit and Trails Pedestrian Only,no,N/A,no,,Cadillac Summit and Trails Pedestrian Only,no,N/A,no,0: All Days (M-Su),14: 1pm (1pm-2pm),109,0.146,0.149,0.130,0.198,0.127,0.093,0.050,0.053,0.054,0.103,0.298,0.249,0.217,0.133,0.843,0.049,0.005,0.056,0.000,0.025,0.022,0.069,0.295,0.705,0.120,0.230,0.000,0.000,1.000
Pedestrian - StL Pedestrian Index,,Cadillac Summit and Trails Pedestrian Only,no,N/A,no,,Cadillac Summit and Trails Pedestrian Only,no,N/A,no,0: All Days (M-Su),15: 2pm (2pm-3pm),123,0.153,0.135,0.142,0.189,0.130,0.085,0.051,0.049,0.066,0.097,0.292,0.275,0.205,0.131,0.885,0.047,0.003,0.024,0.000,0.026,0.015,0.066,0.312,0.688,0.131,0.239,0.000,0.000,1.000
Pedestrian - StL Pedestrian Index,,Cadillac Summit and Trails Pedestrian Only,no,N/A,no,,Cadillac Summit and Trails Pedestrian Only,no,N/A,no,0: All Days (M-Su),16: 3pm (3pm-4pm),96,0.156,0.158,0.130,0.173,0.108,0.091,0.057,0.043,0.084,0.077,0.291,0.266,0.194,0.172,0.894,0.022,0.003,0.055,0.000,0.010,0.016,0.043,0.302,0.698,0.108,0.237,0.000,0.000,1.000
Pedestrian - StL Pedestrian Index,,Cadillac Summit and Trails Pedestrian Only,no,N/A,no,,Cadillac Summit and Trails Pedestrian Only,no,N/A,no,0: All Days (M-Su),17: 4pm (4pm-5pm),84,0.124,0.138,0.125,0.215,0.140,0.106,0.054,0.054,0.044,0.092,0.313,0.276,0.199,0.120,0.885,0.031,0.003,0.045,0.002,0.014,0.020,0.051,0.309,0.691,0.123,0.242,0.000,0.000,1.000
Pedestrian - StL Pedestrian Index,,Cadillac Summit and Trails Pedestrian Only,no,N/A,no,,Cadillac Summit and Trails Pedestrian Only,no,N/A,no,0: All Days (M-Su),18: 5pm (5pm-6pm),78,0.133,0.117,0.118,0.171,0.145,0.090,0.061,0.067,0.098,0.070,0.249,0.258,0.231,0.192,0.869,0.014,0.003,0.087,0.000,0.011,0.016,0.057,0.309,0.691,0.139,0.225,0.000,0.000,1.000
Pedestrian - StL Pedestrian Index,,Cadillac Summit and Trails Pedestrian Only,no,N/A,no,,Cadillac Summit and Trails Pedestrian Only,no,N/A,no,0: All Days (M-Su),19: 6pm (6pm-7pm),46,0.144,0.143,0.153,0.162,0.132,0.085,0.044,0.076,0.061,0.090,0.322,0.268,0.195,0.125,0.863,0.040,0.005,0.052,0.000,0.017,0.023,0.062,0.329,0.671,0.143,0.244,0.000,0.000,1.000
Pedestrian - StL Pedestrian Index,,Cadillac Summit and Trails Pedestrian Only,no,N/A,no,,Cadillac Summit and Trails Pedestrian Only,no,N/A,no,0: All Days (M-Su),20: 7pm (7pm-8pm),41,0.164,0.134,0.137,0.181,0.143,0.083,0.064,0.057,0.037,0.148,0.325,0.250,0.170,0.107,0.771,0.062,0.007,0.072,0.001,0.055,0.032,0.122,0.338,0.662,0.141,0.259,0.000,0.000,1.000
Pedestrian - StL Pedestrian Index,,Cadillac Summit and Trails Pedestrian Only,no,N/A,no,,Cadillac Summit and Trails Pedestrian Only,no,N/A,no,0: All Days (M-Su),21: 8pm (8pm-9pm),10,0.194,0.105,0.131,0.184,0.131,0.057,0.074,0.064,0.060,0.140,0.339,0.243,0.178,0.100,0.727,0.068,0.008,0.082,0.000,0.070,0.045,0.115,0.347,0.653,0.107,0.294,0.000,0.000,1.000
Pedestrian - StL Pedestrian Index,,Cadillac Summit and Trails Pedestrian Only,no,N/A,no,,Cadillac Summit and Trails Pedestrian Only,no,N/A,no,0: All Days (M-Su),22: 9pm (9pm-10pm),10,0.128,0.121,0.111,0.165,0.145,0.166,0.076,0.056,0.032,0.098,0.217,0.289,0.199,0.197,0.878,0.021,0.003,0.067,0.000,0.012,0.019,0.037,0.313,0.687,0.179,0.213,0.000,0.000,1.000
Pedestrian - StL Pedestrian Index,,Cadillac Summit and Trails Pedestrian Only,no,N/A,no,,Cadillac Summit and Trails Pedestrian Only,no,N/A,no,0: All Days (M-Su),23: 10pm (10pm-11pm),4,0.057,0.129,0.075,0.156,0.113,0.106,0.131,0.105,0.128,0.063,0.219,0.238,0.247,0.233,0.881,0.029,0.009,0.068,0.000,0.004,0.009,0.017,0.368,0.632,0.095,0.324,0.000,0.000,1.000
Pedestrian - StL Pedestrian Index,,Cadillac Summit and Trails Pedestrian Only,no,N/A,no,,Cadillac Summit and Trails Pedestrian Only,no,N/A,no,0: All Days (M-Su),24: 11pm (11pm-12am),4,0.101,0.097,0.072,0.155,0.128,0.154,0.087,0.108,0.098,0.075,0.216,0.177,0.209,0.323,0.830,0.018,0.009,0.072,0.000,0.044,0.027,0.058,0.303,0.697,0.111,0.233,0.000,0.000,1.000
Pedestrian - StL Pedestrian Index,,Cadillac Summit and Trails Pedestrian Only,no,N/A,no,,Cadillac Summit and Trails Pedestrian Only,no,N/A,no,1: Monday (M-M),00: All Day (12am-12am),1236,0.143,0.135,0.140,0.172,0.123,0.101,0.057,0.063,0.066,0.096,0.307,0.260,0.201,0.136,0.861,0.043,0.004,0.048,0.000,0.025,0.019,0.056,0.322,0.678,0.128,0.246,0.000,0.000,1.000
Pedestrian - StL Pedestrian Index,,Cadillac Summit and Trails Pedestrian Only,no,N/A,no,,Cadillac Summit and Trails Pedestrian Only,no,N/A,no,1: Monday (M-M),05: 4am (4am-5am),26,0.181,0.147,0.183,0.141,0.100,0.101,0.051,0.066,0.030,0.097,0.303,0.298,0.206,0.096,0.822,0.026,0.004,0.095,0.000,0.031,0.022,0.056,0.417,0.583,0.141,0.311,0.000,0.000,1.000
Pedestrian - StL Pedestrian Index,,Cadillac Summit and Trails Pedestrian Only,no,N/A,no,,Cadillac Summit and Trails Pedestrian Only,no,N/A,no,1: Monday (M-M),06: 5am (5am-6am),20,0.062,0.028,0.036,0.173,0.130,0.168,0.068,0.133,0.202,0.036,0.196,0.248,0.236,0.284,0.979,0.001,0.004,0.009,0.000,0.001,0.006,0.038,0.283,0.717,0.171,0.121,0.000,0.000,1.000
Pedestrian - StL Pedestrian Index,,Cadillac Summit and Trails Pedestrian Only,no,N/A,no,,Cadillac Summit and Trails Pedestrian Only,no,N/A,no,1: Monday (M-M),07: 6am (6am-7am),100,0.113,0.180,0.125,0.192,0.126,0.124,0.062,0.058,0.020,0.061,0.308,0.255,0.244,0.132,0.870,0.028,0.005,0.047,0.000,0.023,0.027,0.070,0.353,0.647,0.174,0.237,0.000,0.000,1.000
Pedestrian - StL Pedestrian Index,,Cadillac Summit and Trails Pedestrian Only,no,N/A,no,,Cadillac Summit and Trails Pedestrian Only,no,N/A,no,1: Monday (M-M),09: 8am (8am-9am),60,0.071,0.100,0.122,0.195,0.142,0.142,0.114,0.058,0.056,0.063,0.245,0.245,0.275,0.172,0.966,0.006,0.000,0.018,0.000,0.004,0.006,0.018,0.319,0.681,0.121,0.246,0.000,0.000,1.000
Pedestrian - StL Pedestrian Index,,Cadillac Summit and Trails Pedestrian Only,no,N/A,no,,Cadillac Summit and Trails Pedestrian Only,no,N/A,no,1: Monday (M-M),10: 9am (9am-10am),35,0.086,0.084,0.101,0.191,0.098,0.109,0.075,0.114,0.142,0.073,0.235,0.204,0.308,0.180,0.593,0.016,0.000,0.355,0.000,0.001,0.035,0.018,0.368,0.632,0.163,0.259,0.000,0.000,1.000
Pedestrian - StL Pedestrian Index,,Cadillac Summit and Trails Pedestrian Only,no,N/A,no,,Cadillac Summit and Trails Pedestrian Only,no,N/A,no,1: Monday (M-M),11: 10am (10am-11am),86,0.141,0.078,0.108,0.191,0.113,0.109,0.083,0.087,0.090,0.071,0.290,0.237,0.255,0.147,0.874,0.013,0.000,0.091,0.000,0.003,0.019,0.008,0.424,0.576,0.126,0.357,0.000,0.000,1.000
Pedestrian - StL Pedestrian Index,,Cadillac Summit and Trails Pedestrian Only,no,N/A,no,,Cadillac Summit and Trails Pedestrian Only,no,N/A,no,1: Monday (M-M),12: 11am (11am-12noon),169,0.212,0.171,0.188,0.179,0.119,0.081,0.030,0.010,0.010,0.152,0.347,0.268,0.180,0.053,0.857,0.034,0.006,0.021,0.001,0.056,0.025,0.091,0.234,0.766,0.100,0.173,0.000,0.000,1.000
Pedestrian - StL Pedestrian Index,,Cadillac Summit and Trails Pedestrian Only,no,N/A,no,,Cadillac Summit and Trails Pedestrian Only,no,N/A,no,1: Monday (M-M),13: 12pm (12noon-1pm),134,0.117,0.116,0.147,0.169,0.135,0.098,0.049,0.084,0.085,0.115,0.305,0.237,0.211,0.132,0.878,0.026,0.000,0.065,0.000,0.011,0.020,0.046,0.351,0.649,0.132,0.266,0.000,0.000,1.000
Pedestrian - StL Pedestrian Index,,Cadillac Summit and Trails Pedestrian Only,no,N/A,no,,Cadillac Summit and Trails Pedestrian Only,no,N/A,no,1: Monday (M-M),14: 1pm (1pm-2pm),82,0.168,0.174,0.142,0.198,0.135,0.081,0.026,0.033,0.043,0.157,0.318,0.282,0.146,0.097,0.804,0.091,0.002,0.033,0.000,0.058,0.012,0.108,0.365,0.635,0.157,0.293,0.000,0.000,1.000
Pedestrian - StL Pedestrian Index,,Cadillac Summit and Trails Pedestrian Only,no,N/A,no,,Cadillac Summit and Trails Pedestrian Only,no,N/A,no,1: Monday (M-M),15: 2pm (2pm-3pm),181,0.161,0.136,0.136,0.167,0.136,0.091,0.040,0.062,0.071,0.099,0.309,0.284,0.173,0.135,0.777,0.127,0.006,0.033,0.000,0.036,0.021,0.081,0.286,0.714,0.116,0.218,0.000,0.000,1.000
Pedestrian - StL Pedestrian Index,,Cadillac Summit and Trails Pedestrian Only,no,N/A,no,,Cadillac Summit and Trails Pedestrian Only,no,N/A,no,1: Monday (M-M),16: 3pm (3pm-4pm),88,0.160,0.151,0.120,0.173,0.104,0.106,0.063,0.057,0.066,0.092,0.351,0.250,0.188,0.119,0.918,0.006,0.011,0.036,0.000,0.009,0.020,0.026,0.345,0.655,0.156,0.254,0.000,0.000,1.000
Pedestrian - StL Pedestrian Index,,Cadillac Summit and Trails Pedestrian Only,no,N/A,no,,Cadillac Summit and Trails Pedestrian Only,no,N/A,no,1: Monday (M-M),17: 4pm (4pm-5pm),37,0.127,0.101,0.087,0.155,0.122,0.140,0.099,0.102,0.067,0.055,0.258,0.283,0.231,0.173,0.928,0.019,0.001,0.035,0.000,0.007,0.010,0.034,0.400,0.600,0.119,0.331,0.000,0.000,1.000
Pedestrian - StL Pedestrian Index,,Cadillac Summit and Trails Pedestrian Only,no,N/A,no,,Cadillac Summit and Trails Pedestrian Only,no,N/A,no,1: Monday (M-M),18: 5pm (5pm-6pm),56,0.047,0.094,0.146,0.217,0.148,0.076,0.084,0.073,0.115,0.057,0.285,0.290,0.195,0.173,0.968,0.003,0.004,0.019,0.000,0.000,0.006,0.004,0.330,0.670,0.131,0.249,0.000,0.000,1.000
Pedestrian - StL Pedestrian Index,,Cadillac Summit and Trails Pedestrian Only,no,N/A,no,,Cadillac Summit and Trails Pedestrian Only,no,N/A,no,1: Monday (M-M),19: 6pm (6pm-7pm),71,0.183,0.160,0.215,0.134,0.090,0.085,0.034,0.053,0.046,0.049,0.393,0.284,0.142,0.132,0.935,0.012,0.005,0.022,0.000,0.007,0.019,0.022,0.284,0.716,0.122,0.218,0.000,0.000,1.000
Pedestrian - StL Pedestrian Index,,Cadillac Summit and Trails Pedestrian Only,no,N/A,no,,Cadillac Summit and Trails Pedestrian Only,no,N/A,no,1: Monday (M-M),20: 7pm (7pm-8pm),26,0.100,0.123,0.097,0.079,0.112,0.130,0.097,0.110,0.152,0.058,0.195,0.214,0.303,0.230,0.904,0.017,0.003,0.055,0.000,0.014,0.007,0.076,0.312,0.688,0.105,0.248,0.000,0.000,1.000
Pedestrian - StL Pedestrian Index,,Cadillac Summit and Trails Pedestrian Only,no,N/A,no,,Cadillac Summit and Trails Pedestrian Only,no,N/A,no,1: Monday (M-M),21: 8pm (8pm-9pm),22,0.072,0.081,0.083,0.142,0.107,0.094,0.150,0.109,0.162,0.036,0.231,0.236,0.278,0.219,0.895,0.030,0.000,0.060,0.000,0.012,0.003,0.032,0.385,0.615,0.082,0.352,0.000,0.000,1.000
Pedestrian - StL Pedestrian Index,,Cadillac Summit and Trails Pedestrian Only,no,N/A,no,,Cadillac Summit and Trails Pedestrian Only,no,N/A,no,1: Monday (M-M),23: 10pm (10pm-11pm),15,0.048,0.162,0.098,0.223,0.149,0.138,0.106,0.075,0.001,0.113,0.332,0.290,0.166,0.099,0.906,0.017,0.022,0.027,0.000,0.009,0.019,0.040,0.238,0.762,0.099,0.170,0.000,0.000,1.000
Pedestrian - StL Pedestrian Index,,Cadillac Summit and Trails Pedestrian Only,no,N/A,no,,Cadillac Summit and Trails Pedestrian Only,no,N/A,no,1: Monday (M-M),24: 11pm (11pm-12am),30,0.101,0.097,0.072,0.155,0.128,0.154,0.087,0.108,0.098,0.075,0.216,0.177,0.209,0.323,0.830,0.018,0.009,0.072,0.000,0.044,0.027,0.058,0.303,0.697,0.111,0.233,0.000,0.000,1.000
Pedestrian - StL Pedestrian Index,,Cadillac Summit and Trails Pedestrian Only,no,N/A,no,,Cadillac Summit and Trails Pedestrian Only,no,N/A,no,2: Tuesday (Tu-Tu),00: All Day (12am-12am),942,0.115,0.127,0.115,0.192,0.129,0.105,0.061,0.073,0.083,0.108,0.265,0.244,0.225,0.158,0.844,0.036,0.004,0.069,0.000,0.025,0.022,0.087,0.320,0.680,0.131,0.242,0.000,0.000,1.000
Pedestrian - StL Pedestrian Index,,Cadillac Summit and Trails Pedestrian Only,no,N/A,no,,Cadillac Summit and Trails Pedestrian Only,no,N/A,no,2: Tuesday (Tu-Tu),05: 4am (4am-5am),73,0.074,0.114,0.071,0.157,0.127,0.112,0.087,0.087,0.171,0.062,0.222,0.253,0.284,0.179,0.929,0.021,0.002,0.029,0.000,0.011,0.008,0.081,0.376,0.624,0.168,0.269,0.000,0.000,1.000
Pedestrian - StL Pedestrian Index,,Cadillac Summit and Trails Pedestrian Only,no,N/A,no,,Cadillac Summit and Trails Pedestrian Only,no,N/A,no,2: Tuesday (Tu-Tu),06: 5am (5am-6am),50,0.109,0.085,0.047,0.207,0.129,0.093,0.095,0.120,0.115,0.039,0.151,0.205,0.356,0.249,0.889,0.011,0.001,0.062,0.001,0.019,0.017,0.056,0.156,0.844,0.050,0.112,0.000,0.000,1.000
Pedestrian - StL Pedestrian Index,,Cadillac Summit and Trails Pedestrian Only,no,N/A,no,,Cadillac Summit and Trails Pedestrian Only,no,N/A,no,2: Tuesday (Tu-Tu),10: 9am (9am-10am),40,0.137,0.160,0.193,0.175,0.128,0.092,0.052,0.030,0.033,0.118,0.286,0.324,0.179,0.093,0.904,0.039,0.006,0.012,0.002,0.013,0.024,0.138,0.266,0.734,0.059,0.243,0.000,0.000,1.000
Pedestrian - StL Pedestrian Index,,Cadillac Summit and Trails Pedestrian Only,no,N/A,no,,Cadillac Summit and Trails Pedestrian Only,no,N/A,no,2: Tuesday (Tu-Tu),11: 10am (10am-11am),87,0.181,0.135,0.081,0.143,0.154,0.115,0.046,0.061,0.084,0.180,0.267,0.231,0.188,0.134,0.786,0.009,0.004,0.087,0.000,0.085,0.029,0.216,0.388,0.612,0.171,0.303,0.000,0.000,1.000
Pedestrian - StL Pedestrian Index,,Cadillac Summit and Trails Pedestrian Only,no,N/A,no,,Cadillac Summit and Trails Pedestrian Only,no,N/A,no,2: Tuesday (Tu-Tu),12: 11am (11am-12noon),76,0.083,0.144,0.162,0.163,0.161,0.121,0.054,0.059,0.053,0.096,0.298,0.259,0.226,0.121,0.841,0.053,0.006,0.029,0.001,0.030,0.040,0.105,0.325,0.675,0.138,0.228,0.000,0.000,1.000
Pedestrian - StL Pedestrian Index,,Cadillac Summit and Trails Pedestrian Only,no,N/A,no,,Cadillac Summit and Trails Pedestrian Only,no,N/A,no,2: Tuesday (Tu-Tu),13: 12pm (12noon-1pm),136,0.118,0.122,0.140,0.151,0.138,0.129,0.078,0.072,0.052,0.099,0.284,0.237,0.189,0.191,0.833,0.043,0.005,0.093,0.000,0.001,0.025,0.049,0.282,0.718,0.096,0.221,0.000,0.000,1.000
Pedestrian - StL Pedestrian Index,,Cadillac Summit and Trails Pedestrian Only,no,N/A,no,,Cadillac Summit and Trails Pedestrian Only,no,N/A,no,2: Tuesday (Tu-Tu),14: 1pm (1pm-2pm),56,0.133,0.158,0.168,0.170,0.080,0.076,0.018,0.109,0.088,0.100,0.320,0.186,0.260,0.134,0.857,0.014,0.004,0.076,0.000,0.020,0.029,0.099,0.348,0.652,0.139,0.256,0.000,0.000,1.000
Pedestrian - StL Pedestrian Index,,Cadillac Summit and Trails Pedestrian Only,no,N/A,no,,Cadillac Summit and Trails Pedestrian Only,no,N/A,no,2: Tuesday (Tu-Tu),15: 2pm (2pm-3pm),131,0.168,0.171,0.132,0.238,0.120,0.075,0.054,0.022,0.020,0.114,0.269,0.263,0.237,0.117,0.869,0.054,0.002,0.029,0.001,0.030,0.015,0.063,0.240,0.760,0.123,0.164,0.000,0.000,1.000
Pedestrian - StL Pedestrian Index,,Cadillac Summit and Trails Pedestrian Only,no,N/A,no,,Cadillac Summit and Trails Pedestrian Only,no,N/A,no,2: Tuesday (Tu-Tu),16: 3pm (3pm-4pm),74,0.133,0.051,0.102,0.209,0.103,0.143,0.062,0.056,0.141,0.045,0.206,0.239,0.257,0.253,0.851,0.022,0.001,0.099,0.000,0.008,0.019,0.054,0.355,0.645,0.163,0.259,0.000,0.000,1.000
Pedestrian - StL Pedestrian Index,,Cadillac Summit and Trails Pedestrian Only,no,N/A,no,,Cadillac Summit and Trails Pedestrian Only,no,N/A,no,2: Tuesday (Tu-Tu),17: 4pm (4pm-5pm),92,0.066,0.151,0.135,0.324,0.114,0.063,0.050,0.061,0.036,0.184,0.339,0.263,0.139,0.075,0.783,0.095,0.004,0.060,0.000,0.034,0.024,0.103,0.327,0.673,0.134,0.261,0.000,0.000,1.000
Pedestrian - StL Pedestrian Index,,Cadillac Summit and Trails Pedestrian Only,no,N/A,no,,Cadillac Summit and Trails Pedestrian Only,no,N/A,no,2: Tuesday (Tu-Tu),18: 5pm (5pm-6pm),35,0.035,0.096,0.120,0.192,0.166,0.157,0.016,0.109,0.109,0.126,0.247,0.217,0.220,0.190,0.711,0.004,0.030,0.231,0.000,0.001,0.023,0.015,0.322,0.678,0.143,0.204,0.000,0.000,1.000
Pedestrian - StL Pedestrian Index,,Cadillac Summit and Trails Pedestrian Only,no,N/A,no,,Cadillac Summit and Trails Pedestrian Only,no,N/A,no,2: Tuesday (Tu-Tu),19: 6pm (6pm-7pm),65,0.098,0.124,0.105,0.154,0.130,0.092,0.041,0.150,0.106,0.109,0.309,0.262,0.196,0.124,0.839,0.017,0.004,0.097,0.000,0.020,0.023,0.055,0.414,0.586,0.168,0.316,0.000,0.000,1.000
Pedestrian - StL Pedestrian Index,,Cadillac Summit and Trails Pedestrian Only,no,N/A,no,,Cadillac Summit and Trails Pedestrian Only,no,N/A,no,2: Tuesday (Tu-Tu),20: 7pm (7pm-8pm),15,0.073,0.120,0.080,0.276,0.149,0.130,0.048,0.067,0.057,0.132,0.287,0.293,0.199,0.089,0.946,0.003,0.000,0.043,0.000,0.000,0.008,0.035,0.368,0.632,0.084,0.332,0.000,0.000,1.000
Pedestrian - StL Pedestrian Index,,Cadillac Summit and Trails Pedestrian Only,no,N/A,no,,Cadillac Summit and Trails Pedestrian Only,no,N/A,no,2: Tuesday (Tu-Tu),23: 10pm (10pm-11pm),11,0.063,0.105,0.059,0.105,0.087,0.082,0.150,0.127,0.222,0.026,0.135,0.199,0.307,0.333,0.862,0.037,0.000,0.099,0.000,0.000,0.002,0.001,0.463,0.537,0.092,0.436,0.000,0.000,1.000
Pedestrian - StL Pedestrian Index,,Cadillac Summit and Trails Pedestrian Only,no,N/A,no,,Cadillac Summit and Trails Pedestrian Only,no,N/A,no,3: Wednesday (W-W),00: All Day (12am-12am),788,0.141,0.120,0.120,0.165,0.138,0.090,0.064,0.064,0.098,0.098,0.269,0.259,0.209,0.165,0.825,0.055,0.006,0.055,0.000,0.032,0.027,0.092,0.350,0.650,0.152,0.270,0.000,0.000,1.000
Pedestrian - StL Pedestrian Index,,Cadillac Summit and Trails Pedestrian Only,no,N/A,no,,Cadillac Summit and Trails Pedestrian Only,no,N/A,no,3: Wednesday (W-W),04: 3am (3am-4am),11,0.153,0.205,0.054,0.191,0.050,0.125,0.048,0.041,0.133,0.044,0.279,0.150,0.216,0.311,0.877,0.034,0.000,0.043,0.000,0.022,0.024,0.048,0.142,0.858,0.044,0.123,0.000,0.000,1.000
Pedestrian - StL Pedestrian Index,,Cadillac Summit and Trails Pedestrian Only,no,N/A,no,,Cadillac Summit and Trails Pedestrian Only,no,N/A,no,3: Wednesday (W-W),05: 4am (4am-5am),37,0.064,0.122,0.103,0.139,0.183,0.084,0.077,0.126,0.102,0.079,0.251,0.252,0.197,0.221,0.577,0.172,0.001,0.184,0.000,0.038,0.028,0.137,0.376,0.624,0.141,0.303,0.000,0.000,1.000
Pedestrian - StL Pedestrian Index,,Cadillac Summit and Trails Pedestrian Only,no,N/A,no,,Cadillac Summit and Trails Pedestrian Only,no,N/A,no,3: Wednesday (W-W),06: 5am (5am-6am),11,0.153,0.151,0.233,0.203,0.169,0.033,0.026,0.003,0.029,0.115,0.328,0.295,0.165,0.097,0.881,0.090,0.002,0.000,0.000,0.009,0.018,0.013,0.436,0.564,0.173,0.351,0.000,0.000,1.000
Pedestrian - StL Pedestrian Index,,Cadillac Summit and Trails Pedestrian Only,no,N/A,no,,Cadillac Summit and Trails Pedestrian Only,no,N/A,no,3: Wednesday (W-W),07: 6am (6am-7am),40,0.168,0.157,0.117,0.091,0.120,0.103,0.055,0.118,0.071,0.134,0.250,0.227,0.218,0.171,0.697,0.154,0.001,0.080,0.000,0.050,0.018,0.129,0.437,0.563,0.129,0.376,0.000,0.000,1.000
Pedestrian - StL Pedestrian Index,,Cadillac Summit and Trails Pedestrian Only,no,N/A,no,,Cadillac Summit and Trails Pedestrian Only,no,N/A,no,3: Wednesday (W-W),10: 9am (9am-10am),15,0.200,0.182,0.209,0.199,0.074,0.106,0.012,0.014,0.004,0.127,0.339,0.238,0.234,0.062,0.987,0.002,0.003,0.000,0.000,0.006,0.002,0.008,0.191,0.809,0.089,0.184,0.000,0.000,1.000
Pedestrian - StL Pedestrian Index,,Cadillac Summit and Trails Pedestrian Only,no,N/A,no,,Cadillac Summit and Trails Pedestrian Only,no,N/A,no,3: Wednesday (W-W),11: 10am (10am-11am),26,0.083,0.070,0.100,0.188,0.106,0.146,0.079,0.071,0.157,0.070,0.181,0.195,0.296,0.258,0.776,0.061,0.009,0.070,0.000,0.053,0.031,0.128,0.301,0.699,0.147,0.203,0.000,0.000,1.000
Pedestrian - StL Pedestrian Index,,Cadillac Summit and Trails Pedestrian Only,no,N/A,no,,Cadillac Summit and Trails Pedestrian Only,no,N/A,no,3: Wednesday (W-W),12: 11am (11am-12noon),53,0.180,0.171,0.115,0.198,0.185,0.071,0.036,0.026,0.018,0.105,0.356,0.328,0.133,0.078,0.976,0.009,0.002,0.002,0.000,0.001,0.010,0.011,0.369,0.631,0.190,0.265,0.000,0.000,1.000
Pedestrian - StL Pedestrian Index,,Cadillac Summit and Trails Pedestrian Only,no,N/A,no,,Cadillac Summit and Trails Pedestrian Only,no,N/A,no,3: Wednesday (W-W),13: 12pm (12noon-1pm),101,0.070,0.113,0.067,0.153,0.116,0.100,0.046,0.075,0.260,0.034,0.215,0.215,0.290,0.246,0.959,0.005,0.001,0.023,0.000,0.002,0.010,0.048,0.406,0.594,0.162,0.337,0.000,0.000,1.000
Pedestrian - StL Pedestrian Index,,Cadillac Summit and Trails Pedestrian Only,no,N/A,no,,Cadillac Summit and Trails Pedestrian Only,no,N/A,no,3: Wednesday (W-W),14: 1pm (1pm-2pm),93,0.127,0.110,0.096,0.181,0.124,0.091,0.089,0.061,0.121,0.081,0.241,0.247,0.250,0.181,0.917,0.051,0.007,0.008,0.001,0.002,0.014,0.028,0.264,0.736,0.107,0.207,0.000,0.000,1.000
Pedestrian - StL Pedestrian Index,,Cadillac Summit and Trails Pedestrian Only,no,N/A,no,,Cadillac Summit and Trails Pedestrian Only,no,N/A,no,3: Wednesday (W-W),15: 2pm (2pm-3pm),48,0.132,0.160,0.119,0.172,0.123,0.093,0.059,0.061,0.081,0.083,0.292,0.280,0.220,0.125,0.966,0.001,0.000,0.013,0.000,0.013,0.007,0.020,0.402,0.598,0.193,0.271,0.000,0.000,1.000
Pedestrian - StL Pedestrian Index,,Cadillac Summit and Trails Pedestrian Only,no,N/A,no,,Cadillac Summit and Trails Pedestrian Only,no,N/A,no,3: Wednesday (W-W),16: 3pm (3pm-4pm),70,0.162,0.133,0.156,0.165,0.134,0.093,0.069,0.067,0.021,0.125,0.309,0.329,0.128,0.109,0.902,0.075,0.003,0.008,0.000,0.006,0.006,0.030,0.282,0.718,0.076,0.240,0.000,0.000,1.000
Pedestrian - StL Pedestrian Index,,Cadillac Summit and Trails Pedestrian Only,no,N/A,no,,Cadillac Summit and Trails Pedestrian Only,no,N/A,no,3: Wednesday (W-W),17: 4pm (4pm-5pm),47,0.118,0.185,0.087,0.156,0.152,0.083,0.088,0.050,0.081,0.059,0.305,0.232,0.206,0.198,0.942,0.007,0.013,0.007,0.001,0.006,0.024,0.027,0.293,0.707,0.115,0.238,0.000,0.000,1.000
Pedestrian - StL Pedestrian Index,,Cadillac Summit and Trails Pedestrian Only,no,N/A,no,,Cadillac Summit and Trails Pedestrian Only,no,N/A,no,3: Wednesday (W-W),18: 5pm (5pm-6pm),83,0.123,0.079,0.103,0.133,0.128,0.084,0.089,0.087,0.174,0.054,0.180,0.265,0.273,0.228,0.842,0.026,0.002,0.086,0.000,0.021,0.023,0.170,0.344,0.656,0.174,0.240,0.000,0.000,1.000
Pedestrian - StL Pedestrian Index,,Cadillac Summit and Trails Pedestrian Only,no,N/A,no,,Cadillac Summit and Trails Pedestrian Only,no,N/A,no,3: Wednesday (W-W),19: 6pm (6pm-7pm),41,0.128,0.143,0.160,0.180,0.176,0.072,0.057,0.056,0.028,0.087,0.285,0.296,0.201,0.131,0.808,0.125,0.016,0.027,0.000,0.010,0.014,0.084,0.358,0.642,0.180,0.267,0.000,0.000,1.000
Pedestrian - StL Pedestrian Index,,Cadillac Summit and Trails Pedestrian Only,no,N/A,no,,Cadillac Summit and Trails Pedestrian Only,no,N/A,no,3: Wednesday (W-W),20: 7pm (7pm-8pm),77,0.231,0.091,0.172,0.176,0.141,0.089,0.046,0.037,0.017,0.198,0.352,0.241,0.127,0.082,0.621,0.089,0.013,0.102,0.000,0.106,0.069,0.179,0.376,0.624,0.150,0.306,0.000,0.000,1.000
Pedestrian - StL Pedestrian Index,,Cadillac Summit and Trails Pedestrian Only,no,N/A,no,,Cadillac Summit and Trails Pedestrian Only,no,N/A,no,3: Wednesday (W-W),21: 8pm (8pm-9pm),15,0.265,0.041,0.167,0.200,0.183,0.023,0.056,0.065,0.000,0.298,0.345,0.221,0.114,0.022,0.262,0.167,0.027,0.190,0.000,0.215,0.139,0.330,0.431,0.569,0.144,0.368,0.000,0.000,1.000
Pedestrian - StL Pedestrian Index,,Cadillac Summit and Trails Pedestrian Only,no,N/A,no,,Cadillac Summit and Trails Pedestrian Only,no,N/A,no,3: Wednesday (W-W),22: 9pm (9pm-10pm),22,0.160,0.136,0.103,0.219,0.140,0.137,0.047,0.046,0.012,0.078,0.208,0.340,0.186,0.188,0.899,0.011,0.006,0.047,0.000,0.012,0.025,0.023,0.402,0.598,0.271,0.268,0.000,0.000,1.000
Pedestrian - StL Pedestrian Index,,Cadillac Summit and Trails Pedestrian Only,no,N/A,no,,Cadillac Summit and Trails Pedestrian Only,no,N/A,no,4: Thursday (Th-Th),00: All Day (12am-12am),1220,0.137,0.129,0.126,0.181,0.133,0.098,0.058,0.059,0.079,0.092,0.259,0.256,0.225,0.168,0.885,0.026,0.003,0.047,0.001,0.021,0.017,0.086,0.337,0.663,0.133,0.264,0.000,0.000,1.000
Pedestrian - StL Pedestrian Index,,Cadillac Summit and Trails Pedestrian Only,no,N/A,no,,Cadillac Summit and Trails Pedestrian Only,no,N/A,no,4: Thursday (Th-Th),05: 4am (4am-5am),60,0.175,0.188,0.131,0.170,0.085,0.077,0.065,0.033,0.076,0.209,0.198,0.198,0.257,0.138,0.817,0.041,0.009,0.019,0.001,0.076,0.037,0.407,0.358,0.642,0.167,0.256,0.000,0.000,1.000
Pedestrian - StL Pedestrian Index,,Cadillac Summit and Trails Pedestrian Only,no,N/A,no,,Cadillac Summit and Trails Pedestrian Only,no,N/A,no,4: Thursday (Th-Th),06: 5am (5am-6am),80,0.090,0.108,0.080,0.164,0.133,0.160,0.085,0.074,0.106,0.058,0.224,0.262,0.264,0.192,0.873,0.013,0.003,0.063,0.000,0.033,0.015,0.069,0.314,0.686,0.149,0.227,0.000,0.000,1.000
Pedestrian - StL Pedestrian Index,,Cadillac Summit and Trails Pedestrian Only,no,N/A,no,,Cadillac Summit and Trails Pedestrian Only,no,N/A,no,4: Thursday (Th-Th),07: 6am (6am-7am),20,0.082,0.046,0.157,0.196,0.270,0.091,0.077,0.053,0.028,0.052,0.184,0.275,0.343,0.146,0.722,0.184,0.006,0.025,0.001,0.031,0.031,0.235,0.290,0.710,0.148,0.201,0.000,0.000,1.000
Pedestrian - StL Pedestrian Index,,Cadillac Summit and Trails Pedestrian Only,no,N/A,no,,Cadillac Summit and Trails Pedestrian Only,no,N/A,no,4: Thursday (Th-Th),10: 9am (9am-10am),46,0.136,0.126,0.092,0.142,0.144,0.165,0.051,0.118,0.026,0.054,0.344,0.254,0.250,0.098,0.979,0.002,0.000,0.008,0.000,0.009,0.002,0.033,0.306,0.694,0.092,0.264,0.000,0.000,1.000
Pedestrian - StL Pedestrian Index,,Cadillac Summit and Trails Pedestrian Only,no,N/A,no,,Cadillac Summit and Trails Pedestrian Only,no,N/A,no,4: Thursday (Th-Th),11: 10am (10am-11am),52,0.087,0.132,0.113,0.192,0.086,0.132,0.091,0.085,0.082,0.112,0.169,0.223,0.302,0.194,0.734,0.057,0.020,0.144,0.000,0.026,0.019,0.153,0.404,0.596,0.153,0.316,0.000,0.000,1.000
Pedestrian - StL Pedestrian Index,,Cadillac Summit and Trails Pedestrian Only,no,N/A,no,,Cadillac Summit and Trails Pedestrian Only,no,N/A,no,4: Thursday (Th-Th),12: 11am (11am-12noon),178,0.104,0.106,0.125,0.195,0.151,0.104,0.052,0.077,0.086,0.073,0.242,0.299,0.193,0.193,0.909,0.031,0.001,0.043,0.000,0.007,0.009,0.041,0.365,0.635,0.115,0.316,0.000,0.000,1.000
Pedestrian - StL Pedestrian Index,,Cadillac Summit and Trails Pedestrian Only,no,N/A,no,,Cadillac Summit and Trails Pedestrian Only,no,N/A,no,4: Thursday (Th-Th),13: 12pm (12noon-1pm),119,0.100,0.101,0.149,0.186,0.187,0.119,0.070,0.051,0.037,0.071,0.223,0.295,0.248,0.163,0.887,0.029,0.003,0.041,0.002,0.018,0.020,0.056,0.428,0.572,0.154,0.348,0.000,0.000,1.000
Pedestrian - StL Pedestrian Index,,Cadillac Summit and Trails Pedestrian Only,no,N/A,no,,Cadillac Summit and Trails Pedestrian Only,no,N/A,no,4: Thursday (Th-Th),14: 1pm (1pm-2pm),96,0.165,0.169,0.137,0.232,0.104,0.094,0.046,0.028,0.025,0.100,0.330,0.237,0.197,0.136,0.948,0.013,0.000,0.030,0.000,0.000,0.009,0.018,0.272,0.728,0.102,0.212,0.000,0.000,1.000
Pedestrian - StL Pedestrian Index,,Cadillac Summit and Trails Pedestrian Only,no,N/A,no,,Cadillac Summit and Trails Pedestrian Only,no,N/A,no,4: Thursday (Th-Th),15: 2pm (2pm-3pm),73,0.158,0.082,0.148,0.189,0.142,0.037,0.053,0.057,0.134,0.085,0.255,0.221,0.232,0.207,0.962,0.006,0.000,0.018,0.000,0.007,0.007,0.029,0.377,0.623,0.126,0.318,0.000,0.000,1.000
Pedestrian - StL Pedestrian Index,,Cadillac Summit and Trails Pedestrian Only,no,N/A,no,,Cadillac Summit and Trails Pedestrian Only,no,N/A,no,4: Thursday (Th-Th),16: 3pm (3pm-4pm),83,0.132,0.137,0.111,0.136,0.102,0.098,0.051,0.035,0.198,0.078,0.244,0.210,0.175,0.293,0.879,0.020,0.001,0.051,0.001,0.021,0.027,0.067,0.282,0.718,0.139,0.211,0.000,0.000,1.000
Pedestrian - StL Pedestrian Index,,Cadillac Summit and Trails Pedestrian Only,no,N/A,no,,Cadillac Summit and Trails Pedestrian Only,no,N/A,no,4: Thursday (Th-Th),17: 4pm (4pm-5pm),152,0.119,0.100,0.123,0.209,0.139,0.094,0.075,0.067,0.074,0.086,0.271,0.278,0.221,0.144,0.854,0.024,0.002,0.064,0.007,0.025,0.024,0.077,0.325,0.675,0.154,0.230,0.000,0.000,1.000
Pedestrian - StL Pedestrian Index,,Cadillac Summit and Trails Pedestrian Only,no,N/A,no,,Cadillac Summit and Trails Pedestrian Only,no,N/A,no,4: Thursday (Th-Th),18: 5pm (5pm-6pm),138,0.201,0.159,0.142,0.165,0.121,0.074,0.043,0.035,0.060,0.078,0.291,0.258,0.192,0.181,0.941,0.007,0.000,0.030,0.000,0.013,0.009,0.037,0.301,0.699,0.115,0.245,0.000,0.000,1.000
Pedestrian - StL Pedestrian Index,,Cadillac Summit and Trails Pedestrian Only,no,N/A,no,,Cadillac Summit and Trails Pedestrian Only,no,N/A,no,4: Thursday (Th-Th),19: 6pm (6pm-7pm),85,0.168,0.133,0.123,0.163,0.150,0.080,0.035,0.071,0.077,0.108,0.268,0.260,0.252,0.112,0.828,0.050,0.001,0.069,0.000,0.027,0.025,0.107,0.341,0.659,0.128,0.263,0.000,0.000,1.000
Pedestrian - StL Pedestrian Index,,Cadillac Summit and Trails Pedestrian Only,no,N/A,no,,Cadillac Summit and Trails Pedestrian Only,no,N/A,no,4: Thursday (Th-Th),20: 7pm (7pm-8pm),22,0.099,0.177,0.128,0.158,0.165,0.076,0.069,0.107,0.021,0.121,0.360,0.227,0.204,0.088,0.922,0.004,0.001,0.047,0.000,0.006,0.020,0.031,0.301,0.699,0.143,0.230,0.000,0.000,1.000
Pedestrian - StL Pedestrian Index,,Cadillac Summit and Trails Pedestrian Only,no,N/A,no,,Cadillac Summit and Trails Pedestrian Only,no,N/A,no,4: Thursday (Th-Th),21: 8pm (8pm-9pm),15,0.225,0.232,0.170,0.202,0.101,0.050,0.003,0.014,0.003,0.101,0.478,0.300,0.105,0.016,0.999,0.000,0.000,0.001,0.000,0.000,0.000,0.000,0.305,0.695,0.119,0.231,0.000,0.000,1.000
Pedestrian - StL Pedestrian Index,,Cadillac Summit and Trails Pedestrian Only,no,N/A,no,,Cadillac Summit and Trails Pedestrian Only,no,N/A,no,5: Friday (F-F),00: All Day (12am-12am),918,0.145,0.149,0.133,0.178,0.135,0.083,0.063,0.057,0.057,0.098,0.281,0.267,0.207,0.147,0.874,0.046,0.005,0.042,0.000,0.015,0.018,0.051,0.302,0.698,0.126,0.232,0.000,0.000,1.000
Pedestrian - StL Pedestrian Index,,Cadillac Summit and Trails Pedestrian Only,no,N/A,no,,Cadillac Summit and Trails Pedestrian Only,no,N/A,no,5: Friday (F-F),05: 4am (4am-5am),10,0.124,0.059,0.046,0.133,0.162,0.133,0.167,0.119,0.057,0.034,0.200,0.284,0.269,0.213,0.885,0.007,0.000,0.099,0.000,0.001,0.008,0.041,0.428,0.572,0.170,0.344,0.000,0.000,1.000
Pedestrian - StL Pedestrian Index,,Cadillac Summit and Trails Pedestrian Only,no,N/A,no,,Cadillac Summit and Trails Pedestrian Only,no,N/A,no,5: Friday (F-F),06: 5am (5am-6am),40,0.094,0.179,0.115,0.204,0.166,0.104,0.066,0.046,0.026,0.113,0.351,0.306,0.153,0.077,0.936,0.034,0.000,0.018,0.000,0.005,0.007,0.013,0.344,0.656,0.153,0.284,0.000,0.000,1.000
Pedestrian - StL Pedestrian Index,,Cadillac Summit and Trails Pedestrian Only,no,N/A,no,,Cadillac Summit and Trails Pedestrian Only,no,N/A,no,5: Friday (F-F),09: 8am (8am-9am),20,0.158,0.097,0.057,0.389,0.087,0.146,0.028,0.019,0.019,0.110,0.323,0.169,0.269,0.129,0.989,0.001,0.000,0.004,0.000,0.000,0.006,0.005,0.355,0.645,0.214,0.349,0.000,0.000,1.000
Pedestrian - StL Pedestrian Index,,Cadillac Summit and Trails Pedestrian Only,no,N/A,no,,Cadillac Summit and Trails Pedestrian Only,no,N/A,no,5: Friday (F-F),10: 9am (9am-10am),35,0.237,0.120,0.176,0.204,0.100,0.050,0.049,0.017,0.047,0.073,0.404,0.231,0.191,0.101,0.950,0.007,0.003,0.012,0.000,0.005,0.023,0.009,0.305,0.695,0.117,0.222,0.000,0.000,1.000
Pedestrian - StL Pedestrian Index,,Cadillac Summit and Trails Pedestrian Only,no,N/A,no,,Cadillac Summit and Trails Pedestrian Only,no,N/A,no,5: Friday (F-F),11: 10am (10am-11am),93,0.116,0.099,0.124,0.126,0.165,0.117,0.098,0.106,0.049,0.063,0.220,0.287,0.239,0.191,0.945,0.008,0.010,0.015,0.000,0.009,0.013,0.025,0.327,0.673,0.126,0.260,0.000,0.000,1.000
Pedestrian - StL Pedestrian Index,,Cadillac Summit and Trails Pedestrian Only,no,N/A,no,,Cadillac Summit and Trails Pedestrian Only,no,N/A,no,5: Friday (F-F),12: 11am (11am-12noon),98,0.109,0.174,0.117,0.119,0.128,0.080,0.115,0.095,0.063,0.090,0.244,0.251,0.186,0.229,0.956,0.013,0.003,0.006,0.000,0.007,0.015,0.049,0.303,0.697,0.120,0.225,0.000,0.000,1.000
Pedestrian - StL Pedestrian Index,,Cadillac Summit and Trails Pedestrian Only,no,N/A,no,,Cadillac Summit and Trails Pedestrian Only,no,N/A,no,5: Friday (F-F),13: 12pm (12noon-1pm),68,0.115,0.135,0.173,0.229,0.137,0.052,0.019,0.058,0.082,0.080,0.225,0.306,0.243,0.146,0.663,0.267,0.002,0.019,0.000,0.006,0.043,0.029,0.271,0.729,0.107,0.223,0.000,0.000,1.000
Pedestrian - StL Pedestrian Index,,Cadillac Summit and Trails Pedestrian Only,no,N/A,no,,Cadillac Summit and Trails Pedestrian Only,no,N/A,no,5: Friday (F-F),14: 1pm (1pm-2pm),130,0.146,0.147,0.105,0.166,0.146,0.101,0.064,0.065,0.060,0.088,0.293,0.242,0.245,0.132,0.871,0.011,0.014,0.073,0.000,0.011,0.020,0.045,0.275,0.725,0.111,0.209,0.000,0.000,1.000
Pedestrian - StL Pedestrian Index,,Cadillac Summit and Trails Pedestrian Only,no,N/A,no,,Cadillac Summit and Trails Pedestrian Only,no,N/A,no,5: Friday (F-F),15: 2pm (2pm-3pm),66,0.274,0.137,0.193,0.185,0.100,0.063,0.023,0.019,0.006,0.146,0.320,0.258,0.178,0.098,0.906,0.030,0.004,0.026,0.000,0.022,0.012,0.079,0.254,0.746,0.122,0.197,0.000,0.000,1.000
Pedestrian - StL Pedestrian Index,,Cadillac Summit and Trails Pedestrian Only,no,N/A,no,,Cadillac Summit and Trails Pedestrian Only,no,N/A,no,5: Friday (F-F),16: 3pm (3pm-4pm),92,0.113,0.195,0.147,0.125,0.061,0.060,0.066,0.051,0.182,0.082,0.257,0.239,0.206,0.216,0.882,0.005,0.001,0.097,0.000,0.001,0.014,0.020,0.331,0.669,0.081,0.279,0.000,0.000,1.000
Pedestrian - StL Pedestrian Index,,Cadillac Summit and Trails Pedestrian Only,no,N/A,no,,Cadillac Summit and Trails Pedestrian Only,no,N/A,no,5: Friday (F-F),17: 4pm (4pm-5pm),48,0.160,0.144,0.141,0.230,0.164,0.095,0.021,0.030,0.015,0.086,0.365,0.325,0.147,0.077,0.992,0.001,0.001,0.000,0.000,0.002,0.004,0.031,0.354,0.646,0.180,0.260,0.000,0.000,1.000
Pedestrian - StL Pedestrian Index,,Cadillac Summit and Trails Pedestrian Only,no,N/A,no,,Cadillac Summit and Trails Pedestrian Only,no,N/A,no,5: Friday (F-F),18: 5pm (5pm-6pm),108,0.136,0.143,0.123,0.202,0.165,0.096,0.044,0.045,0.046,0.083,0.289,0.268,0.233,0.127,0.962,0.006,0.000,0.024,0.000,0.001,0.007,0.012,0.270,0.730,0.118,0.203,0.000,0.000,1.000
Pedestrian - StL Pedestrian Index,,Cadillac Summit and Trails Pedestrian Only,no,N/A,no,,Cadillac Summit and Trails Pedestrian Only,no,N/A,no,5: Friday (F-F),19: 6pm (6pm-7pm),19,0.081,0.154,0.176,0.229,0.225,0.049,0.065,0.016,0.005,0.137,0.369,0.287,0.123,0.084,0.727,0.102,0.004,0.062,0.000,0.050,0.055,0.109,0.238,0.762,0.136,0.140,0.000,0.000,1.000
Pedestrian - StL Pedestrian Index,,Cadillac Summit and Trails Pedestrian Only,no,N/A,no,,Cadillac Summit and Trails Pedestrian Only,no,N/A,no,5: Friday (F-F),20: 7pm (7pm-8pm),68,0.151,0.182,0.121,0.219,0.140,0.056,0.068,0.035,0.028,0.179,0.303,0.267,0.157,0.094,0.689,0.115,0.006,0.097,0.000,0.071,0.022,0.193,0.322,0.678,0.146,0.241,0.000,0.000,1.000
Pedestrian - StL Pedestrian Index,,Cadillac Summit and Trails Pedestrian Only,no,N/A,no,,Cadillac Summit and Trails Pedestrian Only,no,N/A,no,5: Friday (F-F),22: 9pm (9pm-10pm),21,0.162,0.139,0.105,0.218,0.137,0.137,0.045,0.045,0.012,0.081,0.212,0.340,0.183,0.184,0.904,0.010,0.005,0.046,0.000,0.012,0.023,0.022,0.405,0.595,0.282,0.250,0.000,0.000,1.000
Pedestrian - StL Pedestrian Index,,Cadillac Summit and Trails Pedestrian Only,no,N/A,no,,Cadillac Summit and Trails Pedestrian Only,no,N/A,no,6: Saturday (Sa-Sa),00: All Day (12am-12am),1361,0.134,0.139,0.133,0.209,0.136,0.092,0.054,0.057,0.046,0.085,0.298,0.266,0.211,0.140,0.877,0.028,0.003,0.052,0.000,0.018,0.022,0.053,0.301,0.699,0.118,0.236,0.000,0.000,1.000
Pedestrian - StL Pedestrian Index,,Cadillac Summit and Trails Pedestrian Only,no,N/A,no,,Cadillac Summit and Trails Pedestrian Only,no,N/A,no,6: Saturday (Sa-Sa),05: 4am (4am-5am),122,0.069,0.128,0.096,0.184,0.124,0.109,0.077,0.079,0.134,0.063,0.282,0.208,0.262,0.185,0.948,0.006,0.002,0.031,0.000,0.003,0.010,0.008,0.360,0.640,0.141,0.284,0.000,0.000,1.000
Pedestrian - StL Pedestrian Index,,Cadillac Summit and Trails Pedestrian Only,no,N/A,no,,Cadillac Summit and Trails Pedestrian Only,no,N/A,no,6: Saturday (Sa-Sa),06: 5am (5am-6am),34,0.061,0.078,0.136,0.290,0.138,0.141,0.048,0.077,0.031,0.147,0.269,0.240,0.214,0.130,0.961,0.001,0.001,0.024,0.000,0.001,0.012,0.036,0.264,0.736,0.085,0.248,0.000,0.000,1.000
Pedestrian - StL Pedestrian Index,,Cadillac Summit and Trails Pedestrian Only,no,N/A,no,,Cadillac Summit and Trails Pedestrian Only,no,N/A,no,6: Saturday (Sa-Sa),07: 6am (6am-7am),39,0.167,0.190,0.135,0.260,0.124,0.071,0.027,0.013,0.013,0.077,0.362,0.293,0.207,0.061,0.982,0.004,0.001,0.006,0.000,0.003,0.004,0.004,0.321,0.679,0.178,0.254,0.000,0.000,1.000
Pedestrian - StL Pedestrian Index,,Cadillac Summit and Trails Pedestrian Only,no,N/A,no,,Cadillac Summit and Trails Pedestrian Only,no,N/A,no,6: Saturday (Sa-Sa),08: 7am (7am-8am),38,0.104,0.117,0.170,0.162,0.139,0.087,0.041,0.050,0.130,0.022,0.144,0.186,0.344,0.304,0.914,0.014,0.001,0.033,0.000,0.009,0.029,0.028,0.128,0.872,0.038,0.096,0.000,0.000,1.000
Pedestrian - StL Pedestrian Index,,Cadillac Summit and Trails Pedestrian Only,no,N/A,no,,Cadillac Summit and Trails Pedestrian Only,no,N/A,no,6: Saturday (Sa-Sa),09: 8am (8am-9am),34,0.095,0.219,0.112,0.251,0.134,0.080,0.050,0.033,0.026,0.122,0.397,0.264,0.139,0.078,0.985,0.009,0.001,0.002,0.000,0.002,0.001,0.005,0.209,0.791,0.080,0.161,0.000,0.000,1.000
Pedestrian - StL Pedestrian Index,,Cadillac Summit and Trails Pedestrian Only,no,N/A,no,,Cadillac Summit and Trails Pedestrian Only,no,N/A,no,6: Saturday (Sa-Sa),10: 9am (9am-10am),58,0.095,0.114,0.166,0.222,0.147,0.113,0.076,0.039,0.028,0.097,0.367,0.288,0.172,0.076,0.905,0.015,0.005,0.015,0.000,0.009,0.051,0.056,0.393,0.607,0.149,0.326,0.000,0.000,1.000
Pedestrian - StL Pedestrian Index,,Cadillac Summit and Trails Pedestrian Only,no,N/A,no,,Cadillac Summit and Trails Pedestrian Only,no,N/A,no,6: Saturday (Sa-Sa),11: 10am (10am-11am),142,0.162,0.109,0.118,0.181,0.132,0.084,0.047,0.119,0.048,0.086,0.302,0.236,0.212,0.164,0.883,0.040,0.001,0.039,0.000,0.009,0.028,0.024,0.223,0.777,0.085,0.169,0.000,0.000,1.000
Pedestrian - StL Pedestrian Index,,Cadillac Summit and Trails Pedestrian Only,no,N/A,no,,Cadillac Summit and Trails Pedestrian Only,no,N/A,no,6: Saturday (Sa-Sa),12: 11am (11am-12noon),164,0.137,0.125,0.134,0.199,0.129,0.077,0.073,0.076,0.050,0.078,0.240,0.236,0.271,0.175,0.831,0.038,0.005,0.080,0.000,0.024,0.022,0.055,0.304,0.696,0.134,0.238,0.000,0.000,1.000
Pedestrian - StL Pedestrian Index,,Cadillac Summit and Trails Pedestrian Only,no,N/A,no,,Cadillac Summit and Trails Pedestrian Only,no,N/A,no,6: Saturday (Sa-Sa),13: 12pm (12noon-1pm),33,0.220,0.170,0.126,0.169,0.086,0.082,0.100,0.042,0.005,0.207,0.281,0.252,0.158,0.102,0.915,0.033,0.000,0.005,0.000,0.038,0.009,0.459,0.223,0.777,0.082,0.166,0.000,0.000,1.000
Pedestrian - StL Pedestrian Index,,Cadillac Summit and Trails Pedestrian Only,no,N/A,no,,Cadillac Summit and Trails Pedestrian Only,no,N/A,no,6: Saturday (Sa-Sa),14: 1pm (1pm-2pm),153,0.121,0.160,0.141,0.223,0.127,0.096,0.058,0.056,0.018,0.106,0.326,0.284,0.189,0.095,0.769,0.088,0.001,0.046,0.001,0.052,0.043,0.121,0.358,0.642,0.139,0.284,0.000,0.000,1.000
Pedestrian - StL Pedestrian Index,,Cadillac Summit and Trails Pedestrian Only,no,N/A,no,,Cadillac Summit and Trails Pedestrian Only,no,N/A,no,6: Saturday (Sa-Sa),15: 2pm (2pm-3pm),168,0.136,0.143,0.159,0.233,0.145,0.088,0.039,0.030,0.027,0.105,0.330,0.307,0.170,0.088,0.899,0.023,0.003,0.023,0.000,0.034,0.018,0.062,0.319,0.681,0.124,0.257,0.000,0.000,1.000
Pedestrian - StL Pedestrian Index,,Cadillac Summit and Trails Pedestrian Only,no,N/A,no,,Cadillac Summit and Trails Pedestrian Only,no,N/A,no,6: Saturday (Sa-Sa),16: 3pm (3pm-4pm),137,0.183,0.173,0.142,0.227,0.119,0.080,0.031,0.025,0.020,0.060,0.298,0.279,0.209,0.154,0.883,0.024,0.005,0.062,0.000,0.010,0.016,0.022,0.284,0.716,0.085,0.228,0.000,0.000,1.000
Pedestrian - StL Pedestrian Index,,Cadillac Summit and Trails Pedestrian Only,no,N/A,no,,Cadillac Summit and Trails Pedestrian Only,no,N/A,no,6: Saturday (Sa-Sa),17: 4pm (4pm-5pm),89,0.170,0.165,0.151,0.231,0.145,0.081,0.023,0.023,0.011,0.087,0.373,0.326,0.154,0.060,0.950,0.009,0.004,0.009,0.000,0.003,0.025,0.024,0.241,0.759,0.093,0.201,0.000,0.000,1.000
Pedestrian - StL Pedestrian Index,,Cadillac Summit and Trails Pedestrian Only,no,N/A,no,,Cadillac Summit and Trails Pedestrian Only,no,N/A,no,6: Saturday (Sa-Sa),18: 5pm (5pm-6pm),102,0.117,0.096,0.082,0.161,0.165,0.095,0.075,0.102,0.107,0.062,0.201,0.235,0.249,0.253,0.691,0.026,0.002,0.235,0.001,0.014,0.031,0.042,0.321,0.679,0.160,0.211,0.000,0.000,1.000
Pedestrian - StL Pedestrian Index,,Cadillac Summit and Trails Pedestrian Only,no,N/A,no,,Cadillac Summit and Trails Pedestrian Only,no,N/A,no,6: Saturday (Sa-Sa),20: 7pm (7pm-8pm),34,0.089,0.087,0.133,0.160,0.205,0.122,0.087,0.083,0.034,0.039,0.304,0.309,0.204,0.144,0.962,0.006,0.009,0.006,0.006,0.005,0.006,0.026,0.342,0.658,0.119,0.273,0.000,0.000,1.000
Pedestrian - StL Pedestrian Index,,Cadillac Summit and Trails Pedestrian Only,no,N/A,no,,Cadillac Summit and Trails Pedestrian Only,no,N/A,no,6: Saturday (Sa-Sa),22: 9pm (9pm-10pm),14,0.072,0.076,0.107,0.153,0.180,0.220,0.063,0.067,0.062,0.062,0.214,0.299,0.220,0.205,0.982,0.015,0.000,0.000,0.000,0.000,0.003,0.032,0.308,0.692,0.050,0.259,0.000,0.000,1.000
Pedestrian - StL Pedestrian Index,,Cadillac Summit and Trails Pedestrian Only,no,N/A,no,,Cadillac Summit and Trails Pedestrian Only,no,N/A,no,7: Sunday (Su-Su),00: All Day (12am-12am),1412,0.144,0.134,0.127,0.182,0.132,0.101,0.062,0.059,0.059,0.082,0.290,0.256,0.224,0.148,0.892,0.026,0.003,0.048,0.001,0.013,0.017,0.058,0.290,0.710,0.112,0.229,0.000,0.000,1.000
Pedestrian - StL Pedestrian Index,,Cadillac Summit and Trails Pedestrian Only,no,N/A,no,,Cadillac Summit and Trails Pedestrian Only,no,N/A,no,7: Sunday (Su-Su),04: 3am (3am-4am),21,0.181,0.105,0.131,0.336,0.064,0.094,0.040,0.031,0.018,0.063,0.265,0.317,0.133,0.222,0.914,0.010,0.016,0.046,0.001,0.000,0.013,0.002,0.213,0.787,0.071,0.175,0.000,0.000,1.000
Pedestrian - StL Pedestrian Index,,Cadillac Summit and Trails Pedestrian Only,no,N/A,no,,Cadillac Summit and Trails Pedestrian Only,no,N/A,no,7: Sunday (Su-Su),05: 4am (4am-5am),26,0.321,0.116,0.086,0.135,0.137,0.089,0.067,0.047,0.002,0.110,0.223,0.168,0.271,0.228,0.974,0.006,0.000,0.010,0.000,0.006,0.004,0.008,0.174,0.826,0.065,0.153,0.000,0.000,1.000
Pedestrian - StL Pedestrian Index,,Cadillac Summit and Trails Pedestrian Only,no,N/A,no,,Cadillac Summit and Trails Pedestrian Only,no,N/A,no,7: Sunday (Su-Su),06: 5am (5am-6am),81,0.139,0.155,0.117,0.211,0.126,0.113,0.049,0.069,0.021,0.081,0.313,0.273,0.231,0.102,0.900,0.034,0.012,0.034,0.000,0.008,0.012,0.072,0.298,0.702,0.091,0.247,0.000,0.000,1.000
Pedestrian - StL Pedestrian Index,,Cadillac Summit and Trails Pedestrian Only,no,N/A,no,,Cadillac Summit and Trails Pedestrian Only,no,N/A,no,7: Sunday (Su-Su),07: 6am (6am-7am),15,0.292,0.169,0.132,0.174,0.115,0.049,0.010,0.043,0.016,0.166,0.265,0.185,0.200,0.184,0.722,0.036,0.000,0.160,0.005,0.000,0.077,0.031,0.456,0.544,0.216,0.309,0.000,0.000,1.000
Pedestrian - StL Pedestrian Index,,Cadillac Summit and Trails Pedestrian Only,no,N/A,no,,Cadillac Summit and Trails Pedestrian Only,no,N/A,no,7: Sunday (Su-Su),08: 7am (7am-8am),35,0.169,0.081,0.101,0.258,0.184,0.105,0.039,0.041,0.022,0.082,0.335,0.202,0.193,0.188,0.721,0.170,0.007,0.051,0.000,0.035,0.016,0.091,0.370,0.630,0.190,0.267,0.000,0.000,1.000
Pedestrian - StL Pedestrian Index,,Cadillac Summit and Trails Pedestrian Only,no,N/A,no,,Cadillac Summit and Trails Pedestrian Only,no,N/A,no,7: Sunday (Su-Su),09: 8am (8am-9am),21,0.034,0.016,0.182,0.085,0.072,0.110,0.126,0.192,0.183,0.094,0.187,0.292,0.228,0.199,0.948,0.015,0.000,0.022,0.000,0.003,0.012,0.011,0.211,0.789,0.065,0.185,0.000,0.000,1.000
Pedestrian - StL Pedestrian Index,,Cadillac Summit and Trails Pedestrian Only,no,N/A,no,,Cadillac Summit and Trails Pedestrian Only,no,N/A,no,7: Sunday (Su-Su),10: 9am (9am-10am),31,0.051,0.093,0.134,0.147,0.162,0.126,0.071,0.105,0.111,0.106,0.196,0.288,0.247,0.163,0.953,0.012,0.000,0.020,0.000,0.002,0.013,0.013,0.207,0.793,0.049,0.188,0.000,0.000,1.000
Pedestrian - StL Pedestrian Index,,Cadillac Summit and Trails Pedestrian Only,no,N/A,no,,Cadillac Summit and Trails Pedestrian Only,no,N/A,no,7: Sunday (Su-Su),11: 10am (10am-11am),141,0.160,0.114,0.154,0.188,0.117,0.075,0.047,0.088,0.057,0.080,0.267,0.225,0.230,0.198,0.751,0.036,0.003,0.139,0.007,0.035,0.029,0.108,0.310,0.690,0.123,0.226,0.000,0.000,1.000
Pedestrian - StL Pedestrian Index,,Cadillac Summit and Trails Pedestrian Only,no,N/A,no,,Cadillac Summit and Trails Pedestrian Only,no,N/A,no,7: Sunday (Su-Su),12: 11am (11am-12noon),223,0.127,0.155,0.114,0.200,0.138,0.089,0.073,0.042,0.062,0.065,0.314,0.282,0.216,0.123,0.952,0.021,0.002,0.008,0.001,0.004,0.012,0.056,0.320,0.680,0.117,0.280,0.000,0.000,1.000
Pedestrian - StL Pedestrian Index,,Cadillac Summit and Trails Pedestrian Only,no,N/A,no,,Cadillac Summit and Trails Pedestrian Only,no,N/A,no,7: Sunday (Su-Su),13: 12pm (12noon-1pm),81,0.167,0.101,0.126,0.222,0.142,0.079,0.074,0.045,0.044,0.102,0.279,0.303,0.201,0.115,0.950,0.005,0.011,0.009,0.000,0.008,0.017,0.037,0.295,0.705,0.110,0.261,0.000,0.000,1.000
Pedestrian - StL Pedestrian Index,,Cadillac Summit and Trails Pedestrian Only,no,N/A,no,,Cadillac Summit and Trails Pedestrian Only,no,N/A,no,7: Sunday (Su-Su),14: 1pm (1pm-2pm),152,0.152,0.133,0.138,0.212,0.129,0.096,0.038,0.046,0.056,0.092,0.274,0.234,0.238,0.162,0.812,0.055,0.004,0.086,0.001,0.021,0.021,0.062,0.237,0.763,0.101,0.183,0.000,0.000,1.000
Pedestrian - StL Pedestrian Index,,Cadillac Summit and Trails Pedestrian Only,no,N/A,no,,Cadillac Summit and Trails Pedestrian Only,no,N/A,no,7: Sunday (Su-Su),15: 2pm (2pm-3pm),192,0.104,0.114,0.124,0.153,0.127,0.105,0.078,0.074,0.121,0.067,0.251,0.267,0.250,0.165,0.938,0.012,0.003,0.015,0.000,0.017,0.015,0.076,0.352,0.648,0.143,0.270,0.000,0.000,1.000
Pedestrian - StL Pedestrian Index,,Cadillac Summit and Trails Pedestrian Only,no,N/A,no,,Cadillac Summit and Trails Pedestrian Only,no,N/A,no,7: Sunday (Su-Su),16: 3pm (3pm-4pm),127,0.171,0.215,0.124,0.139,0.120,0.079,0.075,0.036,0.041,0.077,0.339,0.294,0.183,0.107,0.927,0.013,0.002,0.033,0.000,0.012,0.013,0.083,0.265,0.735,0.083,0.212,0.000,0.000,1.000
Pedestrian - StL Pedestrian Index,,Cadillac Summit and Trails Pedestrian Only,no,N/A,no,,Cadillac Summit and Trails Pedestrian Only,no,N/A,no,7: Sunday (Su-Su),17: 4pm (4pm-5pm),128,0.132,0.137,0.123,0.166,0.149,0.163,0.043,0.054,0.033,0.059,0.302,0.253,0.250,0.136,0.887,0.025,0.001,0.066,0.000,0.007,0.014,0.028,0.296,0.704,0.097,0.237,0.000,0.000,1.000
Pedestrian - StL Pedestrian Index,,Cadillac Summit and Trails Pedestrian Only,no,N/A,no,,Cadillac Summit and Trails Pedestrian Only,no,N/A,no,7: Sunday (Su-Su),18: 5pm (5pm-6pm),21,0.100,0.082,0.134,0.237,0.210,0.134,0.049,0.001,0.053,0.032,0.358,0.232,0.263,0.115,0.999,0.000,0.000,0.000,0.000,0.000,0.001,0.000,0.176,0.824,0.081,0.111,0.000,0.000,1.000
Pedestrian - StL Pedestrian Index,,Cadillac Summit and Trails Pedestrian Only,no,N/A,no,,Cadillac Summit and Trails Pedestrian Only,no,N/A,no,7: Sunday (Su-Su),19: 6pm (6pm-7pm),41,0.086,0.149,0.120,0.201,0.113,0.116,0.075,0.088,0.052,0.101,0.310,0.224,0.206,0.159,0.931,0.005,0.006,0.038,0.000,0.000,0.020,0.011,0.305,0.695,0.165,0.181,0.000,0.000,1.000
Pedestrian - StL Pedestrian Index,,Cadillac Summit and Trails Pedestrian Only,no,N/A,no,,Cadillac Summit and Trails Pedestrian Only,no,N/A,no,7: Sunday (Su-Su),20: 7pm (7pm-8pm),41,0.184,0.145,0.136,0.186,0.118,0.063,0.063,0.068,0.037,0.119,0.394,0.222,0.160,0.105,0.952,0.002,0.000,0.029,0.001,0.001,0.015,0.009,0.311,0.689,0.161,0.185,0.000,0.000,1.000
Pedestrian - StL Pedestrian Index,,Cadillac Summit and Trails Pedestrian Only,no,N/A,no,,Cadillac Summit and Trails Pedestrian Only,no,N/A,no,7: Sunday (Su-Su),21: 8pm (8pm-9pm),20,0.310,0.114,0.130,0.226,0.133,0.039,0.019,0.023,0.006,0.147,0.409,0.225,0.151,0.068,0.841,0.061,0.001,0.042,0.000,0.029,0.026,0.065,0.164,0.836,0.084,0.107,0.000,0.000,1.000
Pedestrian - StL Pedestrian Index,,Cadillac Summit and Trails Pedestrian Only,no,N/A,no,,Cadillac Summit and Trails Pedestrian Only,no,N/A,no,7: Sunday (Su-Su),22: 9pm (9pm-10pm),15,0.093,0.115,0.131,0.056,0.136,0.196,0.147,0.071,0.055,0.161,0.233,0.174,0.216,0.216,0.758,0.048,0.000,0.156,0.001,0.020,0.017,0.070,0.111,0.889,0.046,0.077,0.000,0.000,1.000
