Mode of Travel,Intersection Type,Zone ID,Zone Name,Zone Is Pass-Through,Zone Direction (degrees),Zone is Bi-Direction,Day Type,Day Part,Average Daily Zone Traffic (StL Index),Income Less than 20K (percent),Income 20K to 35K (percent),Income 35K to 50K (percent),Income 50K to 75K (percent),Income 75K to 100K (percent),Income 100K to 125K (percent),Income 125K to 150K (percent),Income 150K to 200K (percent),Income More than 200K (percent),No High School Diploma (percent),High School Diploma (percent),Some College (percent),Bachelor's Degree (percent),Graduate Degree (percent),White (percent),Black (percent),Indian (percent),Asian (percent),Islander (percent),Other Race (percent),Multiple Races (percent),Hispanic (percent),With Kids (percent),With No Kids (percent),With Kids under 6 years (percent),With Kids between 6-17 years (percent),Purpose HBW (percent),Purpose HBO (percent),Purpose NHB (percent)
Pedestrian - StL Pedestrian Index,Trip Pass-Through,,Pedestrian Zone 1,yes,N/A,no,0: All Days (M-Su),00: All Day (12am-12am),1473,0.133,0.129,0.123,0.182,0.139,0.100,0.062,0.066,0.066,0.090,0.274,0.262,0.221,0.153,0.862,0.040,0.004,0.056,0.000,0.018,0.020,0.061,0.326,0.674,0.131,0.255,0.000,0.001,0.999
Pedestrian - StL Pedestrian Index,Trip Pass-Through,,Pedestrian Zone 1,yes,N/A,no,0: All Days (M-Su),04: 3am (3am-4am),4,0.132,0.112,0.118,0.185,0.166,0.126,0.087,0.032,0.042,0.139,0.246,0.405,0.114,0.096,0.855,0.062,0.000,0.020,0.000,0.022,0.041,0.115,0.494,0.506,0.253,0.370,0.000,0.000,1.000
Pedestrian - StL Pedestrian Index,Trip Pass-Through,,Pedestrian Zone 1,yes,N/A,no,0: All Days (M-Su),05: 4am (4am-5am),23,0.106,0.109,0.115,0.157,0.127,0.096,0.070,0.092,0.128,0.073,0.222,0.228,0.255,0.222,0.885,0.050,0.001,0.031,0.001,0.018,0.014,0.055,0.350,0.650,0.131,0.290,0.000,0.000,1.000
Pedestrian - StL Pedestrian Index,Trip Pass-Through,,Pedestrian Zone 1,yes,N/A,no,0: All Days (M-Su),06: 5am (5am-6am),40,0.123,0.104,0.131,0.188,0.141,0.095,0.063,0.080,0.075,0.085,0.260,0.257,0.217,0.181,0.841,0.044,0.003,0.075,0.000,0.018,0.019,0.044,0.351,0.649,0.128,0.279,0.000,0.000,1.000
Pedestrian - StL Pedestrian Index,Trip Pass-Through,,Pedestrian Zone 1,yes,N/A,no,0: All Days (M-Su),07: 6am (6am-7am),44,0.138,0.125,0.114,0.183,0.137,0.109,0.058,0.070,0.066,0.109,0.273,0.243,0.214,0.161,0.854,0.031,0.006,0.081,0.000,0.011,0.017,0.050,0.321,0.679,0.123,0.255,0.000,0.000,1.000
Pedestrian - StL Pedestrian Index,Trip Pass-Through,,Pedestrian Zone 1,yes,N/A,no,0: All Days (M-Su),08: 7am (7am-8am),5,0.149,0.111,0.116,0.199,0.102,0.103,0.115,0.088,0.017,0.119,0.284,0.256,0.222,0.119,0.764,0.183,0.002,0.017,0.000,0.009,0.025,0.044,0.288,0.712,0.120,0.227,0.000,0.000,1.000
Pedestrian - StL Pedestrian Index,Trip Pass-Through,,Pedestrian Zone 1,yes,N/A,no,0: All Days (M-Su),09: 8am (8am-9am),21,0.143,0.143,0.142,0.179,0.130,0.105,0.047,0.054,0.057,0.084,0.273,0.260,0.228,0.155,0.854,0.049,0.002,0.043,0.002,0.023,0.027,0.062,0.255,0.745,0.095,0.204,0.000,0.000,1.000
Pedestrian - StL Pedestrian Index,Trip Pass-Through,,Pedestrian Zone 1,yes,N/A,no,0: All Days (M-Su),10: 9am (9am-10am),87,0.117,0.116,0.115,0.161,0.141,0.112,0.072,0.080,0.086,0.085,0.242,0.262,0.241,0.170,0.851,0.032,0.004,0.065,0.000,0.026,0.022,0.085,0.341,0.659,0.139,0.271,0.000,0.000,1.000
Pedestrian - StL Pedestrian Index,Trip Pass-Through,,Pedestrian Zone 1,yes,N/A,no,0: All Days (M-Su),11: 10am (10am-11am),147,0.135,0.123,0.123,0.179,0.134,0.101,0.062,0.071,0.072,0.090,0.266,0.256,0.226,0.162,0.840,0.053,0.005,0.055,0.001,0.024,0.022,0.070,0.337,0.663,0.140,0.256,0.000,0.000,1.000
Pedestrian - StL Pedestrian Index,Trip Pass-Through,,Pedestrian Zone 1,yes,N/A,no,0: All Days (M-Su),12: 11am (11am-12noon),201,0.119,0.120,0.119,0.177,0.144,0.108,0.063,0.077,0.073,0.084,0.265,0.266,0.231,0.154,0.870,0.035,0.006,0.052,0.000,0.016,0.021,0.065,0.355,0.645,0.138,0.282,0.000,0.000,1.000
Pedestrian - StL Pedestrian Index,Trip Pass-Through,,Pedestrian Zone 1,yes,N/A,no,0: All Days (M-Su),13: 12pm (12noon-1pm),194,0.134,0.134,0.128,0.184,0.146,0.096,0.063,0.059,0.056,0.082,0.282,0.268,0.215,0.153,0.889,0.033,0.003,0.048,0.000,0.010,0.017,0.038,0.312,0.688,0.125,0.242,0.000,0.007,0.993
Pedestrian - StL Pedestrian Index,Trip Pass-Through,,Pedestrian Zone 1,yes,N/A,no,0: All Days (M-Su),14: 1pm (1pm-2pm),163,0.140,0.131,0.123,0.183,0.140,0.099,0.062,0.065,0.057,0.094,0.282,0.263,0.224,0.137,0.885,0.037,0.004,0.045,0.000,0.013,0.016,0.046,0.308,0.692,0.126,0.238,0.000,0.000,1.000
Pedestrian - StL Pedestrian Index,Trip Pass-Through,,Pedestrian Zone 1,yes,N/A,no,0: All Days (M-Su),15: 2pm (2pm-3pm),169,0.139,0.142,0.124,0.186,0.140,0.093,0.057,0.060,0.059,0.088,0.287,0.270,0.213,0.142,0.866,0.042,0.003,0.046,0.000,0.022,0.021,0.066,0.323,0.677,0.129,0.256,0.000,0.000,1.000
Pedestrian - StL Pedestrian Index,Trip Pass-Through,,Pedestrian Zone 1,yes,N/A,no,0: All Days (M-Su),16: 3pm (3pm-4pm),116,0.127,0.126,0.124,0.196,0.149,0.092,0.055,0.058,0.073,0.093,0.289,0.264,0.217,0.137,0.869,0.033,0.007,0.051,0.000,0.018,0.022,0.062,0.342,0.658,0.138,0.275,0.000,0.000,1.000
Pedestrian - StL Pedestrian Index,Trip Pass-Through,,Pedestrian Zone 1,yes,N/A,no,0: All Days (M-Su),17: 4pm (4pm-5pm),107,0.149,0.133,0.119,0.179,0.139,0.100,0.064,0.058,0.059,0.083,0.271,0.263,0.219,0.164,0.868,0.040,0.005,0.051,0.000,0.017,0.019,0.065,0.308,0.692,0.132,0.232,0.000,0.000,1.000
Pedestrian - StL Pedestrian Index,Trip Pass-Through,,Pedestrian Zone 1,yes,N/A,no,0: All Days (M-Su),18: 5pm (5pm-6pm),64,0.144,0.136,0.139,0.189,0.122,0.094,0.056,0.063,0.057,0.107,0.284,0.262,0.221,0.126,0.816,0.044,0.004,0.101,0.001,0.017,0.017,0.061,0.304,0.696,0.126,0.237,0.000,0.000,1.000
Pedestrian - StL Pedestrian Index,Trip Pass-Through,,Pedestrian Zone 1,yes,N/A,no,0: All Days (M-Su),19: 6pm (6pm-7pm),40,0.128,0.162,0.124,0.176,0.134,0.096,0.071,0.053,0.056,0.106,0.303,0.236,0.193,0.162,0.812,0.048,0.003,0.090,0.001,0.023,0.023,0.076,0.320,0.680,0.131,0.240,0.000,0.000,1.000
Pedestrian - StL Pedestrian Index,Trip Pass-Through,,Pedestrian Zone 1,yes,N/A,no,0: All Days (M-Su),20: 7pm (7pm-8pm),37,0.141,0.110,0.115,0.163,0.136,0.119,0.071,0.078,0.067,0.088,0.259,0.255,0.221,0.177,0.840,0.051,0.002,0.059,0.000,0.028,0.020,0.078,0.308,0.692,0.116,0.246,0.000,0.000,1.000
Pedestrian - StL Pedestrian Index,Trip Pass-Through,,Pedestrian Zone 1,yes,N/A,no,0: All Days (M-Su),21: 8pm (8pm-9pm),9,0.147,0.128,0.118,0.159,0.100,0.116,0.075,0.092,0.065,0.086,0.227,0.235,0.267,0.185,0.865,0.028,0.003,0.044,0.000,0.043,0.017,0.082,0.294,0.706,0.113,0.226,0.000,0.000,1.000
Pedestrian - StL Pedestrian Index,Trip Pass-Through,,Pedestrian Zone 1,yes,N/A,no,0: All Days (M-Su),22: 9pm (9pm-10pm),2,0.228,0.201,0.131,0.200,0.114,0.095,0.004,0.024,0.003,0.310,0.199,0.194,0.178,0.119,0.286,0.023,0.003,0.601,0.000,0.047,0.040,0.138,0.314,0.686,0.133,0.233,0.000,0.000,1.000
Pedestrian - StL Pedestrian Index,Trip Pass-Through,,Pedestrian Zone 1,yes,N/A,no,0: All Days (M-Su),23: 10pm (10pm-11pm),1,0.276,0.163,0.109,0.197,0.068,0.069,0.027,0.030,0.061,0.214,0.366,0.193,0.150,0.077,0.847,0.044,0.004,0.029,0.000,0.062,0.014,0.193,0.343,0.657,0.182,0.252,0.000,0.000,1.000
Pedestrian - StL Pedestrian Index,Trip Pass-Through,,Pedestrian Zone 1,yes,N/A,no,1: Monday (M-M),00: All Day (12am-12am),1789,0.133,0.123,0.130,0.181,0.137,0.103,0.061,0.067,0.065,0.082,0.292,0.268,0.212,0.146,0.883,0.038,0.004,0.039,0.001,0.014,0.021,0.048,0.325,0.675,0.125,0.258,0.000,0.000,1.000
Pedestrian - StL Pedestrian Index,Trip Pass-Through,,Pedestrian Zone 1,yes,N/A,no,1: Monday (M-M),05: 4am (4am-5am),17,0.069,0.105,0.134,0.244,0.181,0.080,0.059,0.067,0.061,0.042,0.264,0.318,0.228,0.148,0.967,0.007,0.000,0.010,0.000,0.002,0.014,0.027,0.298,0.702,0.104,0.240,0.000,0.000,1.000
Pedestrian - StL Pedestrian Index,Trip Pass-Through,,Pedestrian Zone 1,yes,N/A,no,1: Monday (M-M),06: 5am (5am-6am),70,0.094,0.105,0.173,0.145,0.140,0.105,0.071,0.097,0.070,0.037,0.252,0.305,0.228,0.178,0.850,0.058,0.002,0.069,0.000,0.004,0.017,0.025,0.371,0.629,0.128,0.303,0.000,0.000,1.000
Pedestrian - StL Pedestrian Index,Trip Pass-Through,,Pedestrian Zone 1,yes,N/A,no,1: Monday (M-M),07: 6am (6am-7am),27,0.088,0.069,0.076,0.208,0.137,0.148,0.052,0.116,0.106,0.064,0.270,0.264,0.240,0.162,0.932,0.019,0.012,0.014,0.000,0.011,0.012,0.072,0.421,0.579,0.142,0.346,0.000,0.000,1.000
Pedestrian - StL Pedestrian Index,Trip Pass-Through,,Pedestrian Zone 1,yes,N/A,no,1: Monday (M-M),08: 7am (7am-8am),8,0.074,0.089,0.141,0.196,0.077,0.140,0.150,0.127,0.006,0.089,0.286,0.224,0.286,0.115,0.949,0.001,0.002,0.022,0.000,0.018,0.008,0.011,0.321,0.679,0.144,0.246,0.000,0.000,1.000
Pedestrian - StL Pedestrian Index,Trip Pass-Through,,Pedestrian Zone 1,yes,N/A,no,1: Monday (M-M),09: 8am (8am-9am),34,0.208,0.119,0.141,0.123,0.109,0.108,0.056,0.082,0.054,0.108,0.238,0.222,0.244,0.188,0.787,0.103,0.004,0.035,0.002,0.036,0.033,0.120,0.231,0.769,0.101,0.177,0.000,0.000,1.000
Pedestrian - StL Pedestrian Index,Trip Pass-Through,,Pedestrian Zone 1,yes,N/A,no,1: Monday (M-M),10: 9am (9am-10am),68,0.107,0.092,0.123,0.193,0.142,0.121,0.070,0.064,0.088,0.091,0.259,0.300,0.204,0.146,0.919,0.027,0.010,0.015,0.000,0.007,0.022,0.058,0.345,0.655,0.097,0.299,0.000,0.000,1.000
Pedestrian - StL Pedestrian Index,Trip Pass-Through,,Pedestrian Zone 1,yes,N/A,no,1: Monday (M-M),11: 10am (10am-11am),203,0.127,0.129,0.117,0.169,0.139,0.115,0.065,0.073,0.066,0.087,0.249,0.270,0.223,0.171,0.886,0.033,0.003,0.043,0.000,0.016,0.019,0.042,0.305,0.695,0.126,0.238,0.000,0.000,1.000
Pedestrian - StL Pedestrian Index,Trip Pass-Through,,Pedestrian Zone 1,yes,N/A,no,1: Monday (M-M),12: 11am (11am-12noon),223,0.113,0.115,0.124,0.194,0.162,0.108,0.074,0.076,0.034,0.072,0.322,0.297,0.206,0.103,0.933,0.021,0.017,0.010,0.000,0.006,0.013,0.034,0.361,0.639,0.116,0.302,0.000,0.000,1.000
Pedestrian - StL Pedestrian Index,Trip Pass-Through,,Pedestrian Zone 1,yes,N/A,no,1: Monday (M-M),13: 12pm (12noon-1pm),233,0.129,0.130,0.125,0.201,0.133,0.098,0.053,0.065,0.066,0.077,0.308,0.260,0.205,0.150,0.914,0.036,0.003,0.025,0.000,0.007,0.015,0.028,0.315,0.685,0.125,0.244,0.000,0.000,1.000
Pedestrian - StL Pedestrian Index,Trip Pass-Through,,Pedestrian Zone 1,yes,N/A,no,1: Monday (M-M),14: 1pm (1pm-2pm),151,0.180,0.099,0.138,0.202,0.112,0.098,0.068,0.037,0.066,0.081,0.302,0.274,0.205,0.138,0.898,0.021,0.003,0.054,0.000,0.007,0.017,0.034,0.311,0.689,0.125,0.240,0.000,0.000,1.000
Pedestrian - StL Pedestrian Index,Trip Pass-Through,,Pedestrian Zone 1,yes,N/A,no,1: Monday (M-M),15: 2pm (2pm-3pm),263,0.157,0.137,0.125,0.170,0.129,0.095,0.056,0.061,0.070,0.086,0.299,0.249,0.220,0.146,0.828,0.069,0.002,0.048,0.001,0.018,0.034,0.058,0.331,0.669,0.135,0.268,0.000,0.000,1.000
Pedestrian - StL Pedestrian Index,Trip Pass-Through,,Pedestrian Zone 1,yes,N/A,no,1: Monday (M-M),16: 3pm (3pm-4pm),192,0.114,0.121,0.119,0.191,0.131,0.106,0.056,0.069,0.093,0.082,0.305,0.251,0.225,0.137,0.840,0.045,0.001,0.051,0.001,0.032,0.030,0.085,0.334,0.666,0.130,0.266,0.000,0.000,1.000
Pedestrian - StL Pedestrian Index,Trip Pass-Through,,Pedestrian Zone 1,yes,N/A,no,1: Monday (M-M),17: 4pm (4pm-5pm),134,0.139,0.141,0.145,0.183,0.157,0.093,0.044,0.058,0.040,0.088,0.329,0.256,0.195,0.132,0.890,0.032,0.003,0.049,0.000,0.009,0.017,0.037,0.302,0.698,0.113,0.240,0.000,0.000,1.000
Pedestrian - StL Pedestrian Index,Trip Pass-Through,,Pedestrian Zone 1,yes,N/A,no,1: Monday (M-M),18: 5pm (5pm-6pm),64,0.143,0.126,0.125,0.147,0.101,0.103,0.096,0.085,0.074,0.057,0.235,0.308,0.248,0.152,0.927,0.014,0.002,0.039,0.000,0.005,0.013,0.028,0.329,0.671,0.164,0.233,0.000,0.000,1.000
Pedestrian - StL Pedestrian Index,Trip Pass-Through,,Pedestrian Zone 1,yes,N/A,no,1: Monday (M-M),19: 6pm (6pm-7pm),60,0.134,0.174,0.162,0.204,0.170,0.074,0.025,0.030,0.027,0.124,0.344,0.252,0.123,0.157,0.921,0.007,0.003,0.030,0.001,0.024,0.014,0.056,0.283,0.717,0.138,0.198,0.000,0.000,1.000
Pedestrian - StL Pedestrian Index,Trip Pass-Through,,Pedestrian Zone 1,yes,N/A,no,1: Monday (M-M),20: 7pm (7pm-8pm),42,0.086,0.063,0.112,0.127,0.145,0.142,0.077,0.104,0.144,0.083,0.202,0.277,0.231,0.207,0.900,0.035,0.001,0.037,0.000,0.020,0.007,0.060,0.366,0.634,0.098,0.327,0.000,0.000,1.000
Pedestrian - StL Pedestrian Index,Trip Pass-Through,,Pedestrian Zone 1,yes,N/A,no,2: Tuesday (Tu-Tu),00: All Day (12am-12am),1453,0.126,0.126,0.122,0.185,0.146,0.100,0.065,0.067,0.063,0.095,0.267,0.264,0.220,0.154,0.865,0.044,0.004,0.049,0.000,0.017,0.021,0.061,0.335,0.665,0.133,0.263,0.000,0.000,1.000
Pedestrian - StL Pedestrian Index,Trip Pass-Through,,Pedestrian Zone 1,yes,N/A,no,2: Tuesday (Tu-Tu),04: 3am (3am-4am),17,0.051,0.031,0.134,0.214,0.170,0.184,0.130,0.055,0.031,0.114,0.300,0.386,0.152,0.048,0.809,0.065,0.000,0.031,0.000,0.037,0.058,0.187,0.553,0.447,0.263,0.450,0.000,0.000,1.000
Pedestrian - StL Pedestrian Index,Trip Pass-Through,,Pedestrian Zone 1,yes,N/A,no,2: Tuesday (Tu-Tu),05: 4am (4am-5am),17,0.208,0.245,0.207,0.209,0.066,0.043,0.003,0.008,0.011,0.202,0.303,0.275,0.135,0.085,0.892,0.069,0.000,0.010,0.000,0.021,0.008,0.043,0.264,0.736,0.147,0.190,0.000,0.000,1.000
Pedestrian - StL Pedestrian Index,Trip Pass-Through,,Pedestrian Zone 1,yes,N/A,no,2: Tuesday (Tu-Tu),06: 5am (5am-6am),52,0.135,0.136,0.106,0.202,0.132,0.079,0.076,0.068,0.066,0.132,0.280,0.255,0.162,0.171,0.881,0.033,0.002,0.047,0.000,0.026,0.011,0.054,0.299,0.701,0.115,0.220,0.000,0.000,1.000
Pedestrian - StL Pedestrian Index,Trip Pass-Through,,Pedestrian Zone 1,yes,N/A,no,2: Tuesday (Tu-Tu),07: 6am (6am-7am),44,0.113,0.087,0.093,0.179,0.150,0.120,0.100,0.073,0.085,0.069,0.205,0.246,0.261,0.219,0.875,0.052,0.011,0.032,0.000,0.011,0.019,0.035,0.352,0.648,0.148,0.263,0.000,0.000,1.000
Pedestrian - StL Pedestrian Index,Trip Pass-Through,,Pedestrian Zone 1,yes,N/A,no,2: Tuesday (Tu-Tu),09: 8am (8am-9am),36,0.108,0.101,0.110,0.220,0.170,0.114,0.060,0.058,0.059,0.049,0.253,0.296,0.220,0.182,0.882,0.019,0.000,0.050,0.003,0.012,0.034,0.033,0.266,0.734,0.118,0.186,0.000,0.000,1.000
Pedestrian - StL Pedestrian Index,Trip Pass-Through,,Pedestrian Zone 1,yes,N/A,no,2: Tuesday (Tu-Tu),10: 9am (9am-10am),63,0.137,0.182,0.107,0.146,0.169,0.070,0.056,0.076,0.057,0.097,0.277,0.214,0.247,0.165,0.781,0.036,0.003,0.111,0.000,0.043,0.026,0.114,0.382,0.618,0.164,0.299,0.000,0.000,1.000
Pedestrian - StL Pedestrian Index,Trip Pass-Through,,Pedestrian Zone 1,yes,N/A,no,2: Tuesday (Tu-Tu),11: 10am (10am-11am),134,0.131,0.096,0.119,0.175,0.129,0.105,0.064,0.081,0.100,0.078,0.255,0.250,0.238,0.179,0.855,0.089,0.003,0.029,0.000,0.006,0.018,0.029,0.349,0.651,0.134,0.272,0.000,0.000,1.000
Pedestrian - StL Pedestrian Index,Trip Pass-Through,,Pedestrian Zone 1,yes,N/A,no,2: Tuesday (Tu-Tu),12: 11am (11am-12noon),159,0.116,0.112,0.119,0.180,0.165,0.098,0.062,0.083,0.065,0.101,0.246,0.280,0.234,0.139,0.827,0.030,0.008,0.073,0.000,0.038,0.024,0.108,0.377,0.623,0.172,0.292,0.000,0.000,1.000
Pedestrian - StL Pedestrian Index,Trip Pass-Through,,Pedestrian Zone 1,yes,N/A,no,2: Tuesday (Tu-Tu),13: 12pm (12noon-1pm),210,0.130,0.137,0.138,0.178,0.156,0.096,0.063,0.051,0.051,0.096,0.260,0.259,0.219,0.166,0.892,0.017,0.003,0.060,0.000,0.006,0.022,0.032,0.324,0.676,0.112,0.257,0.000,0.000,1.000
Pedestrian - StL Pedestrian Index,Trip Pass-Through,,Pedestrian Zone 1,yes,N/A,no,2: Tuesday (Tu-Tu),14: 1pm (1pm-2pm),203,0.130,0.148,0.125,0.194,0.123,0.100,0.066,0.065,0.049,0.116,0.305,0.247,0.203,0.129,0.865,0.055,0.004,0.043,0.001,0.015,0.017,0.061,0.338,0.662,0.143,0.265,0.000,0.000,1.000
Pedestrian - StL Pedestrian Index,Trip Pass-Through,,Pedestrian Zone 1,yes,N/A,no,2: Tuesday (Tu-Tu),15: 2pm (2pm-3pm),166,0.120,0.116,0.132,0.182,0.168,0.097,0.068,0.065,0.052,0.082,0.287,0.281,0.200,0.150,0.905,0.030,0.002,0.037,0.000,0.015,0.011,0.043,0.306,0.694,0.089,0.265,0.000,0.000,1.000
Pedestrian - StL Pedestrian Index,Trip Pass-Through,,Pedestrian Zone 1,yes,N/A,no,2: Tuesday (Tu-Tu),16: 3pm (3pm-4pm),68,0.103,0.122,0.161,0.227,0.171,0.083,0.040,0.048,0.045,0.114,0.270,0.299,0.215,0.102,0.856,0.064,0.018,0.023,0.000,0.013,0.026,0.056,0.400,0.600,0.175,0.317,0.000,0.000,1.000
Pedestrian - StL Pedestrian Index,Trip Pass-Through,,Pedestrian Zone 1,yes,N/A,no,2: Tuesday (Tu-Tu),17: 4pm (4pm-5pm),97,0.165,0.118,0.129,0.194,0.134,0.103,0.057,0.036,0.064,0.096,0.271,0.252,0.211,0.170,0.895,0.035,0.001,0.036,0.000,0.012,0.021,0.070,0.245,0.755,0.116,0.175,0.000,0.000,1.000
Pedestrian - StL Pedestrian Index,Trip Pass-Through,,Pedestrian Zone 1,yes,N/A,no,2: Tuesday (Tu-Tu),18: 5pm (5pm-6pm),69,0.084,0.152,0.121,0.220,0.124,0.096,0.049,0.078,0.076,0.074,0.281,0.318,0.233,0.094,0.899,0.019,0.008,0.044,0.000,0.008,0.022,0.058,0.336,0.664,0.127,0.266,0.000,0.000,1.000
Pedestrian - StL Pedestrian Index,Trip Pass-Through,,Pedestrian Zone 1,yes,N/A,no,2: Tuesday (Tu-Tu),19: 6pm (6pm-7pm),43,0.099,0.089,0.070,0.173,0.138,0.139,0.103,0.097,0.092,0.060,0.230,0.207,0.281,0.222,0.823,0.059,0.001,0.071,0.000,0.015,0.031,0.103,0.366,0.634,0.164,0.265,0.000,0.000,1.000
Pedestrian - StL Pedestrian Index,Trip Pass-Through,,Pedestrian Zone 1,yes,N/A,no,2: Tuesday (Tu-Tu),20: 7pm (7pm-8pm),60,0.142,0.124,0.090,0.179,0.142,0.134,0.067,0.079,0.043,0.083,0.282,0.301,0.206,0.128,0.811,0.102,0.002,0.027,0.000,0.034,0.024,0.081,0.325,0.675,0.113,0.269,0.000,0.000,1.000
Pedestrian - StL Pedestrian Index,Trip Pass-Through,,Pedestrian Zone 1,yes,N/A,no,2: Tuesday (Tu-Tu),21: 8pm (8pm-9pm),17,0.090,0.055,0.062,0.076,0.100,0.118,0.079,0.176,0.244,0.044,0.037,0.207,0.334,0.378,0.836,0.028,0.001,0.102,0.001,0.007,0.025,0.034,0.313,0.687,0.098,0.239,0.000,0.000,1.000
Pedestrian - StL Pedestrian Index,Trip Pass-Through,,Pedestrian Zone 1,yes,N/A,no,3: Wednesday (W-W),00: All Day (12am-12am),1188,0.120,0.123,0.115,0.165,0.137,0.101,0.071,0.083,0.085,0.080,0.244,0.262,0.246,0.168,0.855,0.036,0.002,0.067,0.000,0.020,0.020,0.059,0.330,0.670,0.119,0.270,0.000,0.000,1.000
Pedestrian - StL Pedestrian Index,Trip Pass-Through,,Pedestrian Zone 1,yes,N/A,no,3: Wednesday (W-W),05: 4am (4am-5am),67,0.071,0.085,0.084,0.142,0.108,0.103,0.098,0.128,0.181,0.052,0.184,0.227,0.303,0.234,0.864,0.069,0.001,0.039,0.000,0.014,0.013,0.044,0.423,0.577,0.162,0.351,0.000,0.000,1.000
Pedestrian - StL Pedestrian Index,Trip Pass-Through,,Pedestrian Zone 1,yes,N/A,no,3: Wednesday (W-W),06: 5am (5am-6am),17,0.031,0.040,0.073,0.155,0.078,0.086,0.075,0.134,0.328,0.055,0.118,0.147,0.303,0.377,0.882,0.010,0.001,0.056,0.000,0.036,0.015,0.072,0.364,0.636,0.104,0.333,0.000,0.000,1.000
Pedestrian - StL Pedestrian Index,Trip Pass-Through,,Pedestrian Zone 1,yes,N/A,no,3: Wednesday (W-W),07: 6am (6am-7am),37,0.188,0.111,0.092,0.146,0.149,0.097,0.052,0.105,0.060,0.062,0.228,0.253,0.267,0.190,0.854,0.010,0.012,0.082,0.000,0.022,0.020,0.071,0.297,0.703,0.110,0.239,0.000,0.000,1.000
Pedestrian - StL Pedestrian Index,Trip Pass-Through,,Pedestrian Zone 1,yes,N/A,no,3: Wednesday (W-W),09: 8am (8am-9am),8,0.077,0.115,0.146,0.204,0.073,0.121,0.075,0.045,0.144,0.035,0.237,0.425,0.229,0.074,0.968,0.001,0.001,0.000,0.010,0.010,0.010,0.011,0.402,0.598,0.114,0.344,0.000,0.000,1.000
Pedestrian - StL Pedestrian Index,Trip Pass-Through,,Pedestrian Zone 1,yes,N/A,no,3: Wednesday (W-W),10: 9am (9am-10am),99,0.130,0.111,0.080,0.134,0.133,0.140,0.083,0.107,0.082,0.089,0.219,0.281,0.239,0.172,0.852,0.029,0.003,0.063,0.000,0.034,0.019,0.065,0.346,0.654,0.124,0.294,0.000,0.000,1.000
Pedestrian - StL Pedestrian Index,Trip Pass-Through,,Pedestrian Zone 1,yes,N/A,no,3: Wednesday (W-W),11: 10am (10am-11am),105,0.126,0.105,0.099,0.168,0.134,0.103,0.072,0.088,0.105,0.084,0.279,0.228,0.230,0.179,0.938,0.013,0.001,0.027,0.000,0.006,0.015,0.045,0.319,0.681,0.105,0.247,0.000,0.000,1.000
Pedestrian - StL Pedestrian Index,Trip Pass-Through,,Pedestrian Zone 1,yes,N/A,no,3: Wednesday (W-W),12: 11am (11am-12noon),157,0.111,0.128,0.123,0.168,0.116,0.114,0.070,0.090,0.080,0.082,0.254,0.256,0.236,0.172,0.868,0.039,0.003,0.050,0.000,0.018,0.022,0.052,0.314,0.686,0.111,0.253,0.000,0.000,1.000
Pedestrian - StL Pedestrian Index,Trip Pass-Through,,Pedestrian Zone 1,yes,N/A,no,3: Wednesday (W-W),13: 12pm (12noon-1pm),144,0.116,0.141,0.144,0.179,0.140,0.071,0.064,0.082,0.063,0.061,0.282,0.285,0.220,0.152,0.889,0.038,0.001,0.044,0.001,0.006,0.021,0.036,0.326,0.674,0.110,0.282,0.000,0.000,1.000
Pedestrian - StL Pedestrian Index,Trip Pass-Through,,Pedestrian Zone 1,yes,N/A,no,3: Wednesday (W-W),14: 1pm (1pm-2pm),184,0.129,0.117,0.124,0.144,0.148,0.098,0.076,0.088,0.076,0.079,0.219,0.281,0.276,0.145,0.821,0.069,0.001,0.067,0.000,0.018,0.024,0.045,0.301,0.699,0.118,0.238,0.000,0.000,1.000
Pedestrian - StL Pedestrian Index,Trip Pass-Through,,Pedestrian Zone 1,yes,N/A,no,3: Wednesday (W-W),15: 2pm (2pm-3pm),122,0.106,0.142,0.120,0.193,0.163,0.093,0.060,0.063,0.060,0.104,0.274,0.277,0.221,0.124,0.867,0.011,0.006,0.049,0.001,0.047,0.019,0.111,0.321,0.679,0.129,0.259,0.000,0.000,1.000
Pedestrian - StL Pedestrian Index,Trip Pass-Through,,Pedestrian Zone 1,yes,N/A,no,3: Wednesday (W-W),16: 3pm (3pm-4pm),88,0.113,0.105,0.101,0.167,0.153,0.098,0.073,0.063,0.127,0.054,0.230,0.275,0.268,0.173,0.894,0.026,0.001,0.055,0.000,0.007,0.017,0.031,0.308,0.692,0.124,0.246,0.000,0.000,1.000
Pedestrian - StL Pedestrian Index,Trip Pass-Through,,Pedestrian Zone 1,yes,N/A,no,3: Wednesday (W-W),17: 4pm (4pm-5pm),55,0.107,0.131,0.103,0.139,0.168,0.112,0.085,0.070,0.085,0.051,0.224,0.284,0.252,0.189,0.960,0.009,0.000,0.011,0.000,0.003,0.017,0.016,0.384,0.616,0.106,0.322,0.000,0.000,1.000
Pedestrian - StL Pedestrian Index,Trip Pass-Through,,Pedestrian Zone 1,yes,N/A,no,3: Wednesday (W-W),18: 5pm (5pm-6pm),35,0.130,0.137,0.128,0.175,0.128,0.135,0.046,0.065,0.056,0.054,0.271,0.251,0.230,0.194,0.808,0.029,0.006,0.133,0.000,0.003,0.021,0.024,0.388,0.612,0.143,0.331,0.000,0.000,1.000
Pedestrian - StL Pedestrian Index,Trip Pass-Through,,Pedestrian Zone 1,yes,N/A,no,3: Wednesday (W-W),19: 6pm (6pm-7pm),26,0.183,0.161,0.145,0.175,0.141,0.081,0.041,0.043,0.030,0.119,0.294,0.246,0.218,0.123,0.669,0.101,0.003,0.177,0.000,0.026,0.024,0.105,0.314,0.686,0.152,0.219,0.000,0.000,1.000
Pedestrian - StL Pedestrian Index,Trip Pass-Through,,Pedestrian Zone 1,yes,N/A,no,3: Wednesday (W-W),20: 7pm (7pm-8pm),26,0.167,0.122,0.105,0.152,0.117,0.098,0.113,0.063,0.063,0.094,0.214,0.164,0.282,0.246,0.652,0.037,0.003,0.219,0.000,0.052,0.037,0.180,0.323,0.677,0.097,0.268,0.000,0.000,1.000
Pedestrian - StL Pedestrian Index,Trip Pass-Through,,Pedestrian Zone 1,yes,N/A,no,3: Wednesday (W-W),21: 8pm (8pm-9pm),8,0.103,0.126,0.183,0.248,0.106,0.092,0.055,0.064,0.023,0.055,0.241,0.314,0.247,0.143,0.965,0.013,0.000,0.015,0.000,0.000,0.007,0.005,0.468,0.532,0.112,0.455,0.000,0.000,1.000
Pedestrian - StL Pedestrian Index,Trip Pass-Through,,Pedestrian Zone 1,yes,N/A,no,3: Wednesday (W-W),22: 9pm (9pm-10pm),8,0.233,0.221,0.139,0.201,0.108,0.083,0.003,0.012,0.000,0.376,0.207,0.149,0.184,0.084,0.139,0.029,0.004,0.734,0.000,0.054,0.040,0.165,0.324,0.676,0.142,0.231,0.000,0.000,1.000
Pedestrian - StL Pedestrian Index,Trip Pass-Through,,Pedestrian Zone 1,yes,N/A,no,4: Thursday (Th-Th),00: All Day (12am-12am),1143,0.125,0.124,0.120,0.192,0.135,0.101,0.057,0.072,0.074,0.084,0.276,0.256,0.226,0.158,0.860,0.046,0.004,0.054,0.000,0.016,0.020,0.057,0.350,0.650,0.150,0.272,0.000,0.008,0.992
Pedestrian - StL Pedestrian Index,Trip Pass-Through,,Pedestrian Zone 1,yes,N/A,no,4: Thursday (Th-Th),05: 4am (4am-5am),34,0.088,0.119,0.140,0.165,0.166,0.156,0.043,0.038,0.085,0.053,0.281,0.244,0.250,0.172,0.943,0.007,0.002,0.024,0.000,0.008,0.016,0.039,0.448,0.552,0.130,0.395,0.000,0.000,1.000
Pedestrian - StL Pedestrian Index,Trip Pass-Through,,Pedestrian Zone 1,yes,N/A,no,4: Thursday (Th-Th),06: 5am (5am-6am),37,0.083,0.078,0.147,0.294,0.139,0.081,0.039,0.081,0.058,0.176,0.308,0.195,0.194,0.127,0.684,0.073,0.004,0.183,0.001,0.043,0.012,0.059,0.371,0.629,0.159,0.293,0.000,0.000,1.000
Pedestrian - StL Pedestrian Index,Trip Pass-Through,,Pedestrian Zone 1,yes,N/A,no,4: Thursday (Th-Th),07: 6am (6am-7am),9,0.278,0.122,0.014,0.122,0.036,0.070,0.102,0.088,0.168,0.191,0.239,0.143,0.163,0.264,0.596,0.049,0.032,0.192,0.000,0.076,0.055,0.214,0.427,0.573,0.149,0.414,0.000,0.000,1.000
Pedestrian - StL Pedestrian Index,Trip Pass-Through,,Pedestrian Zone 1,yes,N/A,no,4: Thursday (Th-Th),10: 9am (9am-10am),26,0.132,0.142,0.129,0.191,0.115,0.160,0.022,0.075,0.034,0.070,0.336,0.282,0.158,0.154,0.893,0.022,0.000,0.040,0.000,0.023,0.022,0.074,0.317,0.683,0.133,0.269,0.000,0.000,1.000
Pedestrian - StL Pedestrian Index,Trip Pass-Through,,Pedestrian Zone 1,yes,N/A,no,4: Thursday (Th-Th),11: 10am (10am-11am),120,0.150,0.119,0.115,0.192,0.126,0.105,0.062,0.073,0.058,0.065,0.280,0.251,0.247,0.157,0.867,0.044,0.009,0.041,0.001,0.015,0.023,0.067,0.381,0.619,0.155,0.297,0.000,0.000,1.000
Pedestrian - StL Pedestrian Index,Trip Pass-Through,,Pedestrian Zone 1,yes,N/A,no,4: Thursday (Th-Th),12: 11am (11am-12noon),223,0.099,0.112,0.115,0.167,0.142,0.105,0.064,0.092,0.104,0.070,0.240,0.251,0.258,0.181,0.839,0.058,0.005,0.057,0.001,0.014,0.026,0.058,0.378,0.622,0.151,0.291,0.000,0.000,1.000
Pedestrian - StL Pedestrian Index,Trip Pass-Through,,Pedestrian Zone 1,yes,N/A,no,4: Thursday (Th-Th),13: 12pm (12noon-1pm),117,0.131,0.136,0.134,0.192,0.151,0.084,0.055,0.056,0.061,0.084,0.306,0.263,0.188,0.159,0.822,0.057,0.008,0.069,0.001,0.018,0.025,0.037,0.275,0.725,0.147,0.197,0.000,0.077,0.923
Pedestrian - StL Pedestrian Index,Trip Pass-Through,,Pedestrian Zone 1,yes,N/A,no,4: Thursday (Th-Th),14: 1pm (1pm-2pm),178,0.126,0.132,0.102,0.191,0.133,0.103,0.058,0.084,0.071,0.125,0.285,0.238,0.221,0.131,0.889,0.031,0.002,0.046,0.000,0.016,0.016,0.058,0.336,0.664,0.144,0.254,0.000,0.000,1.000
Pedestrian - StL Pedestrian Index,Trip Pass-Through,,Pedestrian Zone 1,yes,N/A,no,4: Thursday (Th-Th),15: 2pm (2pm-3pm),97,0.132,0.117,0.125,0.230,0.118,0.105,0.053,0.071,0.049,0.098,0.272,0.276,0.208,0.146,0.833,0.067,0.002,0.045,0.000,0.032,0.021,0.094,0.354,0.646,0.171,0.268,0.000,0.000,1.000
Pedestrian - StL Pedestrian Index,Trip Pass-Through,,Pedestrian Zone 1,yes,N/A,no,4: Thursday (Th-Th),16: 3pm (3pm-4pm),80,0.161,0.135,0.109,0.188,0.109,0.086,0.053,0.062,0.097,0.063,0.250,0.283,0.242,0.162,0.879,0.046,0.003,0.036,0.000,0.016,0.020,0.100,0.398,0.602,0.192,0.329,0.000,0.000,1.000
Pedestrian - StL Pedestrian Index,Trip Pass-Through,,Pedestrian Zone 1,yes,N/A,no,4: Thursday (Th-Th),17: 4pm (4pm-5pm),107,0.148,0.131,0.128,0.180,0.157,0.085,0.059,0.059,0.053,0.053,0.267,0.280,0.244,0.156,0.878,0.045,0.000,0.067,0.000,0.002,0.008,0.018,0.314,0.686,0.152,0.232,0.000,0.000,1.000
Pedestrian - StL Pedestrian Index,Trip Pass-Through,,Pedestrian Zone 1,yes,N/A,no,4: Thursday (Th-Th),18: 5pm (5pm-6pm),44,0.111,0.181,0.149,0.182,0.109,0.080,0.061,0.047,0.080,0.072,0.338,0.240,0.225,0.125,0.958,0.027,0.000,0.003,0.000,0.001,0.011,0.003,0.253,0.747,0.055,0.209,0.000,0.000,1.000
Pedestrian - StL Pedestrian Index,Trip Pass-Through,,Pedestrian Zone 1,yes,N/A,no,4: Thursday (Th-Th),19: 6pm (6pm-7pm),26,0.110,0.114,0.124,0.234,0.156,0.097,0.059,0.039,0.067,0.053,0.263,0.272,0.194,0.218,0.858,0.057,0.001,0.043,0.001,0.008,0.032,0.037,0.314,0.686,0.113,0.241,0.000,0.000,1.000
Pedestrian - StL Pedestrian Index,Trip Pass-Through,,Pedestrian Zone 1,yes,N/A,no,4: Thursday (Th-Th),20: 7pm (7pm-8pm),44,0.089,0.105,0.148,0.179,0.143,0.141,0.053,0.065,0.077,0.058,0.323,0.275,0.189,0.155,0.943,0.008,0.005,0.028,0.000,0.001,0.015,0.021,0.387,0.613,0.149,0.296,0.000,0.000,1.000
Pedestrian - StL Pedestrian Index,Trip Pass-Through,,Pedestrian Zone 1,yes,N/A,no,5: Friday (F-F),00: All Day (12am-12am),1510,0.135,0.128,0.129,0.185,0.144,0.097,0.063,0.064,0.055,0.101,0.280,0.269,0.212,0.138,0.879,0.038,0.005,0.041,0.000,0.020,0.017,0.065,0.315,0.685,0.129,0.243,0.000,0.000,1.000
Pedestrian - StL Pedestrian Index,Trip Pass-Through,,Pedestrian Zone 1,yes,N/A,no,5: Friday (F-F),05: 4am (4am-5am),10,0.154,0.077,0.068,0.105,0.108,0.058,0.102,0.151,0.177,0.050,0.123,0.240,0.276,0.311,0.869,0.032,0.001,0.060,0.000,0.010,0.028,0.066,0.255,0.745,0.070,0.225,0.000,0.000,1.000
Pedestrian - StL Pedestrian Index,Trip Pass-Through,,Pedestrian Zone 1,yes,N/A,no,5: Friday (F-F),06: 5am (5am-6am),10,0.198,0.066,0.080,0.137,0.184,0.142,0.087,0.066,0.040,0.000,0.123,0.242,0.338,0.297,0.860,0.000,0.000,0.049,0.000,0.001,0.090,0.070,0.281,0.719,0.095,0.192,0.000,0.000,1.000
Pedestrian - StL Pedestrian Index,Trip Pass-Through,,Pedestrian Zone 1,yes,N/A,no,5: Friday (F-F),07: 6am (6am-7am),27,0.203,0.165,0.151,0.203,0.099,0.062,0.028,0.033,0.056,0.164,0.244,0.280,0.176,0.136,0.897,0.081,0.000,0.007,0.000,0.005,0.010,0.014,0.216,0.784,0.122,0.142,0.000,0.000,1.000
Pedestrian - StL Pedestrian Index,Trip Pass-Through,,Pedestrian Zone 1,yes,N/A,no,5: Friday (F-F),08: 7am (7am-8am),9,0.172,0.085,0.059,0.190,0.126,0.103,0.145,0.078,0.042,0.081,0.267,0.338,0.143,0.171,0.621,0.328,0.000,0.020,0.000,0.004,0.027,0.054,0.350,0.650,0.151,0.265,0.000,0.000,1.000
Pedestrian - StL Pedestrian Index,Trip Pass-Through,,Pedestrian Zone 1,yes,N/A,no,5: Friday (F-F),09: 8am (8am-9am),10,0.030,0.255,0.163,0.196,0.175,0.115,0.008,0.002,0.056,0.076,0.341,0.323,0.166,0.094,0.865,0.018,0.000,0.049,0.000,0.039,0.029,0.085,0.308,0.692,0.115,0.267,0.000,0.000,1.000
Pedestrian - StL Pedestrian Index,Trip Pass-Through,,Pedestrian Zone 1,yes,N/A,no,5: Friday (F-F),10: 9am (9am-10am),104,0.090,0.113,0.118,0.157,0.148,0.099,0.076,0.106,0.093,0.076,0.216,0.259,0.269,0.180,0.794,0.036,0.002,0.119,0.000,0.029,0.020,0.099,0.366,0.634,0.158,0.291,0.000,0.000,1.000
Pedestrian - StL Pedestrian Index,Trip Pass-Through,,Pedestrian Zone 1,yes,N/A,no,5: Friday (F-F),11: 10am (10am-11am),225,0.141,0.134,0.148,0.199,0.127,0.083,0.050,0.062,0.056,0.124,0.296,0.267,0.193,0.120,0.868,0.048,0.004,0.021,0.000,0.038,0.021,0.090,0.352,0.648,0.158,0.254,0.000,0.000,1.000
Pedestrian - StL Pedestrian Index,Trip Pass-Through,,Pedestrian Zone 1,yes,N/A,no,5: Friday (F-F),12: 11am (11am-12noon),225,0.111,0.100,0.120,0.190,0.154,0.113,0.058,0.089,0.065,0.076,0.274,0.257,0.222,0.171,0.876,0.026,0.002,0.067,0.000,0.009,0.020,0.046,0.352,0.648,0.143,0.287,0.000,0.000,1.000
Pedestrian - StL Pedestrian Index,Trip Pass-Through,,Pedestrian Zone 1,yes,N/A,no,5: Friday (F-F),13: 12pm (12noon-1pm),240,0.135,0.131,0.136,0.175,0.156,0.100,0.069,0.060,0.038,0.092,0.291,0.275,0.208,0.134,0.926,0.015,0.001,0.040,0.000,0.010,0.008,0.032,0.285,0.715,0.103,0.226,0.000,0.000,1.000
Pedestrian - StL Pedestrian Index,Trip Pass-Through,,Pedestrian Zone 1,yes,N/A,no,5: Friday (F-F),14: 1pm (1pm-2pm),85,0.165,0.167,0.147,0.191,0.146,0.087,0.047,0.032,0.018,0.101,0.290,0.285,0.215,0.109,0.945,0.015,0.001,0.020,0.001,0.006,0.012,0.017,0.267,0.733,0.114,0.190,0.000,0.000,1.000
Pedestrian - StL Pedestrian Index,Trip Pass-Through,,Pedestrian Zone 1,yes,N/A,no,5: Friday (F-F),15: 2pm (2pm-3pm),176,0.177,0.155,0.136,0.181,0.137,0.080,0.052,0.034,0.048,0.113,0.320,0.282,0.180,0.105,0.855,0.059,0.005,0.033,0.000,0.028,0.020,0.087,0.291,0.709,0.114,0.220,0.000,0.000,1.000
Pedestrian - StL Pedestrian Index,Trip Pass-Through,,Pedestrian Zone 1,yes,N/A,no,5: Friday (F-F),16: 3pm (3pm-4pm),179,0.125,0.135,0.121,0.191,0.159,0.081,0.057,0.064,0.067,0.116,0.282,0.251,0.210,0.141,0.913,0.020,0.013,0.021,0.000,0.018,0.015,0.063,0.323,0.677,0.122,0.263,0.000,0.000,1.000
Pedestrian - StL Pedestrian Index,Trip Pass-Through,,Pedestrian Zone 1,yes,N/A,no,5: Friday (F-F),17: 4pm (4pm-5pm),93,0.174,0.110,0.112,0.184,0.114,0.123,0.091,0.042,0.050,0.136,0.272,0.272,0.205,0.115,0.850,0.055,0.024,0.016,0.000,0.039,0.016,0.133,0.322,0.678,0.149,0.226,0.000,0.000,1.000
Pedestrian - StL Pedestrian Index,Trip Pass-Through,,Pedestrian Zone 1,yes,N/A,no,5: Friday (F-F),18: 5pm (5pm-6pm),55,0.058,0.102,0.118,0.236,0.144,0.142,0.070,0.085,0.045,0.045,0.240,0.288,0.276,0.151,0.842,0.090,0.001,0.037,0.000,0.013,0.017,0.060,0.218,0.782,0.100,0.148,0.000,0.000,1.000
Pedestrian - StL Pedestrian Index,Trip Pass-Through,,Pedestrian Zone 1,yes,N/A,no,5: Friday (F-F),19: 6pm (6pm-7pm),27,0.073,0.091,0.114,0.181,0.107,0.144,0.148,0.081,0.061,0.102,0.291,0.292,0.204,0.111,0.678,0.118,0.002,0.148,0.000,0.016,0.038,0.051,0.409,0.591,0.086,0.377,0.000,0.000,1.000
Pedestrian - StL Pedestrian Index,Trip Pass-Through,,Pedestrian Zone 1,yes,N/A,no,5: Friday (F-F),20: 7pm (7pm-8pm),37,0.104,0.094,0.108,0.208,0.166,0.089,0.083,0.088,0.060,0.097,0.252,0.249,0.237,0.165,0.929,0.018,0.000,0.032,0.000,0.006,0.015,0.017,0.276,0.724,0.158,0.201,0.000,0.000,1.000
Pedestrian - StL Pedestrian Index,Trip Pass-Through,,Pedestrian Zone 1,yes,N/A,no,6: Saturday (Sa-Sa),00: All Day (12am-12am),1462,0.141,0.136,0.119,0.184,0.135,0.099,0.057,0.061,0.068,0.093,0.272,0.247,0.225,0.163,0.840,0.033,0.005,0.082,0.000,0.021,0.019,0.072,0.318,0.682,0.134,0.242,0.000,0.000,1.000
Pedestrian - StL Pedestrian Index,Trip Pass-Through,,Pedestrian Zone 1,yes,N/A,no,6: Saturday (Sa-Sa),04: 3am (3am-4am),8,0.245,0.225,0.095,0.141,0.161,0.046,0.028,0.000,0.059,0.174,0.171,0.431,0.062,0.162,0.921,0.058,0.000,0.004,0.000,0.000,0.017,0.015,0.412,0.588,0.240,0.259,0.000,0.000,1.000
Pedestrian - StL Pedestrian Index,Trip Pass-Through,,Pedestrian Zone 1,yes,N/A,no,6: Saturday (Sa-Sa),05: 4am (4am-5am),8,0.130,0.072,0.096,0.098,0.151,0.022,0.100,0.151,0.180,0.021,0.117,0.121,0.288,0.453,0.827,0.082,0.000,0.033,0.003,0.042,0.013,0.090,0.061,0.939,0.031,0.046,0.000,0.000,1.000
Pedestrian - StL Pedestrian Index,Trip Pass-Through,,Pedestrian Zone 1,yes,N/A,no,6: Saturday (Sa-Sa),06: 5am (5am-6am),26,0.195,0.124,0.118,0.223,0.127,0.094,0.043,0.045,0.031,0.087,0.324,0.299,0.186,0.104,0.941,0.020,0.001,0.015,0.000,0.004,0.019,0.007,0.298,0.702,0.107,0.216,0.000,0.000,1.000
Pedestrian - StL Pedestrian Index,Trip Pass-Through,,Pedestrian Zone 1,yes,N/A,no,6: Saturday (Sa-Sa),07: 6am (6am-7am),64,0.099,0.108,0.141,0.216,0.149,0.107,0.042,0.073,0.065,0.072,0.332,0.242,0.189,0.165,0.946,0.002,0.004,0.022,0.000,0.003,0.023,0.040,0.371,0.629,0.128,0.292,0.000,0.000,1.000
Pedestrian - StL Pedestrian Index,Trip Pass-Through,,Pedestrian Zone 1,yes,N/A,no,6: Saturday (Sa-Sa),09: 8am (8am-9am),52,0.122,0.159,0.148,0.207,0.123,0.106,0.039,0.039,0.057,0.097,0.286,0.229,0.245,0.143,0.865,0.033,0.001,0.062,0.000,0.018,0.021,0.029,0.245,0.755,0.070,0.215,0.000,0.000,1.000
Pedestrian - StL Pedestrian Index,Trip Pass-Through,,Pedestrian Zone 1,yes,N/A,no,6: Saturday (Sa-Sa),10: 9am (9am-10am),107,0.092,0.109,0.121,0.163,0.122,0.112,0.074,0.079,0.128,0.074,0.215,0.258,0.257,0.196,0.916,0.019,0.008,0.037,0.000,0.009,0.011,0.040,0.319,0.681,0.132,0.241,0.000,0.000,1.000
Pedestrian - StL Pedestrian Index,Trip Pass-Through,,Pedestrian Zone 1,yes,N/A,no,6: Saturday (Sa-Sa),11: 10am (10am-11am),98,0.130,0.150,0.144,0.179,0.113,0.086,0.058,0.068,0.072,0.110,0.258,0.183,0.243,0.206,0.639,0.053,0.009,0.202,0.001,0.055,0.041,0.123,0.314,0.686,0.146,0.226,0.000,0.000,1.000
Pedestrian - StL Pedestrian Index,Trip Pass-Through,,Pedestrian Zone 1,yes,N/A,no,6: Saturday (Sa-Sa),12: 11am (11am-12noon),173,0.131,0.144,0.126,0.192,0.132,0.102,0.054,0.052,0.067,0.086,0.269,0.257,0.248,0.140,0.894,0.027,0.003,0.051,0.000,0.013,0.012,0.110,0.328,0.672,0.129,0.259,0.000,0.000,1.000
Pedestrian - StL Pedestrian Index,Trip Pass-Through,,Pedestrian Zone 1,yes,N/A,no,6: Saturday (Sa-Sa),13: 12pm (12noon-1pm),254,0.155,0.134,0.111,0.174,0.145,0.104,0.062,0.058,0.057,0.072,0.270,0.261,0.245,0.152,0.881,0.032,0.004,0.054,0.000,0.011,0.018,0.053,0.311,0.689,0.141,0.225,0.000,0.000,1.000
Pedestrian - StL Pedestrian Index,Trip Pass-Through,,Pedestrian Zone 1,yes,N/A,no,6: Saturday (Sa-Sa),14: 1pm (1pm-2pm),121,0.119,0.134,0.114,0.190,0.155,0.103,0.063,0.076,0.046,0.082,0.288,0.268,0.235,0.127,0.957,0.011,0.004,0.019,0.000,0.003,0.006,0.017,0.354,0.646,0.128,0.290,0.000,0.000,1.000
Pedestrian - StL Pedestrian Index,Trip Pass-Through,,Pedestrian Zone 1,yes,N/A,no,6: Saturday (Sa-Sa),15: 2pm (2pm-3pm),153,0.120,0.136,0.109,0.171,0.142,0.113,0.058,0.065,0.086,0.066,0.248,0.255,0.238,0.193,0.896,0.016,0.004,0.057,0.000,0.011,0.016,0.050,0.309,0.691,0.127,0.235,0.000,0.000,1.000
Pedestrian - StL Pedestrian Index,Trip Pass-Through,,Pedestrian Zone 1,yes,N/A,no,6: Saturday (Sa-Sa),16: 3pm (3pm-4pm),98,0.099,0.151,0.148,0.225,0.172,0.083,0.036,0.050,0.036,0.107,0.336,0.281,0.173,0.103,0.814,0.024,0.005,0.128,0.000,0.007,0.022,0.042,0.398,0.602,0.175,0.314,0.000,0.000,1.000
Pedestrian - StL Pedestrian Index,Trip Pass-Through,,Pedestrian Zone 1,yes,N/A,no,6: Saturday (Sa-Sa),17: 4pm (4pm-5pm),105,0.110,0.105,0.078,0.194,0.124,0.120,0.075,0.081,0.113,0.049,0.210,0.237,0.263,0.241,0.772,0.041,0.003,0.135,0.000,0.025,0.024,0.084,0.341,0.659,0.154,0.251,0.000,0.000,1.000
Pedestrian - StL Pedestrian Index,Trip Pass-Through,,Pedestrian Zone 1,yes,N/A,no,6: Saturday (Sa-Sa),18: 5pm (5pm-6pm),89,0.228,0.127,0.129,0.188,0.120,0.083,0.036,0.044,0.045,0.161,0.299,0.252,0.176,0.112,0.702,0.097,0.006,0.129,0.000,0.046,0.020,0.130,0.308,0.692,0.130,0.248,0.000,0.000,1.000
Pedestrian - StL Pedestrian Index,Trip Pass-Through,,Pedestrian Zone 1,yes,N/A,no,6: Saturday (Sa-Sa),19: 6pm (6pm-7pm),36,0.108,0.201,0.072,0.162,0.128,0.084,0.106,0.060,0.079,0.194,0.383,0.177,0.122,0.124,0.662,0.020,0.003,0.250,0.004,0.037,0.024,0.094,0.325,0.675,0.139,0.245,0.000,0.000,1.000
Pedestrian - StL Pedestrian Index,Trip Pass-Through,,Pedestrian Zone 1,yes,N/A,no,6: Saturday (Sa-Sa),20: 7pm (7pm-8pm),36,0.278,0.140,0.145,0.152,0.096,0.068,0.034,0.048,0.039,0.138,0.247,0.221,0.194,0.200,0.816,0.042,0.003,0.064,0.001,0.059,0.015,0.123,0.151,0.849,0.083,0.095,0.000,0.000,1.000
Pedestrian - StL Pedestrian Index,Trip Pass-Through,,Pedestrian Zone 1,yes,N/A,no,6: Saturday (Sa-Sa),21: 8pm (8pm-9pm),18,0.283,0.208,0.148,0.160,0.064,0.097,0.018,0.016,0.006,0.154,0.299,0.188,0.226,0.133,0.722,0.070,0.006,0.047,0.000,0.126,0.029,0.240,0.190,0.810,0.089,0.133,0.000,0.000,1.000
Pedestrian - StL Pedestrian Index,Trip Pass-Through,,Pedestrian Zone 1,yes,N/A,no,6: Saturday (Sa-Sa),22: 9pm (9pm-10pm),8,0.218,0.123,0.098,0.198,0.136,0.142,0.005,0.069,0.011,0.057,0.170,0.368,0.154,0.251,0.850,0.001,0.000,0.088,0.000,0.021,0.040,0.038,0.275,0.725,0.096,0.241,0.000,0.000,1.000
Pedestrian - StL Pedestrian Index,Trip Pass-Through,,Pedestrian Zone 1,yes,N/A,no,6: Saturday (Sa-Sa),23: 10pm (10pm-11pm),8,0.276,0.163,0.109,0.197,0.068,0.069,0.027,0.030,0.061,0.214,0.366,0.193,0.150,0.077,0.847,0.044,0.004,0.029,0.000,0.062,0.014,0.193,0.343,0.657,0.182,0.252,0.000,0.000,1.000
Pedestrian - StL Pedestrian Index,Trip Pass-Through,,Pedestrian Zone 1,yes,N/A,no,7: Sunday (Su-Su),00: All Day (12am-12am),1764,0.146,0.139,0.123,0.176,0.142,0.099,0.062,0.057,0.056,0.091,0.278,0.265,0.216,0.150,0.850,0.043,0.004,0.063,0.001,0.019,0.020,0.062,0.316,0.684,0.132,0.245,0.000,0.000,1.000
Pedestrian - StL Pedestrian Index,Trip Pass-Through,,Pedestrian Zone 1,yes,N/A,no,7: Sunday (Su-Su),05: 4am (4am-5am),9,0.162,0.094,0.145,0.256,0.132,0.172,0.005,0.011,0.023,0.273,0.465,0.141,0.069,0.052,0.813,0.055,0.000,0.033,0.000,0.083,0.016,0.196,0.493,0.507,0.236,0.354,0.000,0.000,1.000
Pedestrian - StL Pedestrian Index,Trip Pass-Through,,Pedestrian Zone 1,yes,N/A,no,7: Sunday (Su-Su),06: 5am (5am-6am),63,0.154,0.107,0.118,0.177,0.166,0.099,0.056,0.071,0.052,0.079,0.263,0.248,0.229,0.181,0.831,0.044,0.004,0.079,0.000,0.020,0.022,0.054,0.381,0.619,0.139,0.310,0.000,0.000,1.000
Pedestrian - StL Pedestrian Index,Trip Pass-Through,,Pedestrian Zone 1,yes,N/A,no,7: Sunday (Su-Su),07: 6am (6am-7am),98,0.136,0.162,0.129,0.169,0.144,0.117,0.054,0.053,0.036,0.152,0.297,0.236,0.200,0.115,0.787,0.030,0.001,0.166,0.000,0.007,0.009,0.039,0.271,0.729,0.103,0.218,0.000,0.000,1.000
Pedestrian - StL Pedestrian Index,Trip Pass-Through,,Pedestrian Zone 1,yes,N/A,no,7: Sunday (Su-Su),08: 7am (7am-8am),18,0.222,0.155,0.128,0.203,0.116,0.059,0.054,0.051,0.012,0.182,0.292,0.235,0.202,0.089,0.646,0.294,0.004,0.010,0.000,0.004,0.042,0.075,0.201,0.799,0.068,0.174,0.000,0.000,1.000
Pedestrian - StL Pedestrian Index,Trip Pass-Through,,Pedestrian Zone 1,yes,N/A,no,7: Sunday (Su-Su),09: 8am (8am-9am),8,0.181,0.241,0.196,0.185,0.139,0.030,0.011,0.012,0.005,0.052,0.439,0.289,0.157,0.063,0.996,0.000,0.000,0.000,0.000,0.001,0.003,0.003,0.223,0.777,0.054,0.173,0.000,0.000,1.000
Pedestrian - StL Pedestrian Index,Trip Pass-Through,,Pedestrian Zone 1,yes,N/A,no,7: Sunday (Su-Su),10: 9am (9am-10am),141,0.137,0.100,0.133,0.166,0.142,0.112,0.077,0.055,0.078,0.089,0.253,0.258,0.239,0.161,0.843,0.041,0.001,0.053,0.000,0.032,0.030,0.119,0.317,0.683,0.150,0.236,0.000,0.000,1.000
Pedestrian - StL Pedestrian Index,Trip Pass-Through,,Pedestrian Zone 1,yes,N/A,no,7: Sunday (Su-Su),11: 10am (10am-11am),149,0.141,0.117,0.103,0.178,0.162,0.108,0.067,0.062,0.062,0.063,0.242,0.313,0.231,0.151,0.812,0.086,0.005,0.049,0.001,0.024,0.023,0.091,0.341,0.659,0.148,0.267,0.000,0.000,1.000
Pedestrian - StL Pedestrian Index,Trip Pass-Through,,Pedestrian Zone 1,yes,N/A,no,7: Sunday (Su-Su),12: 11am (11am-12noon),246,0.151,0.132,0.112,0.149,0.138,0.111,0.062,0.060,0.085,0.100,0.252,0.273,0.216,0.159,0.859,0.038,0.006,0.053,0.001,0.019,0.024,0.063,0.361,0.639,0.141,0.285,0.000,0.000,1.000
Pedestrian - StL Pedestrian Index,Trip Pass-Through,,Pedestrian Zone 1,yes,N/A,no,7: Sunday (Su-Su),13: 12pm (12noon-1pm),159,0.124,0.137,0.110,0.198,0.137,0.107,0.070,0.045,0.072,0.087,0.269,0.284,0.190,0.170,0.843,0.064,0.002,0.056,0.000,0.016,0.019,0.047,0.351,0.649,0.157,0.258,0.000,0.000,1.000
Pedestrian - StL Pedestrian Index,Trip Pass-Through,,Pedestrian Zone 1,yes,N/A,no,7: Sunday (Su-Su),14: 1pm (1pm-2pm),213,0.144,0.134,0.125,0.180,0.162,0.098,0.052,0.055,0.050,0.073,0.291,0.266,0.214,0.156,0.882,0.034,0.009,0.045,0.000,0.015,0.015,0.057,0.254,0.746,0.109,0.192,0.000,0.000,1.000
Pedestrian - StL Pedestrian Index,Trip Pass-Through,,Pedestrian Zone 1,yes,N/A,no,7: Sunday (Su-Su),15: 2pm (2pm-3pm),207,0.135,0.174,0.123,0.202,0.131,0.075,0.054,0.064,0.042,0.073,0.293,0.283,0.218,0.133,0.888,0.028,0.002,0.050,0.000,0.016,0.016,0.043,0.348,0.652,0.148,0.273,0.000,0.000,1.000
Pedestrian - StL Pedestrian Index,Trip Pass-Through,,Pedestrian Zone 1,yes,N/A,no,7: Sunday (Su-Su),16: 3pm (3pm-4pm),109,0.176,0.107,0.113,0.195,0.148,0.097,0.068,0.040,0.056,0.090,0.301,0.249,0.214,0.146,0.878,0.018,0.008,0.051,0.001,0.018,0.026,0.044,0.286,0.714,0.097,0.230,0.000,0.000,1.000
Pedestrian - StL Pedestrian Index,Trip Pass-Through,,Pedestrian Zone 1,yes,N/A,no,7: Sunday (Su-Su),17: 4pm (4pm-5pm),155,0.172,0.171,0.120,0.168,0.131,0.083,0.059,0.062,0.034,0.093,0.285,0.267,0.195,0.160,0.863,0.050,0.005,0.032,0.002,0.024,0.024,0.081,0.291,0.709,0.131,0.219,0.000,0.000,1.000
Pedestrian - StL Pedestrian Index,Trip Pass-Through,,Pedestrian Zone 1,yes,N/A,no,7: Sunday (Su-Su),18: 5pm (5pm-6pm),93,0.142,0.140,0.174,0.189,0.128,0.074,0.051,0.056,0.046,0.150,0.300,0.217,0.219,0.114,0.767,0.015,0.002,0.188,0.002,0.012,0.014,0.042,0.294,0.706,0.132,0.230,0.000,0.000,1.000
Pedestrian - StL Pedestrian Index,Trip Pass-Through,,Pedestrian Zone 1,yes,N/A,no,7: Sunday (Su-Su),19: 6pm (6pm-7pm),62,0.160,0.214,0.149,0.128,0.093,0.087,0.072,0.044,0.053,0.078,0.276,0.243,0.244,0.159,0.865,0.059,0.004,0.029,0.000,0.024,0.019,0.077,0.303,0.697,0.108,0.232,0.000,0.000,1.000
Pedestrian - StL Pedestrian Index,Trip Pass-Through,,Pedestrian Zone 1,yes,N/A,no,7: Sunday (Su-Su),20: 7pm (7pm-8pm),18,0.057,0.080,0.084,0.120,0.160,0.180,0.107,0.146,0.066,0.042,0.241,0.246,0.277,0.194,0.847,0.101,0.001,0.019,0.000,0.004,0.028,0.029,0.329,0.671,0.128,0.272,0.000,0.000,1.000
Pedestrian - StL Pedestrian Index,Trip Pass-Through,,Pedestrian Zone 1,yes,N/A,no,7: Sunday (Su-Su),21: 8pm (8pm-9pm),17,0.086,0.109,0.112,0.185,0.125,0.134,0.120,0.111,0.018,0.065,0.276,0.268,0.265,0.126,0.966,0.000,0.001,0.017,0.000,0.011,0.005,0.007,0.323,0.677,0.140,0.239,0.000,0.000,1.000
