Mode of Travel,Zone Type,Zone ID,Zone Name,Zone Is Pass-Through,Zone Direction (degrees),Zone is Bi-Direction,Day Type,Day Part,Average Daily Zone Traffic (StL Index),Income Less than 20K (percent),Income 20K to 35K (percent),Income 35K to 50K (percent),Income 50K to 75K (percent),Income 75K to 100K (percent),Income 100K to 125K (percent),Income 125K to 150K (percent),Income 150K to 200K (percent),Income More than 200K (percent),No High School Diploma (percent),High School Diploma (percent),Some College (percent),Bachelor's Degree (percent),Graduate Degree (percent),White (percent),Black (percent),Indian (percent),Asian (percent),Islander (percent),Other Race (percent),Multiple Races (percent),Hispanic (percent),With Kids (percent),With No Kids (percent),With Kids under 6 years (percent),With Kids between 6-17 years (percent),Purpose HBW (percent),Purpose HBO (percent),Purpose NHB (percent)
Pedestrian - StL Pedestrian Index,Origin,,Cadillac Summit and Trails Pedestrian Only,no,N/A,no,0: All Days (M-Su),00: All Day (12am-12am),1886,0.137,0.132,0.124,0.183,0.135,0.098,0.060,0.064,0.067,0.096,0.280,0.252,0.219,0.153,0.857,0.040,0.004,0.058,0.000,0.022,0.019,0.068,0.315,0.685,0.127,0.244,0.000,0.000,1.000
Pedestrian - StL Pedestrian Index,Origin,,Cadillac Summit and Trails Pedestrian Only,no,N/A,no,0: All Days (M-Su),04: 3am (3am-4am),6,0.161,0.174,0.078,0.235,0.054,0.116,0.046,0.038,0.098,0.050,0.274,0.201,0.191,0.284,0.888,0.027,0.005,0.044,0.000,0.015,0.021,0.034,0.164,0.836,0.052,0.138,0.000,0.000,1.000
Pedestrian - StL Pedestrian Index,Origin,,Cadillac Summit and Trails Pedestrian Only,no,N/A,no,0: All Days (M-Su),05: 4am (4am-5am),53,0.124,0.127,0.107,0.160,0.125,0.101,0.075,0.078,0.103,0.097,0.231,0.221,0.257,0.194,0.842,0.056,0.003,0.057,0.000,0.024,0.018,0.117,0.341,0.659,0.144,0.256,0.000,0.000,1.000
Pedestrian - StL Pedestrian Index,Origin,,Cadillac Summit and Trails Pedestrian Only,no,N/A,no,0: All Days (M-Su),06: 5am (5am-6am),90,0.110,0.115,0.106,0.184,0.126,0.117,0.068,0.075,0.099,0.069,0.234,0.246,0.261,0.190,0.849,0.044,0.003,0.076,0.000,0.013,0.015,0.047,0.319,0.681,0.121,0.248,0.000,0.000,1.000
Pedestrian - StL Pedestrian Index,Origin,,Cadillac Summit and Trails Pedestrian Only,no,N/A,no,0: All Days (M-Su),07: 6am (6am-7am),82,0.133,0.154,0.133,0.208,0.160,0.084,0.046,0.049,0.033,0.085,0.309,0.246,0.218,0.142,0.818,0.077,0.003,0.053,0.000,0.023,0.026,0.082,0.324,0.676,0.155,0.231,0.000,0.000,1.000
Pedestrian - StL Pedestrian Index,Origin,,Cadillac Summit and Trails Pedestrian Only,no,N/A,no,0: All Days (M-Su),08: 7am (7am-8am),28,0.151,0.107,0.109,0.206,0.130,0.110,0.052,0.066,0.069,0.090,0.251,0.223,0.219,0.217,0.874,0.039,0.002,0.046,0.000,0.019,0.020,0.049,0.266,0.734,0.117,0.195,0.000,0.000,1.000
Pedestrian - StL Pedestrian Index,Origin,,Cadillac Summit and Trails Pedestrian Only,no,N/A,no,0: All Days (M-Su),09: 8am (8am-9am),37,0.143,0.153,0.119,0.218,0.116,0.084,0.061,0.063,0.043,0.124,0.307,0.256,0.193,0.120,0.917,0.026,0.002,0.026,0.000,0.015,0.014,0.053,0.295,0.705,0.118,0.233,0.000,0.000,1.000
Pedestrian - StL Pedestrian Index,Origin,,Cadillac Summit and Trails Pedestrian Only,no,N/A,no,0: All Days (M-Su),10: 9am (9am-10am),82,0.132,0.130,0.129,0.183,0.137,0.104,0.064,0.067,0.054,0.112,0.305,0.265,0.210,0.108,0.833,0.040,0.003,0.078,0.000,0.022,0.024,0.063,0.315,0.685,0.123,0.242,0.000,0.000,1.000
Pedestrian - StL Pedestrian Index,Origin,,Cadillac Summit and Trails Pedestrian Only,no,N/A,no,0: All Days (M-Su),11: 10am (10am-11am),149,0.140,0.110,0.119,0.173,0.136,0.105,0.068,0.077,0.072,0.106,0.269,0.236,0.227,0.162,0.829,0.037,0.006,0.073,0.001,0.032,0.022,0.094,0.330,0.670,0.128,0.256,0.000,0.000,1.000
Pedestrian - StL Pedestrian Index,Origin,,Cadillac Summit and Trails Pedestrian Only,no,N/A,no,0: All Days (M-Su),12: 11am (11am-12noon),230,0.125,0.137,0.124,0.184,0.146,0.097,0.067,0.063,0.057,0.089,0.288,0.258,0.222,0.143,0.905,0.024,0.003,0.035,0.000,0.017,0.016,0.055,0.312,0.688,0.121,0.248,0.000,0.000,1.000
Pedestrian - StL Pedestrian Index,Origin,,Cadillac Summit and Trails Pedestrian Only,no,N/A,no,0: All Days (M-Su),13: 12pm (12noon-1pm),178,0.119,0.117,0.132,0.183,0.135,0.104,0.057,0.069,0.084,0.087,0.258,0.249,0.227,0.179,0.852,0.060,0.003,0.052,0.000,0.013,0.020,0.059,0.324,0.676,0.125,0.257,0.000,0.000,1.000
Pedestrian - StL Pedestrian Index,Origin,,Cadillac Summit and Trails Pedestrian Only,no,N/A,no,0: All Days (M-Su),14: 1pm (1pm-2pm),171,0.135,0.144,0.123,0.193,0.134,0.094,0.058,0.067,0.052,0.091,0.295,0.258,0.215,0.141,0.875,0.039,0.004,0.046,0.000,0.017,0.019,0.054,0.290,0.710,0.118,0.222,0.000,0.000,1.000
Pedestrian - StL Pedestrian Index,Origin,,Cadillac Summit and Trails Pedestrian Only,no,N/A,no,0: All Days (M-Su),15: 2pm (2pm-3pm),188,0.163,0.138,0.135,0.186,0.126,0.089,0.049,0.054,0.060,0.115,0.286,0.266,0.202,0.131,0.862,0.051,0.004,0.035,0.000,0.031,0.017,0.078,0.310,0.690,0.129,0.240,0.000,0.000,1.000
Pedestrian - StL Pedestrian Index,Origin,,Cadillac Summit and Trails Pedestrian Only,no,N/A,no,0: All Days (M-Su),16: 3pm (3pm-4pm),157,0.162,0.152,0.123,0.183,0.113,0.094,0.054,0.046,0.073,0.089,0.293,0.262,0.201,0.155,0.876,0.025,0.003,0.065,0.000,0.014,0.017,0.051,0.302,0.698,0.116,0.235,0.000,0.000,1.000
Pedestrian - StL Pedestrian Index,Origin,,Cadillac Summit and Trails Pedestrian Only,no,N/A,no,0: All Days (M-Su),17: 4pm (4pm-5pm),129,0.126,0.129,0.115,0.204,0.147,0.106,0.054,0.058,0.061,0.092,0.290,0.262,0.210,0.146,0.884,0.027,0.003,0.045,0.001,0.020,0.020,0.058,0.324,0.676,0.131,0.252,0.000,0.000,1.000
Pedestrian - StL Pedestrian Index,Origin,,Cadillac Summit and Trails Pedestrian Only,no,N/A,no,0: All Days (M-Su),18: 5pm (5pm-6pm),125,0.143,0.117,0.119,0.168,0.148,0.093,0.058,0.071,0.083,0.077,0.256,0.246,0.240,0.181,0.832,0.021,0.004,0.109,0.000,0.017,0.017,0.064,0.309,0.691,0.131,0.230,0.000,0.000,1.000
Pedestrian - StL Pedestrian Index,Origin,,Cadillac Summit and Trails Pedestrian Only,no,N/A,no,0: All Days (M-Su),19: 6pm (6pm-7pm),77,0.139,0.133,0.139,0.170,0.137,0.095,0.054,0.069,0.064,0.098,0.298,0.259,0.208,0.137,0.826,0.041,0.005,0.085,0.000,0.022,0.021,0.079,0.327,0.673,0.137,0.250,0.000,0.000,1.000
Pedestrian - StL Pedestrian Index,Origin,,Cadillac Summit and Trails Pedestrian Only,no,N/A,no,0: All Days (M-Su),20: 7pm (7pm-8pm),69,0.153,0.140,0.135,0.178,0.136,0.085,0.063,0.061,0.049,0.134,0.322,0.237,0.193,0.114,0.807,0.049,0.007,0.067,0.001,0.044,0.025,0.104,0.335,0.665,0.141,0.262,0.000,0.000,1.000
Pedestrian - StL Pedestrian Index,Origin,,Cadillac Summit and Trails Pedestrian Only,no,N/A,no,0: All Days (M-Su),21: 8pm (8pm-9pm),12,0.200,0.109,0.124,0.183,0.132,0.068,0.068,0.063,0.053,0.126,0.313,0.256,0.180,0.125,0.752,0.060,0.006,0.087,0.000,0.058,0.037,0.096,0.325,0.675,0.112,0.274,0.000,0.000,1.000
Pedestrian - StL Pedestrian Index,Origin,,Cadillac Summit and Trails Pedestrian Only,no,N/A,no,0: All Days (M-Su),22: 9pm (9pm-10pm),15,0.109,0.110,0.108,0.175,0.157,0.153,0.076,0.070,0.042,0.085,0.222,0.269,0.232,0.192,0.893,0.021,0.002,0.053,0.000,0.016,0.015,0.069,0.330,0.670,0.141,0.250,0.000,0.000,1.000
Pedestrian - StL Pedestrian Index,Origin,,Cadillac Summit and Trails Pedestrian Only,no,N/A,no,0: All Days (M-Su),23: 10pm (10pm-11pm),4,0.057,0.129,0.075,0.156,0.113,0.106,0.131,0.105,0.128,0.063,0.219,0.238,0.247,0.233,0.881,0.029,0.009,0.068,0.000,0.004,0.009,0.017,0.368,0.632,0.095,0.324,0.000,0.000,1.000
Pedestrian - StL Pedestrian Index,Origin,,Cadillac Summit and Trails Pedestrian Only,no,N/A,no,0: All Days (M-Su),24: 11pm (11pm-12am),4,0.101,0.097,0.072,0.155,0.128,0.154,0.087,0.108,0.098,0.075,0.216,0.177,0.209,0.323,0.830,0.018,0.009,0.072,0.000,0.044,0.027,0.058,0.303,0.697,0.111,0.233,0.000,0.000,1.000
Pedestrian - StL Pedestrian Index,Origin,,Cadillac Summit and Trails Pedestrian Only,no,N/A,no,1: Monday (M-M),00: All Day (12am-12am),1876,0.146,0.129,0.135,0.175,0.126,0.099,0.058,0.068,0.064,0.098,0.305,0.252,0.208,0.137,0.866,0.037,0.004,0.053,0.000,0.023,0.017,0.057,0.314,0.686,0.127,0.241,0.000,0.000,1.000
Pedestrian - StL Pedestrian Index,Origin,,Cadillac Summit and Trails Pedestrian Only,no,N/A,no,1: Monday (M-M),05: 4am (4am-5am),26,0.181,0.147,0.183,0.141,0.100,0.101,0.051,0.066,0.030,0.097,0.303,0.298,0.206,0.096,0.822,0.026,0.004,0.095,0.000,0.031,0.022,0.056,0.417,0.583,0.141,0.311,0.000,0.000,1.000
Pedestrian - StL Pedestrian Index,Origin,,Cadillac Summit and Trails Pedestrian Only,no,N/A,no,1: Monday (M-M),06: 5am (5am-6am),35,0.078,0.042,0.068,0.207,0.155,0.138,0.064,0.103,0.145,0.045,0.188,0.195,0.297,0.275,0.771,0.053,0.004,0.154,0.000,0.003,0.015,0.038,0.236,0.764,0.122,0.137,0.000,0.000,1.000
Pedestrian - StL Pedestrian Index,Origin,,Cadillac Summit and Trails Pedestrian Only,no,N/A,no,1: Monday (M-M),07: 6am (6am-7am),136,0.108,0.171,0.125,0.180,0.118,0.120,0.069,0.074,0.035,0.070,0.317,0.229,0.237,0.147,0.885,0.022,0.004,0.050,0.000,0.018,0.021,0.056,0.355,0.645,0.163,0.249,0.000,0.000,1.000
Pedestrian - StL Pedestrian Index,Origin,,Cadillac Summit and Trails Pedestrian Only,no,N/A,no,1: Monday (M-M),09: 8am (8am-9am),90,0.135,0.146,0.137,0.201,0.114,0.099,0.079,0.048,0.041,0.076,0.304,0.225,0.243,0.152,0.893,0.012,0.003,0.050,0.000,0.031,0.011,0.060,0.278,0.722,0.103,0.221,0.000,0.000,1.000
Pedestrian - StL Pedestrian Index,Origin,,Cadillac Summit and Trails Pedestrian Only,no,N/A,no,1: Monday (M-M),10: 9am (9am-10am),35,0.086,0.084,0.101,0.191,0.098,0.109,0.075,0.114,0.142,0.073,0.235,0.204,0.308,0.180,0.593,0.016,0.000,0.355,0.000,0.001,0.035,0.018,0.368,0.632,0.163,0.259,0.000,0.000,1.000
Pedestrian - StL Pedestrian Index,Origin,,Cadillac Summit and Trails Pedestrian Only,no,N/A,no,1: Monday (M-M),11: 10am (10am-11am),97,0.133,0.080,0.110,0.186,0.131,0.106,0.084,0.085,0.085,0.072,0.302,0.241,0.243,0.142,0.883,0.012,0.000,0.083,0.000,0.005,0.017,0.023,0.418,0.582,0.116,0.357,0.000,0.000,1.000
Pedestrian - StL Pedestrian Index,Origin,,Cadillac Summit and Trails Pedestrian Only,no,N/A,no,1: Monday (M-M),12: 11am (11am-12noon),275,0.178,0.137,0.162,0.202,0.125,0.080,0.049,0.035,0.032,0.133,0.333,0.267,0.194,0.073,0.895,0.023,0.004,0.020,0.001,0.037,0.020,0.071,0.224,0.776,0.095,0.164,0.000,0.000,1.000
Pedestrian - StL Pedestrian Index,Origin,,Cadillac Summit and Trails Pedestrian Only,no,N/A,no,1: Monday (M-M),13: 12pm (12noon-1pm),204,0.122,0.124,0.136,0.170,0.131,0.099,0.049,0.085,0.084,0.099,0.299,0.234,0.230,0.138,0.881,0.020,0.001,0.070,0.000,0.010,0.018,0.042,0.348,0.652,0.144,0.261,0.000,0.000,1.000
Pedestrian - StL Pedestrian Index,Origin,,Cadillac Summit and Trails Pedestrian Only,no,N/A,no,1: Monday (M-M),14: 1pm (1pm-2pm),132,0.153,0.172,0.152,0.195,0.136,0.085,0.026,0.045,0.036,0.145,0.357,0.271,0.138,0.089,0.846,0.070,0.002,0.029,0.000,0.040,0.013,0.080,0.338,0.662,0.150,0.266,0.000,0.000,1.000
Pedestrian - StL Pedestrian Index,Origin,,Cadillac Summit and Trails Pedestrian Only,no,N/A,no,1: Monday (M-M),15: 2pm (2pm-3pm),287,0.192,0.132,0.139,0.156,0.133,0.084,0.047,0.058,0.059,0.134,0.291,0.278,0.166,0.131,0.790,0.105,0.007,0.033,0.002,0.043,0.020,0.096,0.308,0.692,0.132,0.234,0.000,0.000,1.000
Pedestrian - StL Pedestrian Index,Origin,,Cadillac Summit and Trails Pedestrian Only,no,N/A,no,1: Monday (M-M),16: 3pm (3pm-4pm),123,0.176,0.147,0.114,0.162,0.104,0.106,0.057,0.070,0.064,0.090,0.349,0.249,0.196,0.116,0.866,0.011,0.008,0.084,0.000,0.011,0.020,0.030,0.342,0.658,0.150,0.259,0.000,0.000,1.000
Pedestrian - StL Pedestrian Index,Origin,,Cadillac Summit and Trails Pedestrian Only,no,N/A,no,1: Monday (M-M),17: 4pm (4pm-5pm),83,0.103,0.083,0.091,0.148,0.159,0.137,0.086,0.100,0.093,0.046,0.245,0.237,0.274,0.198,0.949,0.012,0.001,0.025,0.000,0.006,0.007,0.026,0.409,0.591,0.135,0.342,0.000,0.000,1.000
Pedestrian - StL Pedestrian Index,Origin,,Cadillac Summit and Trails Pedestrian Only,no,N/A,no,1: Monday (M-M),18: 5pm (5pm-6pm),117,0.114,0.107,0.134,0.179,0.134,0.093,0.059,0.089,0.091,0.062,0.282,0.243,0.242,0.171,0.862,0.021,0.002,0.090,0.000,0.011,0.014,0.036,0.289,0.711,0.119,0.220,0.000,0.000,1.000
Pedestrian - StL Pedestrian Index,Origin,,Cadillac Summit and Trails Pedestrian Only,no,N/A,no,1: Monday (M-M),19: 6pm (6pm-7pm),112,0.165,0.136,0.186,0.162,0.112,0.095,0.047,0.053,0.044,0.052,0.365,0.289,0.162,0.132,0.944,0.011,0.003,0.018,0.000,0.007,0.017,0.039,0.269,0.731,0.111,0.206,0.000,0.000,1.000
Pedestrian - StL Pedestrian Index,Origin,,Cadillac Summit and Trails Pedestrian Only,no,N/A,no,1: Monday (M-M),20: 7pm (7pm-8pm),58,0.115,0.124,0.097,0.148,0.108,0.125,0.081,0.099,0.103,0.078,0.223,0.213,0.293,0.193,0.923,0.020,0.002,0.035,0.000,0.012,0.008,0.068,0.284,0.716,0.109,0.235,0.000,0.000,1.000
Pedestrian - StL Pedestrian Index,Origin,,Cadillac Summit and Trails Pedestrian Only,no,N/A,no,1: Monday (M-M),21: 8pm (8pm-9pm),22,0.072,0.081,0.083,0.142,0.107,0.094,0.150,0.109,0.162,0.036,0.231,0.236,0.278,0.219,0.895,0.030,0.000,0.060,0.000,0.012,0.003,0.032,0.385,0.615,0.082,0.352,0.000,0.000,1.000
Pedestrian - StL Pedestrian Index,Origin,,Cadillac Summit and Trails Pedestrian Only,no,N/A,no,1: Monday (M-M),23: 10pm (10pm-11pm),15,0.048,0.162,0.098,0.223,0.149,0.138,0.106,0.075,0.001,0.113,0.332,0.290,0.166,0.099,0.906,0.017,0.022,0.027,0.000,0.009,0.019,0.040,0.238,0.762,0.099,0.170,0.000,0.000,1.000
Pedestrian - StL Pedestrian Index,Origin,,Cadillac Summit and Trails Pedestrian Only,no,N/A,no,1: Monday (M-M),24: 11pm (11pm-12am),30,0.101,0.097,0.072,0.155,0.128,0.154,0.087,0.108,0.098,0.075,0.216,0.177,0.209,0.323,0.830,0.018,0.009,0.072,0.000,0.044,0.027,0.058,0.303,0.697,0.111,0.233,0.000,0.000,1.000
Pedestrian - StL Pedestrian Index,Origin,,Cadillac Summit and Trails Pedestrian Only,no,N/A,no,2: Tuesday (Tu-Tu),00: All Day (12am-12am),1543,0.119,0.129,0.114,0.184,0.134,0.110,0.059,0.073,0.078,0.109,0.270,0.245,0.223,0.153,0.833,0.038,0.005,0.079,0.000,0.025,0.020,0.076,0.317,0.683,0.130,0.241,0.000,0.000,1.000
Pedestrian - StL Pedestrian Index,Origin,,Cadillac Summit and Trails Pedestrian Only,no,N/A,no,2: Tuesday (Tu-Tu),05: 4am (4am-5am),73,0.074,0.114,0.071,0.157,0.127,0.112,0.087,0.087,0.171,0.062,0.222,0.253,0.284,0.179,0.929,0.021,0.002,0.029,0.000,0.011,0.008,0.081,0.376,0.624,0.168,0.269,0.000,0.000,1.000
Pedestrian - StL Pedestrian Index,Origin,,Cadillac Summit and Trails Pedestrian Only,no,N/A,no,2: Tuesday (Tu-Tu),06: 5am (5am-6am),65,0.110,0.082,0.049,0.204,0.137,0.096,0.092,0.120,0.110,0.040,0.173,0.213,0.341,0.233,0.891,0.012,0.001,0.059,0.001,0.018,0.018,0.055,0.195,0.805,0.061,0.148,0.000,0.000,1.000
Pedestrian - StL Pedestrian Index,Origin,,Cadillac Summit and Trails Pedestrian Only,no,N/A,no,2: Tuesday (Tu-Tu),09: 8am (8am-9am),15,0.150,0.105,0.111,0.371,0.077,0.120,0.037,0.000,0.029,0.116,0.337,0.198,0.229,0.120,0.983,0.002,0.000,0.002,0.000,0.008,0.005,0.008,0.346,0.654,0.105,0.313,0.000,0.000,1.000
Pedestrian - StL Pedestrian Index,Origin,,Cadillac Summit and Trails Pedestrian Only,no,N/A,no,2: Tuesday (Tu-Tu),10: 9am (9am-10am),74,0.202,0.210,0.148,0.144,0.122,0.076,0.036,0.035,0.027,0.268,0.229,0.222,0.176,0.105,0.660,0.054,0.007,0.178,0.001,0.072,0.028,0.160,0.265,0.735,0.108,0.200,0.000,0.000,1.000
Pedestrian - StL Pedestrian Index,Origin,,Cadillac Summit and Trails Pedestrian Only,no,N/A,no,2: Tuesday (Tu-Tu),11: 10am (10am-11am),172,0.158,0.129,0.099,0.148,0.156,0.106,0.068,0.054,0.082,0.150,0.287,0.235,0.188,0.140,0.798,0.036,0.004,0.077,0.000,0.059,0.026,0.146,0.365,0.635,0.166,0.275,0.000,0.000,1.000
Pedestrian - StL Pedestrian Index,Origin,,Cadillac Summit and Trails Pedestrian Only,no,N/A,no,2: Tuesday (Tu-Tu),12: 11am (11am-12noon),165,0.094,0.133,0.117,0.160,0.167,0.127,0.066,0.064,0.072,0.076,0.299,0.257,0.228,0.140,0.870,0.039,0.010,0.037,0.001,0.017,0.026,0.068,0.330,0.670,0.136,0.245,0.000,0.000,1.000
Pedestrian - StL Pedestrian Index,Origin,,Cadillac Summit and Trails Pedestrian Only,no,N/A,no,2: Tuesday (Tu-Tu),13: 12pm (12noon-1pm),172,0.130,0.129,0.151,0.156,0.135,0.119,0.070,0.064,0.046,0.095,0.292,0.241,0.187,0.185,0.857,0.038,0.004,0.077,0.000,0.001,0.023,0.043,0.265,0.735,0.096,0.206,0.000,0.000,1.000
Pedestrian - StL Pedestrian Index,Origin,,Cadillac Summit and Trails Pedestrian Only,no,N/A,no,2: Tuesday (Tu-Tu),14: 1pm (1pm-2pm),112,0.092,0.117,0.138,0.214,0.112,0.117,0.024,0.098,0.088,0.074,0.353,0.217,0.228,0.128,0.912,0.012,0.002,0.046,0.000,0.012,0.016,0.051,0.260,0.740,0.098,0.186,0.000,0.000,1.000
Pedestrian - StL Pedestrian Index,Origin,,Cadillac Summit and Trails Pedestrian Only,no,N/A,no,2: Tuesday (Tu-Tu),15: 2pm (2pm-3pm),187,0.143,0.149,0.108,0.207,0.130,0.100,0.057,0.063,0.043,0.102,0.259,0.248,0.246,0.145,0.830,0.046,0.002,0.084,0.000,0.023,0.015,0.064,0.281,0.719,0.130,0.205,0.000,0.000,1.000
Pedestrian - StL Pedestrian Index,Origin,,Cadillac Summit and Trails Pedestrian Only,no,N/A,no,2: Tuesday (Tu-Tu),16: 3pm (3pm-4pm),115,0.110,0.080,0.110,0.217,0.094,0.147,0.061,0.061,0.120,0.060,0.217,0.265,0.254,0.204,0.866,0.020,0.001,0.090,0.000,0.006,0.017,0.042,0.368,0.632,0.148,0.286,0.000,0.000,1.000
Pedestrian - StL Pedestrian Index,Origin,,Cadillac Summit and Trails Pedestrian Only,no,N/A,no,2: Tuesday (Tu-Tu),17: 4pm (4pm-5pm),107,0.069,0.137,0.132,0.310,0.115,0.069,0.050,0.059,0.059,0.170,0.325,0.264,0.151,0.090,0.801,0.086,0.003,0.057,0.000,0.030,0.023,0.093,0.333,0.667,0.135,0.263,0.000,0.000,1.000
Pedestrian - StL Pedestrian Index,Origin,,Cadillac Summit and Trails Pedestrian Only,no,N/A,no,2: Tuesday (Tu-Tu),18: 5pm (5pm-6pm),91,0.120,0.122,0.116,0.152,0.164,0.137,0.018,0.098,0.073,0.141,0.235,0.228,0.238,0.158,0.631,0.070,0.023,0.192,0.000,0.056,0.028,0.131,0.346,0.654,0.138,0.254,0.000,0.000,1.000
Pedestrian - StL Pedestrian Index,Origin,,Cadillac Summit and Trails Pedestrian Only,no,N/A,no,2: Tuesday (Tu-Tu),19: 6pm (6pm-7pm),127,0.100,0.156,0.126,0.168,0.140,0.092,0.044,0.105,0.069,0.112,0.321,0.277,0.187,0.103,0.868,0.029,0.002,0.071,0.000,0.015,0.015,0.036,0.371,0.629,0.161,0.281,0.000,0.000,1.000
Pedestrian - StL Pedestrian Index,Origin,,Cadillac Summit and Trails Pedestrian Only,no,N/A,no,2: Tuesday (Tu-Tu),20: 7pm (7pm-8pm),30,0.113,0.109,0.051,0.231,0.133,0.112,0.058,0.073,0.120,0.078,0.317,0.229,0.279,0.097,0.859,0.010,0.000,0.104,0.000,0.008,0.019,0.030,0.387,0.613,0.130,0.335,0.000,0.000,1.000
Pedestrian - StL Pedestrian Index,Origin,,Cadillac Summit and Trails Pedestrian Only,no,N/A,no,2: Tuesday (Tu-Tu),21: 8pm (8pm-9pm),15,0.229,0.130,0.088,0.181,0.134,0.126,0.041,0.057,0.014,0.055,0.179,0.324,0.193,0.249,0.862,0.024,0.000,0.113,0.000,0.000,0.001,0.000,0.217,0.783,0.134,0.179,0.000,0.000,1.000
Pedestrian - StL Pedestrian Index,Origin,,Cadillac Summit and Trails Pedestrian Only,no,N/A,no,2: Tuesday (Tu-Tu),22: 9pm (9pm-10pm),11,0.095,0.089,0.120,0.143,0.117,0.137,0.096,0.149,0.054,0.067,0.197,0.237,0.287,0.212,0.935,0.045,0.000,0.013,0.000,0.000,0.007,0.013,0.229,0.771,0.061,0.186,0.000,0.000,1.000
Pedestrian - StL Pedestrian Index,Origin,,Cadillac Summit and Trails Pedestrian Only,no,N/A,no,2: Tuesday (Tu-Tu),23: 10pm (10pm-11pm),11,0.063,0.105,0.059,0.105,0.087,0.082,0.150,0.127,0.222,0.026,0.135,0.199,0.307,0.333,0.862,0.037,0.000,0.099,0.000,0.000,0.002,0.001,0.463,0.537,0.092,0.436,0.000,0.000,1.000
Pedestrian - StL Pedestrian Index,Origin,,Cadillac Summit and Trails Pedestrian Only,no,N/A,no,3: Wednesday (W-W),00: All Day (12am-12am),1409,0.137,0.127,0.116,0.176,0.143,0.096,0.062,0.059,0.084,0.098,0.267,0.252,0.219,0.164,0.817,0.060,0.005,0.062,0.000,0.031,0.025,0.091,0.336,0.664,0.141,0.262,0.000,0.000,1.000
Pedestrian - StL Pedestrian Index,Origin,,Cadillac Summit and Trails Pedestrian Only,no,N/A,no,3: Wednesday (W-W),04: 3am (3am-4am),22,0.153,0.205,0.054,0.191,0.050,0.125,0.048,0.041,0.133,0.044,0.279,0.150,0.216,0.311,0.877,0.034,0.000,0.043,0.000,0.022,0.024,0.048,0.142,0.858,0.044,0.123,0.000,0.000,1.000
Pedestrian - StL Pedestrian Index,Origin,,Cadillac Summit and Trails Pedestrian Only,no,N/A,no,3: Wednesday (W-W),05: 4am (4am-5am),37,0.064,0.122,0.103,0.139,0.183,0.084,0.077,0.126,0.102,0.079,0.251,0.252,0.197,0.221,0.577,0.172,0.001,0.184,0.000,0.038,0.028,0.137,0.376,0.624,0.141,0.303,0.000,0.000,1.000
Pedestrian - StL Pedestrian Index,Origin,,Cadillac Summit and Trails Pedestrian Only,no,N/A,no,3: Wednesday (W-W),06: 5am (5am-6am),142,0.122,0.143,0.113,0.163,0.128,0.120,0.055,0.074,0.082,0.062,0.215,0.255,0.271,0.197,0.769,0.101,0.002,0.101,0.000,0.011,0.016,0.029,0.354,0.646,0.133,0.273,0.000,0.000,1.000
Pedestrian - StL Pedestrian Index,Origin,,Cadillac Summit and Trails Pedestrian Only,no,N/A,no,3: Wednesday (W-W),07: 6am (6am-7am),100,0.059,0.166,0.144,0.262,0.192,0.060,0.021,0.046,0.050,0.065,0.267,0.255,0.212,0.201,0.793,0.100,0.002,0.043,0.000,0.018,0.044,0.060,0.293,0.707,0.124,0.222,0.000,0.000,1.000
Pedestrian - StL Pedestrian Index,Origin,,Cadillac Summit and Trails Pedestrian Only,no,N/A,no,3: Wednesday (W-W),10: 9am (9am-10am),71,0.117,0.139,0.137,0.196,0.157,0.114,0.037,0.054,0.049,0.081,0.294,0.288,0.223,0.114,0.951,0.008,0.001,0.029,0.000,0.004,0.007,0.018,0.326,0.674,0.149,0.251,0.000,0.000,1.000
Pedestrian - StL Pedestrian Index,Origin,,Cadillac Summit and Trails Pedestrian Only,no,N/A,no,3: Wednesday (W-W),11: 10am (10am-11am),102,0.185,0.097,0.080,0.185,0.116,0.114,0.077,0.041,0.105,0.154,0.226,0.197,0.245,0.178,0.751,0.072,0.006,0.073,0.000,0.065,0.033,0.198,0.281,0.719,0.128,0.208,0.000,0.000,1.000
Pedestrian - StL Pedestrian Index,Origin,,Cadillac Summit and Trails Pedestrian Only,no,N/A,no,3: Wednesday (W-W),12: 11am (11am-12noon),103,0.167,0.157,0.118,0.174,0.169,0.084,0.059,0.034,0.038,0.130,0.307,0.277,0.188,0.098,0.878,0.032,0.007,0.018,0.000,0.042,0.023,0.123,0.370,0.630,0.170,0.286,0.000,0.000,1.000
Pedestrian - StL Pedestrian Index,Origin,,Cadillac Summit and Trails Pedestrian Only,no,N/A,no,3: Wednesday (W-W),13: 12pm (12noon-1pm),126,0.074,0.102,0.073,0.151,0.124,0.117,0.059,0.077,0.223,0.052,0.233,0.207,0.281,0.227,0.951,0.013,0.001,0.023,0.000,0.003,0.009,0.043,0.384,0.616,0.151,0.314,0.000,0.000,1.000
Pedestrian - StL Pedestrian Index,Origin,,Cadillac Summit and Trails Pedestrian Only,no,N/A,no,3: Wednesday (W-W),14: 1pm (1pm-2pm),103,0.121,0.110,0.102,0.199,0.135,0.088,0.081,0.060,0.104,0.079,0.257,0.245,0.253,0.166,0.918,0.045,0.006,0.014,0.001,0.002,0.014,0.030,0.277,0.723,0.114,0.217,0.000,0.000,1.000
Pedestrian - StL Pedestrian Index,Origin,,Cadillac Summit and Trails Pedestrian Only,no,N/A,no,3: Wednesday (W-W),15: 2pm (2pm-3pm),93,0.133,0.157,0.110,0.156,0.133,0.113,0.054,0.056,0.088,0.102,0.284,0.273,0.209,0.132,0.885,0.039,0.000,0.043,0.000,0.024,0.009,0.055,0.384,0.616,0.158,0.286,0.000,0.000,1.000
Pedestrian - StL Pedestrian Index,Origin,,Cadillac Summit and Trails Pedestrian Only,no,N/A,no,3: Wednesday (W-W),16: 3pm (3pm-4pm),117,0.164,0.141,0.142,0.197,0.113,0.102,0.064,0.055,0.022,0.109,0.323,0.299,0.156,0.113,0.930,0.050,0.002,0.007,0.000,0.005,0.006,0.027,0.297,0.703,0.098,0.262,0.000,0.000,1.000
Pedestrian - StL Pedestrian Index,Origin,,Cadillac Summit and Trails Pedestrian Only,no,N/A,no,3: Wednesday (W-W),17: 4pm (4pm-5pm),82,0.121,0.165,0.102,0.181,0.161,0.071,0.083,0.055,0.061,0.072,0.336,0.254,0.179,0.159,0.924,0.006,0.008,0.023,0.001,0.010,0.028,0.037,0.284,0.716,0.097,0.233,0.000,0.000,1.000
Pedestrian - StL Pedestrian Index,Origin,,Cadillac Summit and Trails Pedestrian Only,no,N/A,no,3: Wednesday (W-W),18: 5pm (5pm-6pm),109,0.117,0.081,0.103,0.131,0.142,0.085,0.091,0.092,0.158,0.054,0.188,0.272,0.271,0.215,0.845,0.024,0.002,0.087,0.000,0.022,0.020,0.155,0.348,0.652,0.169,0.245,0.000,0.000,1.000
Pedestrian - StL Pedestrian Index,Origin,,Cadillac Summit and Trails Pedestrian Only,no,N/A,no,3: Wednesday (W-W),19: 6pm (6pm-7pm),77,0.141,0.138,0.150,0.186,0.172,0.070,0.063,0.042,0.038,0.096,0.267,0.262,0.217,0.158,0.749,0.095,0.014,0.100,0.000,0.026,0.016,0.097,0.306,0.694,0.128,0.241,0.000,0.000,1.000
Pedestrian - StL Pedestrian Index,Origin,,Cadillac Summit and Trails Pedestrian Only,no,N/A,no,3: Wednesday (W-W),20: 7pm (7pm-8pm),88,0.222,0.095,0.175,0.185,0.144,0.086,0.043,0.033,0.017,0.190,0.353,0.248,0.129,0.080,0.658,0.080,0.012,0.092,0.000,0.096,0.062,0.161,0.394,0.606,0.173,0.323,0.000,0.000,1.000
Pedestrian - StL Pedestrian Index,Origin,,Cadillac Summit and Trails Pedestrian Only,no,N/A,no,3: Wednesday (W-W),21: 8pm (8pm-9pm),15,0.265,0.041,0.167,0.200,0.183,0.023,0.056,0.065,0.000,0.298,0.345,0.221,0.114,0.022,0.262,0.167,0.027,0.190,0.000,0.215,0.139,0.330,0.431,0.569,0.144,0.368,0.000,0.000,1.000
Pedestrian - StL Pedestrian Index,Origin,,Cadillac Summit and Trails Pedestrian Only,no,N/A,no,3: Wednesday (W-W),22: 9pm (9pm-10pm),22,0.160,0.136,0.103,0.219,0.140,0.137,0.047,0.046,0.012,0.078,0.208,0.340,0.186,0.188,0.899,0.011,0.006,0.047,0.000,0.012,0.025,0.023,0.402,0.598,0.271,0.268,0.000,0.000,1.000
Pedestrian - StL Pedestrian Index,Origin,,Cadillac Summit and Trails Pedestrian Only,no,N/A,no,4: Thursday (Th-Th),00: All Day (12am-12am),2076,0.131,0.129,0.120,0.181,0.137,0.104,0.057,0.067,0.074,0.095,0.259,0.254,0.225,0.167,0.886,0.027,0.003,0.047,0.001,0.020,0.016,0.075,0.331,0.669,0.133,0.258,0.000,0.000,1.000
Pedestrian - StL Pedestrian Index,Origin,,Cadillac Summit and Trails Pedestrian Only,no,N/A,no,4: Thursday (Th-Th),05: 4am (4am-5am),60,0.175,0.188,0.131,0.170,0.085,0.077,0.065,0.033,0.076,0.209,0.198,0.198,0.257,0.138,0.817,0.041,0.009,0.019,0.001,0.076,0.037,0.407,0.358,0.642,0.167,0.256,0.000,0.000,1.000
Pedestrian - StL Pedestrian Index,Origin,,Cadillac Summit and Trails Pedestrian Only,no,N/A,no,4: Thursday (Th-Th),06: 5am (5am-6am),140,0.086,0.105,0.105,0.168,0.115,0.138,0.092,0.073,0.118,0.077,0.227,0.255,0.247,0.194,0.875,0.008,0.002,0.079,0.000,0.022,0.014,0.059,0.362,0.638,0.163,0.261,0.000,0.000,1.000
Pedestrian - StL Pedestrian Index,Origin,,Cadillac Summit and Trails Pedestrian Only,no,N/A,no,4: Thursday (Th-Th),07: 6am (6am-7am),70,0.096,0.108,0.122,0.194,0.178,0.108,0.067,0.067,0.060,0.053,0.152,0.225,0.333,0.237,0.815,0.071,0.003,0.046,0.000,0.025,0.040,0.226,0.244,0.756,0.114,0.169,0.000,0.000,1.000
Pedestrian - StL Pedestrian Index,Origin,,Cadillac Summit and Trails Pedestrian Only,no,N/A,no,4: Thursday (Th-Th),08: 7am (7am-8am),15,0.167,0.108,0.114,0.202,0.101,0.213,0.026,0.013,0.056,0.066,0.323,0.292,0.159,0.160,0.883,0.005,0.003,0.052,0.000,0.044,0.013,0.081,0.329,0.671,0.197,0.199,0.000,0.000,1.000
Pedestrian - StL Pedestrian Index,Origin,,Cadillac Summit and Trails Pedestrian Only,no,N/A,no,4: Thursday (Th-Th),09: 8am (8am-9am),11,0.209,0.252,0.177,0.141,0.144,0.023,0.016,0.038,0.000,0.195,0.277,0.344,0.138,0.046,0.939,0.029,0.000,0.002,0.000,0.008,0.022,0.046,0.515,0.485,0.252,0.356,0.000,0.000,1.000
Pedestrian - StL Pedestrian Index,Origin,,Cadillac Summit and Trails Pedestrian Only,no,N/A,no,4: Thursday (Th-Th),10: 9am (9am-10am),113,0.119,0.116,0.095,0.149,0.139,0.155,0.053,0.129,0.045,0.060,0.332,0.270,0.234,0.104,0.939,0.022,0.000,0.022,0.000,0.007,0.010,0.036,0.285,0.715,0.111,0.219,0.000,0.000,1.000
Pedestrian - StL Pedestrian Index,Origin,,Cadillac Summit and Trails Pedestrian Only,no,N/A,no,4: Thursday (Th-Th),11: 10am (10am-11am),105,0.079,0.119,0.119,0.181,0.129,0.124,0.070,0.099,0.080,0.103,0.207,0.244,0.270,0.176,0.834,0.036,0.011,0.089,0.000,0.015,0.015,0.088,0.385,0.615,0.152,0.293,0.000,0.000,1.000
Pedestrian - StL Pedestrian Index,Origin,,Cadillac Summit and Trails Pedestrian Only,no,N/A,no,4: Thursday (Th-Th),12: 11am (11am-12noon),300,0.101,0.116,0.113,0.182,0.147,0.121,0.061,0.085,0.074,0.072,0.236,0.275,0.219,0.198,0.919,0.024,0.001,0.037,0.000,0.007,0.012,0.034,0.369,0.631,0.107,0.326,0.000,0.000,1.000
Pedestrian - StL Pedestrian Index,Origin,,Cadillac Summit and Trails Pedestrian Only,no,N/A,no,4: Thursday (Th-Th),13: 12pm (12noon-1pm),210,0.099,0.092,0.116,0.177,0.166,0.144,0.071,0.086,0.049,0.069,0.214,0.282,0.239,0.196,0.848,0.052,0.004,0.062,0.001,0.014,0.019,0.057,0.415,0.585,0.153,0.333,0.000,0.000,1.000
Pedestrian - StL Pedestrian Index,Origin,,Cadillac Summit and Trails Pedestrian Only,no,N/A,no,4: Thursday (Th-Th),14: 1pm (1pm-2pm),168,0.130,0.167,0.113,0.187,0.138,0.088,0.070,0.062,0.045,0.091,0.286,0.285,0.189,0.149,0.960,0.010,0.001,0.016,0.000,0.001,0.012,0.026,0.284,0.716,0.115,0.222,0.000,0.000,1.000
Pedestrian - StL Pedestrian Index,Origin,,Cadillac Summit and Trails Pedestrian Only,no,N/A,no,4: Thursday (Th-Th),15: 2pm (2pm-3pm),160,0.135,0.105,0.129,0.225,0.133,0.087,0.047,0.066,0.073,0.089,0.275,0.245,0.234,0.157,0.950,0.011,0.000,0.015,0.000,0.016,0.008,0.029,0.342,0.658,0.130,0.282,0.000,0.000,1.000
Pedestrian - StL Pedestrian Index,Origin,,Cadillac Summit and Trails Pedestrian Only,no,N/A,no,4: Thursday (Th-Th),16: 3pm (3pm-4pm),185,0.171,0.120,0.099,0.187,0.127,0.093,0.041,0.035,0.127,0.113,0.256,0.220,0.196,0.215,0.859,0.033,0.004,0.055,0.001,0.028,0.020,0.075,0.271,0.729,0.127,0.197,0.000,0.000,1.000
Pedestrian - StL Pedestrian Index,Origin,,Cadillac Summit and Trails Pedestrian Only,no,N/A,no,4: Thursday (Th-Th),17: 4pm (4pm-5pm),219,0.132,0.112,0.120,0.186,0.157,0.095,0.060,0.059,0.079,0.090,0.270,0.261,0.225,0.154,0.875,0.022,0.002,0.052,0.005,0.026,0.018,0.070,0.279,0.721,0.127,0.199,0.000,0.000,1.000
Pedestrian - StL Pedestrian Index,Origin,,Cadillac Summit and Trails Pedestrian Only,no,N/A,no,4: Thursday (Th-Th),18: 5pm (5pm-6pm),138,0.201,0.159,0.142,0.165,0.121,0.074,0.043,0.035,0.060,0.078,0.291,0.258,0.192,0.181,0.941,0.007,0.000,0.030,0.000,0.013,0.009,0.037,0.301,0.699,0.115,0.245,0.000,0.000,1.000
Pedestrian - StL Pedestrian Index,Origin,,Cadillac Summit and Trails Pedestrian Only,no,N/A,no,4: Thursday (Th-Th),19: 6pm (6pm-7pm),100,0.165,0.128,0.124,0.168,0.162,0.079,0.035,0.071,0.068,0.114,0.273,0.259,0.250,0.104,0.815,0.046,0.000,0.084,0.000,0.033,0.022,0.124,0.357,0.643,0.134,0.280,0.000,0.000,1.000
Pedestrian - StL Pedestrian Index,Origin,,Cadillac Summit and Trails Pedestrian Only,no,N/A,no,4: Thursday (Th-Th),20: 7pm (7pm-8pm),67,0.118,0.204,0.173,0.169,0.107,0.047,0.039,0.076,0.067,0.160,0.323,0.171,0.218,0.128,0.845,0.040,0.004,0.070,0.000,0.022,0.019,0.070,0.305,0.695,0.129,0.246,0.000,0.000,1.000
Pedestrian - StL Pedestrian Index,Origin,,Cadillac Summit and Trails Pedestrian Only,no,N/A,no,4: Thursday (Th-Th),21: 8pm (8pm-9pm),15,0.225,0.232,0.170,0.202,0.101,0.050,0.003,0.014,0.003,0.101,0.478,0.300,0.105,0.016,0.999,0.000,0.000,0.001,0.000,0.000,0.000,0.000,0.305,0.695,0.119,0.231,0.000,0.000,1.000
Pedestrian - StL Pedestrian Index,Origin,,Cadillac Summit and Trails Pedestrian Only,no,N/A,no,5: Friday (F-F),00: All Day (12am-12am),1459,0.134,0.140,0.135,0.177,0.137,0.089,0.065,0.062,0.061,0.086,0.277,0.259,0.219,0.159,0.868,0.046,0.004,0.048,0.000,0.015,0.019,0.052,0.303,0.697,0.122,0.235,0.000,0.000,1.000
Pedestrian - StL Pedestrian Index,Origin,,Cadillac Summit and Trails Pedestrian Only,no,N/A,no,5: Friday (F-F),05: 4am (4am-5am),10,0.124,0.059,0.046,0.133,0.162,0.133,0.167,0.119,0.057,0.034,0.200,0.284,0.269,0.213,0.885,0.007,0.000,0.099,0.000,0.001,0.008,0.041,0.428,0.572,0.170,0.344,0.000,0.000,1.000
Pedestrian - StL Pedestrian Index,Origin,,Cadillac Summit and Trails Pedestrian Only,no,N/A,no,5: Friday (F-F),06: 5am (5am-6am),64,0.097,0.109,0.157,0.211,0.132,0.082,0.052,0.039,0.121,0.081,0.266,0.267,0.197,0.189,0.868,0.039,0.006,0.056,0.000,0.014,0.017,0.065,0.324,0.676,0.139,0.264,0.000,0.000,1.000
Pedestrian - StL Pedestrian Index,Origin,,Cadillac Summit and Trails Pedestrian Only,no,N/A,no,5: Friday (F-F),07: 6am (6am-7am),19,0.126,0.183,0.133,0.157,0.283,0.083,0.017,0.017,0.001,0.016,0.442,0.308,0.167,0.067,0.916,0.022,0.005,0.025,0.000,0.005,0.027,0.029,0.271,0.729,0.159,0.147,0.000,0.000,1.000
Pedestrian - StL Pedestrian Index,Origin,,Cadillac Summit and Trails Pedestrian Only,no,N/A,no,5: Friday (F-F),08: 7am (7am-8am),19,0.079,0.095,0.129,0.182,0.184,0.100,0.120,0.109,0.002,0.015,0.236,0.362,0.284,0.103,0.865,0.026,0.000,0.068,0.000,0.021,0.020,0.065,0.430,0.570,0.216,0.320,0.000,0.000,1.000
Pedestrian - StL Pedestrian Index,Origin,,Cadillac Summit and Trails Pedestrian Only,no,N/A,no,5: Friday (F-F),09: 8am (8am-9am),20,0.158,0.097,0.057,0.389,0.087,0.146,0.028,0.019,0.019,0.110,0.323,0.169,0.269,0.129,0.989,0.001,0.000,0.004,0.000,0.000,0.006,0.005,0.355,0.645,0.214,0.349,0.000,0.000,1.000
Pedestrian - StL Pedestrian Index,Origin,,Cadillac Summit and Trails Pedestrian Only,no,N/A,no,5: Friday (F-F),10: 9am (9am-10am),54,0.171,0.105,0.151,0.162,0.099,0.059,0.115,0.089,0.049,0.061,0.325,0.265,0.232,0.117,0.921,0.008,0.002,0.042,0.000,0.006,0.021,0.036,0.404,0.596,0.156,0.306,0.000,0.000,1.000
Pedestrian - StL Pedestrian Index,Origin,,Cadillac Summit and Trails Pedestrian Only,no,N/A,no,5: Friday (F-F),11: 10am (10am-11am),167,0.105,0.081,0.142,0.153,0.152,0.124,0.092,0.098,0.053,0.065,0.288,0.257,0.246,0.144,0.915,0.030,0.006,0.021,0.000,0.017,0.011,0.047,0.364,0.636,0.126,0.296,0.000,0.000,1.000
Pedestrian - StL Pedestrian Index,Origin,,Cadillac Summit and Trails Pedestrian Only,no,N/A,no,5: Friday (F-F),12: 11am (11am-12noon),139,0.109,0.163,0.139,0.136,0.135,0.087,0.094,0.086,0.051,0.086,0.247,0.243,0.221,0.203,0.925,0.014,0.003,0.036,0.000,0.006,0.016,0.037,0.264,0.736,0.103,0.199,0.000,0.000,1.000
Pedestrian - StL Pedestrian Index,Origin,,Cadillac Summit and Trails Pedestrian Only,no,N/A,no,5: Friday (F-F),13: 12pm (12noon-1pm),189,0.118,0.156,0.181,0.192,0.130,0.082,0.031,0.051,0.059,0.080,0.225,0.259,0.232,0.204,0.743,0.168,0.003,0.043,0.000,0.010,0.033,0.044,0.255,0.745,0.092,0.209,0.000,0.000,1.000
Pedestrian - StL Pedestrian Index,Origin,,Cadillac Summit and Trails Pedestrian Only,no,N/A,no,5: Friday (F-F),14: 1pm (1pm-2pm),173,0.150,0.136,0.109,0.170,0.143,0.098,0.068,0.071,0.055,0.081,0.302,0.251,0.235,0.131,0.870,0.016,0.011,0.071,0.000,0.013,0.019,0.042,0.264,0.736,0.106,0.197,0.000,0.000,1.000
Pedestrian - StL Pedestrian Index,Origin,,Cadillac Summit and Trails Pedestrian Only,no,N/A,no,5: Friday (F-F),15: 2pm (2pm-3pm),135,0.234,0.152,0.161,0.191,0.113,0.054,0.027,0.045,0.023,0.130,0.327,0.260,0.173,0.110,0.906,0.031,0.002,0.025,0.000,0.021,0.015,0.057,0.263,0.737,0.114,0.208,0.000,0.000,1.000
Pedestrian - StL Pedestrian Index,Origin,,Cadillac Summit and Trails Pedestrian Only,no,N/A,no,5: Friday (F-F),16: 3pm (3pm-4pm),122,0.123,0.180,0.133,0.135,0.093,0.062,0.074,0.048,0.152,0.076,0.253,0.254,0.227,0.190,0.891,0.008,0.003,0.072,0.000,0.009,0.017,0.030,0.316,0.684,0.091,0.258,0.000,0.000,1.000
Pedestrian - StL Pedestrian Index,Origin,,Cadillac Summit and Trails Pedestrian Only,no,N/A,no,5: Friday (F-F),17: 4pm (4pm-5pm),82,0.138,0.120,0.112,0.211,0.136,0.095,0.039,0.042,0.107,0.065,0.253,0.256,0.210,0.216,0.941,0.014,0.002,0.020,0.000,0.010,0.013,0.060,0.382,0.618,0.163,0.292,0.000,0.000,1.000
Pedestrian - StL Pedestrian Index,Origin,,Cadillac Summit and Trails Pedestrian Only,no,N/A,no,5: Friday (F-F),18: 5pm (5pm-6pm),123,0.118,0.131,0.114,0.214,0.172,0.103,0.048,0.061,0.039,0.075,0.283,0.272,0.239,0.131,0.955,0.005,0.000,0.031,0.000,0.002,0.007,0.010,0.291,0.709,0.121,0.223,0.000,0.000,1.000
Pedestrian - StL Pedestrian Index,Origin,,Cadillac Summit and Trails Pedestrian Only,no,N/A,no,5: Friday (F-F),19: 6pm (6pm-7pm),39,0.047,0.078,0.089,0.124,0.136,0.176,0.147,0.077,0.126,0.073,0.211,0.214,0.243,0.259,0.634,0.100,0.015,0.170,0.000,0.026,0.055,0.099,0.312,0.688,0.128,0.220,0.000,0.000,1.000
Pedestrian - StL Pedestrian Index,Origin,,Cadillac Summit and Trails Pedestrian Only,no,N/A,no,5: Friday (F-F),20: 7pm (7pm-8pm),83,0.139,0.197,0.113,0.224,0.141,0.053,0.069,0.031,0.033,0.164,0.317,0.269,0.159,0.091,0.726,0.102,0.005,0.085,0.000,0.063,0.019,0.169,0.317,0.683,0.147,0.237,0.000,0.000,1.000
Pedestrian - StL Pedestrian Index,Origin,,Cadillac Summit and Trails Pedestrian Only,no,N/A,no,5: Friday (F-F),22: 9pm (9pm-10pm),21,0.162,0.139,0.105,0.218,0.137,0.137,0.045,0.045,0.012,0.081,0.212,0.340,0.183,0.184,0.904,0.010,0.005,0.046,0.000,0.012,0.023,0.022,0.405,0.595,0.282,0.250,0.000,0.000,1.000
Pedestrian - StL Pedestrian Index,Origin,,Cadillac Summit and Trails Pedestrian Only,no,N/A,no,6: Saturday (Sa-Sa),00: All Day (12am-12am),2433,0.147,0.132,0.125,0.202,0.135,0.089,0.056,0.060,0.054,0.096,0.294,0.253,0.211,0.146,0.852,0.038,0.003,0.064,0.000,0.022,0.021,0.064,0.303,0.697,0.119,0.237,0.000,0.000,1.000
Pedestrian - StL Pedestrian Index,Origin,,Cadillac Summit and Trails Pedestrian Only,no,N/A,no,6: Saturday (Sa-Sa),05: 4am (4am-5am),136,0.086,0.109,0.118,0.180,0.122,0.112,0.068,0.085,0.120,0.067,0.245,0.199,0.261,0.228,0.858,0.069,0.002,0.052,0.000,0.004,0.015,0.018,0.320,0.680,0.137,0.242,0.000,0.000,1.000
Pedestrian - StL Pedestrian Index,Origin,,Cadillac Summit and Trails Pedestrian Only,no,N/A,no,6: Saturday (Sa-Sa),06: 5am (5am-6am),63,0.080,0.068,0.117,0.202,0.090,0.121,0.051,0.088,0.183,0.105,0.224,0.210,0.260,0.201,0.850,0.041,0.001,0.089,0.000,0.003,0.016,0.031,0.380,0.620,0.082,0.359,0.000,0.000,1.000
Pedestrian - StL Pedestrian Index,Origin,,Cadillac Summit and Trails Pedestrian Only,no,N/A,no,6: Saturday (Sa-Sa),07: 6am (6am-7am),118,0.148,0.147,0.136,0.214,0.174,0.078,0.051,0.024,0.028,0.077,0.322,0.280,0.217,0.104,0.845,0.020,0.001,0.063,0.000,0.063,0.008,0.121,0.367,0.633,0.196,0.267,0.000,0.000,1.000
Pedestrian - StL Pedestrian Index,Origin,,Cadillac Summit and Trails Pedestrian Only,no,N/A,no,6: Saturday (Sa-Sa),08: 7am (7am-8am),120,0.148,0.113,0.108,0.196,0.122,0.085,0.057,0.083,0.088,0.102,0.215,0.201,0.236,0.246,0.905,0.018,0.001,0.043,0.000,0.010,0.023,0.030,0.216,0.784,0.074,0.169,0.000,0.000,1.000
Pedestrian - StL Pedestrian Index,Origin,,Cadillac Summit and Trails Pedestrian Only,no,N/A,no,6: Saturday (Sa-Sa),09: 8am (8am-9am),101,0.151,0.170,0.087,0.238,0.126,0.073,0.055,0.067,0.033,0.146,0.336,0.262,0.155,0.101,0.904,0.043,0.003,0.022,0.000,0.011,0.017,0.068,0.253,0.747,0.094,0.196,0.000,0.000,1.000
Pedestrian - StL Pedestrian Index,Origin,,Cadillac Summit and Trails Pedestrian Only,no,N/A,no,6: Saturday (Sa-Sa),10: 9am (9am-10am),169,0.119,0.121,0.129,0.221,0.152,0.099,0.073,0.035,0.051,0.105,0.348,0.274,0.184,0.089,0.798,0.073,0.005,0.063,0.000,0.025,0.036,0.075,0.332,0.668,0.122,0.262,0.000,0.000,1.000
Pedestrian - StL Pedestrian Index,Origin,,Cadillac Summit and Trails Pedestrian Only,no,N/A,no,6: Saturday (Sa-Sa),11: 10am (10am-11am),190,0.155,0.110,0.116,0.192,0.144,0.075,0.052,0.098,0.058,0.094,0.308,0.236,0.207,0.155,0.849,0.034,0.010,0.064,0.000,0.019,0.024,0.045,0.238,0.762,0.092,0.184,0.000,0.000,1.000
Pedestrian - StL Pedestrian Index,Origin,,Cadillac Summit and Trails Pedestrian Only,no,N/A,no,6: Saturday (Sa-Sa),12: 11am (11am-12noon),272,0.139,0.125,0.130,0.200,0.149,0.087,0.065,0.066,0.039,0.090,0.269,0.244,0.252,0.145,0.875,0.027,0.003,0.060,0.000,0.018,0.017,0.047,0.318,0.682,0.138,0.248,0.000,0.000,1.000
Pedestrian - StL Pedestrian Index,Origin,,Cadillac Summit and Trails Pedestrian Only,no,N/A,no,6: Saturday (Sa-Sa),13: 12pm (12noon-1pm),118,0.160,0.100,0.108,0.203,0.095,0.075,0.088,0.070,0.101,0.079,0.241,0.239,0.242,0.199,0.924,0.014,0.002,0.032,0.000,0.012,0.016,0.139,0.330,0.670,0.104,0.266,0.000,0.000,1.000
Pedestrian - StL Pedestrian Index,Origin,,Cadillac Summit and Trails Pedestrian Only,no,N/A,no,6: Saturday (Sa-Sa),14: 1pm (1pm-2pm),257,0.141,0.159,0.131,0.196,0.131,0.092,0.060,0.066,0.024,0.101,0.334,0.271,0.192,0.102,0.841,0.063,0.001,0.036,0.000,0.030,0.029,0.074,0.331,0.669,0.119,0.263,0.000,0.000,1.000
Pedestrian - StL Pedestrian Index,Origin,,Cadillac Summit and Trails Pedestrian Only,no,N/A,no,6: Saturday (Sa-Sa),15: 2pm (2pm-3pm),218,0.171,0.156,0.155,0.226,0.124,0.083,0.037,0.026,0.022,0.149,0.322,0.293,0.155,0.081,0.848,0.058,0.003,0.028,0.000,0.042,0.021,0.086,0.306,0.694,0.125,0.248,0.000,0.000,1.000
Pedestrian - StL Pedestrian Index,Origin,,Cadillac Summit and Trails Pedestrian Only,no,N/A,no,6: Saturday (Sa-Sa),16: 3pm (3pm-4pm),246,0.185,0.160,0.143,0.218,0.120,0.077,0.031,0.035,0.031,0.091,0.306,0.261,0.199,0.143,0.831,0.035,0.004,0.092,0.000,0.017,0.021,0.056,0.280,0.720,0.101,0.216,0.000,0.000,1.000
Pedestrian - StL Pedestrian Index,Origin,,Cadillac Summit and Trails Pedestrian Only,no,N/A,no,6: Saturday (Sa-Sa),17: 4pm (4pm-5pm),154,0.143,0.145,0.124,0.206,0.149,0.090,0.048,0.057,0.038,0.082,0.316,0.301,0.185,0.116,0.948,0.008,0.004,0.010,0.000,0.010,0.020,0.036,0.294,0.706,0.129,0.227,0.000,0.000,1.000
Pedestrian - StL Pedestrian Index,Origin,,Cadillac Summit and Trails Pedestrian Only,no,N/A,no,6: Saturday (Sa-Sa),18: 5pm (5pm-6pm),141,0.158,0.098,0.084,0.163,0.159,0.088,0.071,0.086,0.093,0.073,0.212,0.199,0.262,0.254,0.665,0.024,0.002,0.269,0.001,0.013,0.026,0.047,0.290,0.710,0.134,0.200,0.000,0.000,1.000
Pedestrian - StL Pedestrian Index,Origin,,Cadillac Summit and Trails Pedestrian Only,no,N/A,no,6: Saturday (Sa-Sa),19: 6pm (6pm-7pm),29,0.083,0.086,0.093,0.241,0.046,0.160,0.033,0.090,0.168,0.070,0.251,0.212,0.281,0.186,0.816,0.024,0.000,0.107,0.000,0.030,0.023,0.158,0.464,0.536,0.201,0.391,0.000,0.000,1.000
Pedestrian - StL Pedestrian Index,Origin,,Cadillac Summit and Trails Pedestrian Only,no,N/A,no,6: Saturday (Sa-Sa),20: 7pm (7pm-8pm),88,0.158,0.118,0.137,0.134,0.171,0.112,0.063,0.071,0.036,0.072,0.341,0.262,0.206,0.119,0.880,0.015,0.006,0.038,0.002,0.043,0.016,0.089,0.309,0.691,0.124,0.244,0.000,0.000,1.000
Pedestrian - StL Pedestrian Index,Origin,,Cadillac Summit and Trails Pedestrian Only,no,N/A,no,6: Saturday (Sa-Sa),22: 9pm (9pm-10pm),14,0.072,0.076,0.107,0.153,0.180,0.220,0.063,0.067,0.062,0.062,0.214,0.299,0.220,0.205,0.982,0.015,0.000,0.000,0.000,0.000,0.003,0.032,0.308,0.692,0.050,0.259,0.000,0.000,1.000
Pedestrian - StL Pedestrian Index,Origin,,Cadillac Summit and Trails Pedestrian Only,no,N/A,no,7: Sunday (Su-Su),00: All Day (12am-12am),2398,0.141,0.134,0.119,0.186,0.135,0.101,0.063,0.061,0.060,0.090,0.285,0.250,0.226,0.149,0.869,0.037,0.003,0.055,0.001,0.018,0.017,0.062,0.306,0.694,0.122,0.236,0.000,0.000,1.000
Pedestrian - StL Pedestrian Index,Origin,,Cadillac Summit and Trails Pedestrian Only,no,N/A,no,7: Sunday (Su-Su),04: 3am (3am-4am),21,0.181,0.105,0.131,0.336,0.064,0.094,0.040,0.031,0.018,0.063,0.265,0.317,0.133,0.222,0.914,0.010,0.016,0.046,0.001,0.000,0.013,0.002,0.213,0.787,0.071,0.175,0.000,0.000,1.000
Pedestrian - StL Pedestrian Index,Origin,,Cadillac Summit and Trails Pedestrian Only,no,N/A,no,7: Sunday (Su-Su),05: 4am (4am-5am),26,0.321,0.116,0.086,0.135,0.137,0.089,0.067,0.047,0.002,0.110,0.223,0.168,0.271,0.228,0.974,0.006,0.000,0.010,0.000,0.006,0.004,0.008,0.174,0.826,0.065,0.153,0.000,0.000,1.000
Pedestrian - StL Pedestrian Index,Origin,,Cadillac Summit and Trails Pedestrian Only,no,N/A,no,7: Sunday (Su-Su),06: 5am (5am-6am),126,0.150,0.146,0.109,0.201,0.133,0.110,0.054,0.062,0.035,0.071,0.311,0.256,0.241,0.121,0.914,0.029,0.008,0.029,0.000,0.008,0.012,0.052,0.282,0.718,0.083,0.236,0.000,0.000,1.000
Pedestrian - StL Pedestrian Index,Origin,,Cadillac Summit and Trails Pedestrian Only,no,N/A,no,7: Sunday (Su-Su),07: 6am (6am-7am),131,0.227,0.145,0.133,0.207,0.126,0.062,0.038,0.044,0.018,0.153,0.360,0.227,0.169,0.091,0.733,0.164,0.004,0.067,0.001,0.007,0.024,0.047,0.337,0.663,0.160,0.240,0.000,0.000,1.000
Pedestrian - StL Pedestrian Index,Origin,,Cadillac Summit and Trails Pedestrian Only,no,N/A,no,7: Sunday (Su-Su),08: 7am (7am-8am),35,0.169,0.081,0.101,0.258,0.184,0.105,0.039,0.041,0.022,0.082,0.335,0.202,0.193,0.188,0.721,0.170,0.007,0.051,0.000,0.035,0.016,0.091,0.370,0.630,0.190,0.267,0.000,0.000,1.000
Pedestrian - StL Pedestrian Index,Origin,,Cadillac Summit and Trails Pedestrian Only,no,N/A,no,7: Sunday (Su-Su),09: 8am (8am-9am),21,0.034,0.016,0.182,0.085,0.072,0.110,0.126,0.192,0.183,0.094,0.187,0.292,0.228,0.199,0.948,0.015,0.000,0.022,0.000,0.003,0.012,0.011,0.211,0.789,0.065,0.185,0.000,0.000,1.000
Pedestrian - StL Pedestrian Index,Origin,,Cadillac Summit and Trails Pedestrian Only,no,N/A,no,7: Sunday (Su-Su),10: 9am (9am-10am),51,0.088,0.111,0.142,0.180,0.144,0.107,0.060,0.082,0.086,0.103,0.251,0.297,0.216,0.133,0.959,0.009,0.001,0.016,0.000,0.003,0.012,0.012,0.238,0.762,0.087,0.185,0.000,0.000,1.000
Pedestrian - StL Pedestrian Index,Origin,,Cadillac Summit and Trails Pedestrian Only,no,N/A,no,7: Sunday (Su-Su),11: 10am (10am-11am),208,0.149,0.134,0.148,0.182,0.118,0.092,0.045,0.075,0.057,0.092,0.262,0.239,0.217,0.190,0.806,0.030,0.004,0.103,0.005,0.028,0.024,0.084,0.303,0.697,0.114,0.227,0.000,0.000,1.000
Pedestrian - StL Pedestrian Index,Origin,,Cadillac Summit and Trails Pedestrian Only,no,N/A,no,7: Sunday (Su-Su),12: 11am (11am-12noon),359,0.102,0.146,0.094,0.191,0.149,0.097,0.078,0.065,0.078,0.061,0.313,0.252,0.234,0.140,0.929,0.021,0.001,0.029,0.001,0.008,0.011,0.045,0.328,0.672,0.127,0.268,0.000,0.000,1.000
Pedestrian - StL Pedestrian Index,Origin,,Cadillac Summit and Trails Pedestrian Only,no,N/A,no,7: Sunday (Su-Su),13: 12pm (12noon-1pm),230,0.130,0.102,0.123,0.215,0.148,0.096,0.055,0.055,0.076,0.115,0.274,0.268,0.202,0.141,0.829,0.072,0.006,0.040,0.000,0.035,0.018,0.068,0.302,0.698,0.130,0.241,0.000,0.000,1.000
Pedestrian - StL Pedestrian Index,Origin,,Cadillac Summit and Trails Pedestrian Only,no,N/A,no,7: Sunday (Su-Su),14: 1pm (1pm-2pm),248,0.134,0.129,0.119,0.194,0.135,0.096,0.066,0.068,0.059,0.073,0.222,0.249,0.257,0.199,0.847,0.045,0.003,0.070,0.000,0.014,0.021,0.058,0.270,0.730,0.121,0.199,0.000,0.000,1.000
Pedestrian - StL Pedestrian Index,Origin,,Cadillac Summit and Trails Pedestrian Only,no,N/A,no,7: Sunday (Su-Su),15: 2pm (2pm-3pm),238,0.116,0.121,0.127,0.162,0.120,0.106,0.070,0.068,0.110,0.079,0.243,0.252,0.262,0.164,0.910,0.018,0.004,0.024,0.000,0.026,0.018,0.107,0.319,0.681,0.129,0.245,0.000,0.000,1.000
Pedestrian - StL Pedestrian Index,Origin,,Cadillac Summit and Trails Pedestrian Only,no,N/A,no,7: Sunday (Su-Su),16: 3pm (3pm-4pm),188,0.161,0.209,0.111,0.155,0.116,0.094,0.075,0.042,0.037,0.077,0.334,0.299,0.187,0.103,0.935,0.009,0.001,0.032,0.000,0.010,0.013,0.062,0.299,0.701,0.112,0.233,0.000,0.000,1.000
Pedestrian - StL Pedestrian Index,Origin,,Cadillac Summit and Trails Pedestrian Only,no,N/A,no,7: Sunday (Su-Su),17: 4pm (4pm-5pm),179,0.145,0.136,0.108,0.189,0.147,0.156,0.039,0.049,0.031,0.091,0.287,0.245,0.237,0.140,0.826,0.031,0.003,0.087,0.000,0.029,0.024,0.065,0.352,0.648,0.133,0.276,0.000,0.000,1.000
Pedestrian - StL Pedestrian Index,Origin,,Cadillac Summit and Trails Pedestrian Only,no,N/A,no,7: Sunday (Su-Su),18: 5pm (5pm-6pm),159,0.162,0.130,0.159,0.174,0.149,0.086,0.064,0.031,0.045,0.074,0.335,0.248,0.233,0.110,0.922,0.008,0.001,0.049,0.000,0.009,0.011,0.025,0.298,0.702,0.112,0.230,0.000,0.000,1.000
Pedestrian - StL Pedestrian Index,Origin,,Cadillac Summit and Trails Pedestrian Only,no,N/A,no,7: Sunday (Su-Su),19: 6pm (6pm-7pm),56,0.167,0.148,0.120,0.175,0.121,0.096,0.061,0.066,0.046,0.173,0.270,0.211,0.200,0.146,0.753,0.010,0.005,0.175,0.000,0.036,0.021,0.075,0.316,0.684,0.159,0.212,0.000,0.000,1.000
Pedestrian - StL Pedestrian Index,Origin,,Cadillac Summit and Trails Pedestrian Only,no,N/A,no,7: Sunday (Su-Su),20: 7pm (7pm-8pm),67,0.146,0.104,0.121,0.178,0.128,0.094,0.101,0.085,0.043,0.121,0.349,0.238,0.180,0.112,0.908,0.013,0.011,0.053,0.001,0.002,0.012,0.023,0.364,0.636,0.148,0.240,0.000,0.000,1.000
Pedestrian - StL Pedestrian Index,Origin,,Cadillac Summit and Trails Pedestrian Only,no,N/A,no,7: Sunday (Su-Su),21: 8pm (8pm-9pm),20,0.310,0.114,0.130,0.226,0.133,0.039,0.019,0.023,0.006,0.147,0.409,0.225,0.151,0.068,0.841,0.061,0.001,0.042,0.000,0.029,0.026,0.065,0.164,0.836,0.084,0.107,0.000,0.000,1.000
Pedestrian - StL Pedestrian Index,Origin,,Cadillac Summit and Trails Pedestrian Only,no,N/A,no,7: Sunday (Su-Su),22: 9pm (9pm-10pm),35,0.068,0.100,0.108,0.143,0.185,0.154,0.108,0.069,0.065,0.107,0.247,0.190,0.269,0.187,0.839,0.025,0.000,0.095,0.000,0.030,0.011,0.155,0.291,0.709,0.046,0.261,0.000,0.000,1.000
Pedestrian - StL Pedestrian Index,Destination,,Cadillac Summit and Trails Pedestrian Only,no,N/A,no,0: All Days (M-Su),00: All Day (12am-12am),2048,0.139,0.128,0.121,0.180,0.135,0.097,0.063,0.065,0.072,0.095,0.274,0.251,0.221,0.159,0.856,0.039,0.004,0.058,0.000,0.022,0.021,0.071,0.319,0.681,0.128,0.248,0.000,0.000,1.000
Pedestrian - StL Pedestrian Index,Destination,,Cadillac Summit and Trails Pedestrian Only,no,N/A,no,0: All Days (M-Su),04: 3am (3am-4am),2,0.153,0.205,0.054,0.191,0.050,0.125,0.048,0.041,0.133,0.044,0.279,0.150,0.216,0.311,0.877,0.034,0.000,0.043,0.000,0.022,0.024,0.048,0.142,0.858,0.044,0.123,0.000,0.000,1.000
Pedestrian - StL Pedestrian Index,Destination,,Cadillac Summit and Trails Pedestrian Only,no,N/A,no,0: All Days (M-Su),05: 4am (4am-5am),73,0.110,0.105,0.100,0.155,0.130,0.100,0.085,0.080,0.135,0.065,0.213,0.230,0.271,0.221,0.837,0.041,0.002,0.088,0.000,0.013,0.019,0.056,0.361,0.639,0.133,0.283,0.000,0.000,1.000
Pedestrian - StL Pedestrian Index,Destination,,Cadillac Summit and Trails Pedestrian Only,no,N/A,no,0: All Days (M-Su),06: 5am (5am-6am),207,0.144,0.119,0.104,0.172,0.128,0.103,0.073,0.073,0.084,0.102,0.268,0.237,0.229,0.164,0.846,0.036,0.003,0.065,0.000,0.031,0.019,0.096,0.338,0.662,0.131,0.268,0.000,0.000,1.000
Pedestrian - StL Pedestrian Index,Destination,,Cadillac Summit and Trails Pedestrian Only,no,N/A,no,0: All Days (M-Su),07: 6am (6am-7am),87,0.123,0.136,0.110,0.197,0.147,0.105,0.065,0.056,0.061,0.074,0.255,0.244,0.242,0.185,0.838,0.061,0.003,0.051,0.000,0.022,0.025,0.072,0.300,0.700,0.138,0.217,0.000,0.000,1.000
Pedestrian - StL Pedestrian Index,Destination,,Cadillac Summit and Trails Pedestrian Only,no,N/A,no,0: All Days (M-Su),08: 7am (7am-8am),20,0.101,0.119,0.127,0.183,0.138,0.125,0.058,0.086,0.063,0.067,0.198,0.222,0.277,0.236,0.809,0.066,0.004,0.087,0.000,0.016,0.018,0.069,0.253,0.747,0.100,0.197,0.000,0.000,1.000
Pedestrian - StL Pedestrian Index,Destination,,Cadillac Summit and Trails Pedestrian Only,no,N/A,no,0: All Days (M-Su),09: 8am (8am-9am),18,0.127,0.114,0.122,0.203,0.145,0.088,0.085,0.064,0.052,0.095,0.308,0.262,0.195,0.140,0.946,0.009,0.001,0.026,0.000,0.008,0.010,0.046,0.312,0.688,0.109,0.249,0.000,0.000,1.000
Pedestrian - StL Pedestrian Index,Destination,,Cadillac Summit and Trails Pedestrian Only,no,N/A,no,0: All Days (M-Su),10: 9am (9am-10am),56,0.149,0.118,0.134,0.182,0.131,0.117,0.060,0.064,0.045,0.086,0.301,0.271,0.214,0.128,0.956,0.011,0.002,0.011,0.000,0.005,0.015,0.034,0.280,0.720,0.107,0.229,0.000,0.000,1.000
Pedestrian - StL Pedestrian Index,Destination,,Cadillac Summit and Trails Pedestrian Only,no,N/A,no,0: All Days (M-Su),11: 10am (10am-11am),126,0.169,0.130,0.122,0.177,0.121,0.089,0.062,0.059,0.071,0.116,0.263,0.239,0.220,0.162,0.809,0.043,0.004,0.087,0.000,0.031,0.026,0.104,0.318,0.682,0.138,0.235,0.000,0.000,1.000
Pedestrian - StL Pedestrian Index,Destination,,Cadillac Summit and Trails Pedestrian Only,no,N/A,no,0: All Days (M-Su),12: 11am (11am-12noon),196,0.133,0.128,0.127,0.180,0.141,0.095,0.065,0.066,0.065,0.109,0.275,0.256,0.210,0.150,0.863,0.037,0.004,0.047,0.001,0.026,0.022,0.072,0.315,0.685,0.124,0.246,0.000,0.000,1.000
Pedestrian - StL Pedestrian Index,Destination,,Cadillac Summit and Trails Pedestrian Only,no,N/A,no,0: All Days (M-Su),13: 12pm (12noon-1pm),232,0.128,0.125,0.123,0.171,0.141,0.103,0.061,0.071,0.077,0.081,0.272,0.253,0.227,0.167,0.892,0.028,0.003,0.045,0.000,0.014,0.018,0.056,0.332,0.668,0.126,0.267,0.000,0.000,1.000
Pedestrian - StL Pedestrian Index,Destination,,Cadillac Summit and Trails Pedestrian Only,no,N/A,no,0: All Days (M-Su),14: 1pm (1pm-2pm),183,0.135,0.135,0.120,0.191,0.137,0.102,0.061,0.068,0.051,0.098,0.291,0.254,0.222,0.135,0.853,0.055,0.007,0.044,0.000,0.018,0.023,0.057,0.316,0.684,0.130,0.245,0.000,0.000,1.000
Pedestrian - StL Pedestrian Index,Destination,,Cadillac Summit and Trails Pedestrian Only,no,N/A,no,0: All Days (M-Su),15: 2pm (2pm-3pm),202,0.144,0.128,0.130,0.191,0.132,0.090,0.053,0.063,0.069,0.104,0.274,0.244,0.225,0.153,0.836,0.053,0.003,0.059,0.000,0.028,0.021,0.081,0.306,0.694,0.125,0.238,0.000,0.000,1.000
Pedestrian - StL Pedestrian Index,Destination,,Cadillac Summit and Trails Pedestrian Only,no,N/A,no,0: All Days (M-Su),16: 3pm (3pm-4pm),159,0.152,0.147,0.128,0.176,0.127,0.093,0.056,0.051,0.070,0.095,0.294,0.268,0.197,0.146,0.873,0.041,0.003,0.041,0.001,0.023,0.018,0.069,0.304,0.696,0.120,0.234,0.000,0.000,1.000
Pedestrian - StL Pedestrian Index,Destination,,Cadillac Summit and Trails Pedestrian Only,no,N/A,no,0: All Days (M-Su),17: 4pm (4pm-5pm),148,0.128,0.130,0.129,0.204,0.136,0.098,0.059,0.052,0.064,0.084,0.286,0.273,0.209,0.148,0.895,0.025,0.002,0.044,0.000,0.015,0.019,0.049,0.308,0.692,0.121,0.244,0.000,0.000,1.000
Pedestrian - StL Pedestrian Index,Destination,,Cadillac Summit and Trails Pedestrian Only,no,N/A,no,0: All Days (M-Su),18: 5pm (5pm-6pm),123,0.140,0.129,0.120,0.177,0.145,0.098,0.055,0.055,0.081,0.077,0.262,0.260,0.233,0.168,0.897,0.017,0.004,0.048,0.001,0.014,0.019,0.054,0.326,0.674,0.136,0.247,0.000,0.000,1.000
Pedestrian - StL Pedestrian Index,Destination,,Cadillac Summit and Trails Pedestrian Only,no,N/A,no,0: All Days (M-Su),19: 6pm (6pm-7pm),83,0.153,0.122,0.133,0.173,0.128,0.084,0.052,0.071,0.084,0.088,0.276,0.240,0.219,0.177,0.792,0.046,0.003,0.110,0.000,0.030,0.019,0.101,0.290,0.710,0.126,0.211,0.000,0.000,1.000
Pedestrian - StL Pedestrian Index,Destination,,Cadillac Summit and Trails Pedestrian Only,no,N/A,no,0: All Days (M-Su),20: 7pm (7pm-8pm),64,0.137,0.149,0.121,0.174,0.138,0.100,0.066,0.062,0.053,0.122,0.303,0.249,0.199,0.127,0.810,0.042,0.004,0.101,0.000,0.024,0.019,0.068,0.340,0.660,0.152,0.252,0.000,0.000,1.000
Pedestrian - StL Pedestrian Index,Destination,,Cadillac Summit and Trails Pedestrian Only,no,N/A,no,0: All Days (M-Su),21: 8pm (8pm-9pm),42,0.160,0.123,0.122,0.170,0.145,0.069,0.069,0.074,0.068,0.132,0.304,0.246,0.197,0.121,0.761,0.055,0.007,0.086,0.001,0.053,0.037,0.106,0.366,0.634,0.138,0.299,0.000,0.000,1.000
Pedestrian - StL Pedestrian Index,Destination,,Cadillac Summit and Trails Pedestrian Only,no,N/A,no,0: All Days (M-Su),22: 9pm (9pm-10pm),19,0.132,0.121,0.100,0.165,0.150,0.125,0.066,0.066,0.075,0.083,0.233,0.266,0.218,0.200,0.875,0.028,0.003,0.058,0.000,0.012,0.024,0.043,0.310,0.690,0.150,0.230,0.000,0.000,1.000
Pedestrian - StL Pedestrian Index,Destination,,Cadillac Summit and Trails Pedestrian Only,no,N/A,no,0: All Days (M-Su),23: 10pm (10pm-11pm),2,0.063,0.105,0.059,0.105,0.087,0.082,0.150,0.127,0.222,0.026,0.135,0.199,0.307,0.333,0.862,0.037,0.000,0.099,0.000,0.000,0.002,0.001,0.463,0.537,0.092,0.436,0.000,0.000,1.000
Pedestrian - StL Pedestrian Index,Destination,,Cadillac Summit and Trails Pedestrian Only,no,N/A,no,0: All Days (M-Su),24: 11pm (11pm-12am),6,0.089,0.113,0.078,0.170,0.133,0.150,0.092,0.100,0.075,0.084,0.244,0.204,0.199,0.269,0.849,0.018,0.012,0.061,0.000,0.035,0.025,0.054,0.288,0.712,0.108,0.218,0.000,0.000,1.000
Pedestrian - StL Pedestrian Index,Destination,,Cadillac Summit and Trails Pedestrian Only,no,N/A,no,1: Monday (M-M),00: All Day (12am-12am),2139,0.136,0.130,0.131,0.175,0.131,0.100,0.061,0.065,0.071,0.095,0.291,0.251,0.215,0.148,0.858,0.038,0.004,0.055,0.000,0.025,0.020,0.069,0.321,0.679,0.127,0.247,0.000,0.000,1.000
Pedestrian - StL Pedestrian Index,Destination,,Cadillac Summit and Trails Pedestrian Only,no,N/A,no,1: Monday (M-M),05: 4am (4am-5am),11,0.159,0.052,0.113,0.095,0.148,0.176,0.083,0.125,0.049,0.140,0.287,0.332,0.163,0.078,0.912,0.006,0.000,0.065,0.000,0.004,0.013,0.016,0.469,0.531,0.082,0.396,0.000,0.000,1.000
Pedestrian - StL Pedestrian Index,Destination,,Cadillac Summit and Trails Pedestrian Only,no,N/A,no,1: Monday (M-M),06: 5am (5am-6am),171,0.107,0.138,0.099,0.200,0.135,0.102,0.077,0.073,0.069,0.059,0.267,0.225,0.275,0.174,0.857,0.023,0.002,0.089,0.002,0.010,0.017,0.038,0.315,0.685,0.138,0.247,0.000,0.000,1.000
Pedestrian - StL Pedestrian Index,Destination,,Cadillac Summit and Trails Pedestrian Only,no,N/A,no,1: Monday (M-M),07: 6am (6am-7am),120,0.106,0.163,0.121,0.206,0.136,0.103,0.084,0.054,0.027,0.058,0.312,0.266,0.246,0.118,0.871,0.018,0.004,0.057,0.000,0.024,0.026,0.054,0.359,0.641,0.167,0.250,0.000,0.000,1.000
Pedestrian - StL Pedestrian Index,Destination,,Cadillac Summit and Trails Pedestrian Only,no,N/A,no,1: Monday (M-M),08: 7am (7am-8am),20,0.062,0.120,0.056,0.176,0.150,0.205,0.081,0.121,0.029,0.061,0.262,0.245,0.251,0.181,0.851,0.045,0.010,0.054,0.000,0.017,0.023,0.135,0.310,0.690,0.137,0.217,0.000,0.000,1.000
Pedestrian - StL Pedestrian Index,Destination,,Cadillac Summit and Trails Pedestrian Only,no,N/A,no,1: Monday (M-M),09: 8am (8am-9am),40,0.090,0.080,0.135,0.186,0.147,0.111,0.112,0.060,0.079,0.064,0.218,0.239,0.282,0.197,0.959,0.006,0.001,0.021,0.000,0.005,0.008,0.019,0.352,0.648,0.133,0.269,0.000,0.000,1.000
Pedestrian - StL Pedestrian Index,Destination,,Cadillac Summit and Trails Pedestrian Only,no,N/A,no,1: Monday (M-M),10: 9am (9am-10am),20,0.028,0.146,0.090,0.215,0.131,0.216,0.121,0.053,0.000,0.058,0.310,0.259,0.261,0.112,0.985,0.004,0.000,0.009,0.000,0.000,0.002,0.017,0.243,0.757,0.090,0.193,0.000,0.000,1.000
Pedestrian - StL Pedestrian Index,Destination,,Cadillac Summit and Trails Pedestrian Only,no,N/A,no,1: Monday (M-M),11: 10am (10am-11am),121,0.082,0.094,0.125,0.181,0.135,0.110,0.087,0.095,0.091,0.070,0.318,0.247,0.240,0.125,0.791,0.012,0.000,0.167,0.000,0.004,0.026,0.031,0.442,0.558,0.170,0.338,0.000,0.000,1.000
Pedestrian - StL Pedestrian Index,Destination,,Cadillac Summit and Trails Pedestrian Only,no,N/A,no,1: Monday (M-M),12: 11am (11am-12noon),265,0.193,0.140,0.146,0.211,0.122,0.078,0.049,0.022,0.039,0.182,0.327,0.244,0.167,0.080,0.864,0.027,0.004,0.026,0.000,0.049,0.030,0.130,0.288,0.712,0.110,0.227,0.000,0.000,1.000
Pedestrian - StL Pedestrian Index,Destination,,Cadillac Summit and Trails Pedestrian Only,no,N/A,no,1: Monday (M-M),13: 12pm (12noon-1pm),303,0.141,0.143,0.163,0.136,0.133,0.099,0.044,0.073,0.068,0.089,0.277,0.236,0.240,0.158,0.872,0.039,0.003,0.046,0.000,0.020,0.020,0.051,0.305,0.695,0.119,0.232,0.000,0.000,1.000
Pedestrian - StL Pedestrian Index,Destination,,Cadillac Summit and Trails Pedestrian Only,no,N/A,no,1: Monday (M-M),14: 1pm (1pm-2pm),124,0.137,0.161,0.139,0.202,0.151,0.088,0.032,0.054,0.036,0.141,0.329,0.270,0.173,0.087,0.864,0.063,0.001,0.016,0.000,0.041,0.015,0.079,0.356,0.644,0.151,0.283,0.000,0.000,1.000
Pedestrian - StL Pedestrian Index,Destination,,Cadillac Summit and Trails Pedestrian Only,no,N/A,no,1: Monday (M-M),15: 2pm (2pm-3pm),273,0.141,0.109,0.121,0.171,0.140,0.101,0.057,0.073,0.087,0.098,0.275,0.254,0.200,0.173,0.782,0.048,0.004,0.104,0.000,0.037,0.025,0.097,0.319,0.681,0.130,0.234,0.000,0.000,1.000
Pedestrian - StL Pedestrian Index,Destination,,Cadillac Summit and Trails Pedestrian Only,no,N/A,no,1: Monday (M-M),16: 3pm (3pm-4pm),216,0.145,0.152,0.121,0.189,0.141,0.098,0.047,0.057,0.050,0.094,0.337,0.284,0.171,0.114,0.847,0.101,0.006,0.012,0.000,0.014,0.020,0.048,0.308,0.692,0.129,0.237,0.000,0.000,1.000
Pedestrian - StL Pedestrian Index,Destination,,Cadillac Summit and Trails Pedestrian Only,no,N/A,no,1: Monday (M-M),17: 4pm (4pm-5pm),96,0.108,0.075,0.095,0.154,0.132,0.123,0.108,0.078,0.127,0.055,0.231,0.249,0.268,0.197,0.910,0.011,0.002,0.051,0.000,0.013,0.013,0.037,0.420,0.580,0.155,0.334,0.000,0.000,1.000
Pedestrian - StL Pedestrian Index,Destination,,Cadillac Summit and Trails Pedestrian Only,no,N/A,no,1: Monday (M-M),18: 5pm (5pm-6pm),102,0.119,0.105,0.119,0.210,0.132,0.100,0.075,0.050,0.090,0.072,0.260,0.285,0.220,0.163,0.962,0.003,0.004,0.009,0.000,0.010,0.012,0.107,0.277,0.723,0.100,0.221,0.000,0.000,1.000
Pedestrian - StL Pedestrian Index,Destination,,Cadillac Summit and Trails Pedestrian Only,no,N/A,no,1: Monday (M-M),19: 6pm (6pm-7pm),129,0.156,0.140,0.179,0.141,0.092,0.080,0.042,0.063,0.107,0.056,0.315,0.248,0.193,0.188,0.864,0.028,0.004,0.064,0.000,0.023,0.017,0.055,0.268,0.732,0.116,0.199,0.000,0.000,1.000
Pedestrian - StL Pedestrian Index,Destination,,Cadillac Summit and Trails Pedestrian Only,no,N/A,no,1: Monday (M-M),20: 7pm (7pm-8pm),30,0.063,0.065,0.076,0.071,0.106,0.181,0.117,0.131,0.190,0.013,0.138,0.201,0.326,0.322,0.904,0.022,0.000,0.072,0.000,0.000,0.002,0.005,0.375,0.625,0.118,0.306,0.000,0.000,1.000
Pedestrian - StL Pedestrian Index,Destination,,Cadillac Summit and Trails Pedestrian Only,no,N/A,no,1: Monday (M-M),21: 8pm (8pm-9pm),54,0.138,0.117,0.098,0.126,0.121,0.094,0.103,0.089,0.114,0.072,0.239,0.244,0.267,0.178,0.882,0.032,0.002,0.059,0.000,0.015,0.010,0.071,0.330,0.670,0.095,0.282,0.000,0.000,1.000
Pedestrian - StL Pedestrian Index,Destination,,Cadillac Summit and Trails Pedestrian Only,no,N/A,no,1: Monday (M-M),24: 11pm (11pm-12am),45,0.089,0.113,0.078,0.170,0.133,0.150,0.092,0.100,0.075,0.084,0.244,0.204,0.199,0.269,0.849,0.018,0.012,0.061,0.000,0.035,0.025,0.054,0.288,0.712,0.108,0.218,0.000,0.000,1.000
Pedestrian - StL Pedestrian Index,Destination,,Cadillac Summit and Trails Pedestrian Only,no,N/A,no,2: Tuesday (Tu-Tu),00: All Day (12am-12am),1711,0.128,0.123,0.108,0.184,0.133,0.105,0.066,0.072,0.081,0.112,0.267,0.234,0.221,0.166,0.827,0.035,0.005,0.082,0.000,0.028,0.023,0.088,0.327,0.673,0.134,0.251,0.000,0.000,1.000
Pedestrian - StL Pedestrian Index,Destination,,Cadillac Summit and Trails Pedestrian Only,no,N/A,no,2: Tuesday (Tu-Tu),05: 4am (4am-5am),73,0.092,0.144,0.096,0.179,0.119,0.089,0.090,0.062,0.129,0.058,0.205,0.249,0.299,0.189,0.936,0.017,0.001,0.035,0.000,0.003,0.008,0.024,0.351,0.649,0.154,0.248,0.000,0.000,1.000
Pedestrian - StL Pedestrian Index,Destination,,Cadillac Summit and Trails Pedestrian Only,no,N/A,no,2: Tuesday (Tu-Tu),06: 5am (5am-6am),136,0.120,0.106,0.059,0.207,0.142,0.093,0.075,0.090,0.108,0.100,0.259,0.218,0.239,0.184,0.823,0.033,0.004,0.051,0.000,0.060,0.029,0.221,0.327,0.673,0.145,0.251,0.000,0.000,1.000
Pedestrian - StL Pedestrian Index,Destination,,Cadillac Summit and Trails Pedestrian Only,no,N/A,no,2: Tuesday (Tu-Tu),07: 6am (6am-7am),21,0.236,0.147,0.137,0.212,0.076,0.071,0.048,0.011,0.062,0.152,0.225,0.232,0.195,0.196,0.818,0.086,0.002,0.013,0.000,0.041,0.040,0.153,0.181,0.819,0.082,0.142,0.000,0.000,1.000
Pedestrian - StL Pedestrian Index,Destination,,Cadillac Summit and Trails Pedestrian Only,no,N/A,no,2: Tuesday (Tu-Tu),08: 7am (7am-8am),40,0.176,0.171,0.101,0.142,0.048,0.090,0.085,0.130,0.057,0.119,0.188,0.263,0.213,0.217,0.723,0.017,0.002,0.232,0.000,0.013,0.013,0.068,0.186,0.814,0.082,0.139,0.000,0.000,1.000
Pedestrian - StL Pedestrian Index,Destination,,Cadillac Summit and Trails Pedestrian Only,no,N/A,no,2: Tuesday (Tu-Tu),10: 9am (9am-10am),35,0.232,0.177,0.150,0.179,0.081,0.073,0.041,0.043,0.024,0.118,0.306,0.298,0.164,0.114,0.947,0.031,0.006,0.004,0.001,0.001,0.010,0.120,0.283,0.717,0.099,0.252,0.000,0.000,1.000
Pedestrian - StL Pedestrian Index,Destination,,Cadillac Summit and Trails Pedestrian Only,no,N/A,no,2: Tuesday (Tu-Tu),11: 10am (10am-11am),80,0.164,0.131,0.100,0.126,0.164,0.095,0.085,0.045,0.090,0.194,0.262,0.224,0.174,0.146,0.735,0.025,0.004,0.094,0.001,0.100,0.041,0.248,0.373,0.627,0.179,0.280,0.000,0.000,1.000
Pedestrian - StL Pedestrian Index,Destination,,Cadillac Summit and Trails Pedestrian Only,no,N/A,no,2: Tuesday (Tu-Tu),12: 11am (11am-12noon),171,0.130,0.142,0.121,0.159,0.148,0.116,0.052,0.065,0.067,0.152,0.249,0.235,0.221,0.143,0.776,0.045,0.004,0.107,0.000,0.044,0.024,0.100,0.334,0.666,0.146,0.244,0.000,0.000,1.000
Pedestrian - StL Pedestrian Index,Destination,,Cadillac Summit and Trails Pedestrian Only,no,N/A,no,2: Tuesday (Tu-Tu),13: 12pm (12noon-1pm),309,0.134,0.123,0.122,0.158,0.141,0.110,0.075,0.074,0.063,0.093,0.315,0.243,0.197,0.152,0.857,0.025,0.006,0.074,0.001,0.018,0.019,0.058,0.324,0.676,0.121,0.255,0.000,0.000,1.000
Pedestrian - StL Pedestrian Index,Destination,,Cadillac Summit and Trails Pedestrian Only,no,N/A,no,2: Tuesday (Tu-Tu),14: 1pm (1pm-2pm),152,0.118,0.104,0.099,0.153,0.125,0.138,0.096,0.083,0.084,0.099,0.274,0.208,0.244,0.175,0.830,0.033,0.010,0.091,0.000,0.010,0.026,0.063,0.311,0.689,0.118,0.242,0.000,0.000,1.000
Pedestrian - StL Pedestrian Index,Destination,,Cadillac Summit and Trails Pedestrian Only,no,N/A,no,2: Tuesday (Tu-Tu),15: 2pm (2pm-3pm),208,0.131,0.145,0.129,0.224,0.124,0.085,0.038,0.065,0.059,0.125,0.286,0.241,0.221,0.127,0.822,0.048,0.002,0.085,0.000,0.025,0.018,0.066,0.308,0.692,0.136,0.227,0.000,0.000,1.000
Pedestrian - StL Pedestrian Index,Destination,,Cadillac Summit and Trails Pedestrian Only,no,N/A,no,2: Tuesday (Tu-Tu),16: 3pm (3pm-4pm),71,0.174,0.096,0.086,0.195,0.102,0.119,0.080,0.050,0.098,0.063,0.244,0.209,0.269,0.215,0.851,0.016,0.000,0.114,0.000,0.007,0.012,0.039,0.304,0.696,0.138,0.218,0.000,0.000,1.000
Pedestrian - StL Pedestrian Index,Destination,,Cadillac Summit and Trails Pedestrian Only,no,N/A,no,2: Tuesday (Tu-Tu),17: 4pm (4pm-5pm),177,0.088,0.111,0.126,0.270,0.131,0.109,0.053,0.059,0.053,0.121,0.280,0.260,0.196,0.143,0.824,0.066,0.002,0.060,0.000,0.026,0.022,0.085,0.334,0.666,0.136,0.262,0.000,0.000,1.000
Pedestrian - StL Pedestrian Index,Destination,,Cadillac Summit and Trails Pedestrian Only,no,N/A,no,2: Tuesday (Tu-Tu),18: 5pm (5pm-6pm),50,0.158,0.114,0.159,0.247,0.189,0.056,0.012,0.027,0.038,0.167,0.335,0.246,0.135,0.117,0.846,0.000,0.036,0.027,0.000,0.016,0.075,0.019,0.307,0.693,0.107,0.267,0.000,0.000,1.000
Pedestrian - StL Pedestrian Index,Destination,,Cadillac Summit and Trails Pedestrian Only,no,N/A,no,2: Tuesday (Tu-Tu),19: 6pm (6pm-7pm),71,0.099,0.073,0.083,0.177,0.128,0.150,0.030,0.135,0.125,0.108,0.201,0.168,0.274,0.249,0.754,0.022,0.000,0.189,0.000,0.012,0.023,0.050,0.291,0.709,0.139,0.181,0.000,0.000,1.000
Pedestrian - StL Pedestrian Index,Destination,,Cadillac Summit and Trails Pedestrian Only,no,N/A,no,2: Tuesday (Tu-Tu),20: 7pm (7pm-8pm),65,0.121,0.146,0.105,0.120,0.133,0.084,0.071,0.103,0.117,0.088,0.262,0.275,0.200,0.175,0.884,0.033,0.004,0.037,0.000,0.019,0.023,0.041,0.429,0.571,0.185,0.348,0.000,0.000,1.000
Pedestrian - StL Pedestrian Index,Destination,,Cadillac Summit and Trails Pedestrian Only,no,N/A,no,2: Tuesday (Tu-Tu),21: 8pm (8pm-9pm),41,0.079,0.116,0.069,0.168,0.142,0.101,0.081,0.110,0.134,0.062,0.244,0.228,0.240,0.226,0.873,0.018,0.001,0.103,0.000,0.000,0.005,0.013,0.393,0.607,0.091,0.359,0.000,0.000,1.000
Pedestrian - StL Pedestrian Index,Destination,,Cadillac Summit and Trails Pedestrian Only,no,N/A,no,2: Tuesday (Tu-Tu),23: 10pm (10pm-11pm),11,0.063,0.105,0.059,0.105,0.087,0.082,0.150,0.127,0.222,0.026,0.135,0.199,0.307,0.333,0.862,0.037,0.000,0.099,0.000,0.000,0.002,0.001,0.463,0.537,0.092,0.436,0.000,0.000,1.000
Pedestrian - StL Pedestrian Index,Destination,,Cadillac Summit and Trails Pedestrian Only,no,N/A,no,3: Wednesday (W-W),00: All Day (12am-12am),1641,0.134,0.115,0.114,0.162,0.144,0.093,0.068,0.069,0.101,0.096,0.256,0.245,0.228,0.175,0.833,0.049,0.004,0.063,0.000,0.028,0.023,0.081,0.333,0.667,0.136,0.259,0.000,0.000,1.000
Pedestrian - StL Pedestrian Index,Destination,,Cadillac Summit and Trails Pedestrian Only,no,N/A,no,3: Wednesday (W-W),04: 3am (3am-4am),11,0.153,0.205,0.054,0.191,0.050,0.125,0.048,0.041,0.133,0.044,0.279,0.150,0.216,0.311,0.877,0.034,0.000,0.043,0.000,0.022,0.024,0.048,0.142,0.858,0.044,0.123,0.000,0.000,1.000
Pedestrian - StL Pedestrian Index,Destination,,Cadillac Summit and Trails Pedestrian Only,no,N/A,no,3: Wednesday (W-W),05: 4am (4am-5am),67,0.090,0.126,0.133,0.166,0.146,0.092,0.080,0.094,0.073,0.088,0.226,0.243,0.235,0.208,0.681,0.117,0.001,0.151,0.000,0.030,0.020,0.101,0.308,0.692,0.121,0.238,0.000,0.000,1.000
Pedestrian - StL Pedestrian Index,Destination,,Cadillac Summit and Trails Pedestrian Only,no,N/A,no,3: Wednesday (W-W),06: 5am (5am-6am),246,0.105,0.088,0.100,0.124,0.130,0.108,0.079,0.109,0.157,0.064,0.238,0.229,0.255,0.214,0.802,0.047,0.001,0.127,0.000,0.009,0.014,0.028,0.366,0.634,0.099,0.309,0.000,0.000,1.000
Pedestrian - StL Pedestrian Index,Destination,,Cadillac Summit and Trails Pedestrian Only,no,N/A,no,3: Wednesday (W-W),07: 6am (6am-7am),96,0.091,0.148,0.160,0.186,0.200,0.060,0.021,0.059,0.075,0.086,0.224,0.266,0.239,0.185,0.861,0.061,0.000,0.042,0.000,0.009,0.027,0.033,0.263,0.737,0.101,0.202,0.000,0.000,1.000
Pedestrian - StL Pedestrian Index,Destination,,Cadillac Summit and Trails Pedestrian Only,no,N/A,no,3: Wednesday (W-W),09: 8am (8am-9am),15,0.187,0.097,0.026,0.180,0.179,0.040,0.186,0.052,0.053,0.061,0.293,0.297,0.213,0.136,0.979,0.000,0.000,0.016,0.000,0.000,0.005,0.016,0.326,0.674,0.128,0.240,0.000,0.000,1.000
Pedestrian - StL Pedestrian Index,Destination,,Cadillac Summit and Trails Pedestrian Only,no,N/A,no,3: Wednesday (W-W),10: 9am (9am-10am),46,0.149,0.111,0.148,0.186,0.189,0.096,0.047,0.046,0.028,0.072,0.285,0.307,0.236,0.100,0.977,0.006,0.001,0.006,0.000,0.003,0.007,0.013,0.213,0.787,0.122,0.146,0.000,0.000,1.000
Pedestrian - StL Pedestrian Index,Destination,,Cadillac Summit and Trails Pedestrian Only,no,N/A,no,3: Wednesday (W-W),11: 10am (10am-11am),90,0.211,0.112,0.098,0.191,0.101,0.094,0.051,0.037,0.105,0.178,0.209,0.202,0.229,0.182,0.736,0.083,0.003,0.073,0.000,0.068,0.037,0.225,0.239,0.761,0.113,0.169,0.000,0.000,1.000
Pedestrian - StL Pedestrian Index,Destination,,Cadillac Summit and Trails Pedestrian Only,no,N/A,no,3: Wednesday (W-W),12: 11am (11am-12noon),87,0.121,0.123,0.065,0.154,0.131,0.115,0.069,0.074,0.148,0.080,0.251,0.246,0.244,0.179,0.937,0.019,0.005,0.022,0.000,0.010,0.007,0.035,0.356,0.644,0.150,0.265,0.000,0.000,1.000
Pedestrian - StL Pedestrian Index,Destination,,Cadillac Summit and Trails Pedestrian Only,no,N/A,no,3: Wednesday (W-W),13: 12pm (12noon-1pm),288,0.109,0.127,0.090,0.169,0.160,0.106,0.059,0.054,0.126,0.065,0.247,0.237,0.255,0.196,0.938,0.010,0.001,0.032,0.000,0.005,0.014,0.028,0.364,0.636,0.141,0.298,0.000,0.000,1.000
Pedestrian - StL Pedestrian Index,Destination,,Cadillac Summit and Trails Pedestrian Only,no,N/A,no,3: Wednesday (W-W),14: 1pm (1pm-2pm),113,0.123,0.112,0.101,0.182,0.121,0.099,0.084,0.060,0.118,0.077,0.240,0.249,0.254,0.180,0.913,0.053,0.007,0.008,0.001,0.003,0.015,0.028,0.271,0.729,0.106,0.214,0.000,0.000,1.000
Pedestrian - StL Pedestrian Index,Destination,,Cadillac Summit and Trails Pedestrian Only,no,N/A,no,3: Wednesday (W-W),15: 2pm (2pm-3pm),48,0.061,0.077,0.057,0.104,0.151,0.107,0.116,0.146,0.181,0.061,0.232,0.175,0.280,0.252,0.938,0.009,0.000,0.030,0.000,0.004,0.019,0.038,0.371,0.629,0.174,0.296,0.000,0.000,1.000
Pedestrian - StL Pedestrian Index,Destination,,Cadillac Summit and Trails Pedestrian Only,no,N/A,no,3: Wednesday (W-W),16: 3pm (3pm-4pm),81,0.180,0.157,0.177,0.189,0.126,0.073,0.037,0.022,0.039,0.125,0.296,0.313,0.174,0.092,0.903,0.062,0.002,0.013,0.000,0.014,0.006,0.029,0.367,0.633,0.153,0.262,0.000,0.000,1.000
Pedestrian - StL Pedestrian Index,Destination,,Cadillac Summit and Trails Pedestrian Only,no,N/A,no,3: Wednesday (W-W),17: 4pm (4pm-5pm),107,0.106,0.125,0.113,0.161,0.137,0.100,0.105,0.074,0.079,0.060,0.276,0.248,0.221,0.195,0.929,0.006,0.005,0.021,0.001,0.017,0.021,0.054,0.295,0.705,0.118,0.225,0.000,0.000,1.000
Pedestrian - StL Pedestrian Index,Destination,,Cadillac Summit and Trails Pedestrian Only,no,N/A,no,3: Wednesday (W-W),18: 5pm (5pm-6pm),46,0.121,0.063,0.087,0.121,0.132,0.080,0.074,0.090,0.232,0.044,0.156,0.216,0.314,0.270,0.850,0.018,0.003,0.079,0.000,0.024,0.026,0.076,0.339,0.661,0.202,0.202,0.000,0.000,1.000
Pedestrian - StL Pedestrian Index,Destination,,Cadillac Summit and Trails Pedestrian Only,no,N/A,no,3: Wednesday (W-W),19: 6pm (6pm-7pm),103,0.161,0.147,0.148,0.174,0.121,0.068,0.076,0.065,0.040,0.143,0.286,0.292,0.166,0.113,0.737,0.122,0.007,0.053,0.000,0.060,0.021,0.248,0.352,0.648,0.169,0.267,0.000,0.000,1.000
Pedestrian - StL Pedestrian Index,Destination,,Cadillac Summit and Trails Pedestrian Only,no,N/A,no,3: Wednesday (W-W),20: 7pm (7pm-8pm),62,0.134,0.103,0.147,0.166,0.192,0.125,0.067,0.038,0.028,0.080,0.360,0.244,0.197,0.119,0.866,0.021,0.002,0.069,0.000,0.031,0.011,0.060,0.366,0.634,0.194,0.277,0.000,0.000,1.000
Pedestrian - StL Pedestrian Index,Destination,,Cadillac Summit and Trails Pedestrian Only,no,N/A,no,3: Wednesday (W-W),21: 8pm (8pm-9pm),66,0.250,0.064,0.191,0.181,0.167,0.038,0.050,0.053,0.006,0.261,0.354,0.230,0.118,0.037,0.438,0.131,0.020,0.145,0.000,0.159,0.107,0.254,0.419,0.581,0.147,0.360,0.000,0.000,1.000
Pedestrian - StL Pedestrian Index,Destination,,Cadillac Summit and Trails Pedestrian Only,no,N/A,no,3: Wednesday (W-W),22: 9pm (9pm-10pm),68,0.178,0.141,0.089,0.196,0.166,0.086,0.038,0.065,0.041,0.079,0.264,0.296,0.204,0.157,0.871,0.036,0.004,0.043,0.000,0.013,0.033,0.047,0.313,0.687,0.168,0.231,0.000,0.000,1.000
Pedestrian - StL Pedestrian Index,Destination,,Cadillac Summit and Trails Pedestrian Only,no,N/A,no,4: Thursday (Th-Th),00: All Day (12am-12am),2191,0.141,0.123,0.123,0.181,0.137,0.099,0.060,0.062,0.074,0.092,0.265,0.257,0.224,0.162,0.859,0.044,0.002,0.049,0.001,0.025,0.020,0.086,0.332,0.668,0.134,0.259,0.000,0.000,1.000
Pedestrian - StL Pedestrian Index,Destination,,Cadillac Summit and Trails Pedestrian Only,no,N/A,no,4: Thursday (Th-Th),05: 4am (4am-5am),90,0.131,0.101,0.087,0.146,0.116,0.089,0.107,0.056,0.167,0.032,0.154,0.223,0.353,0.238,0.900,0.038,0.001,0.036,0.000,0.010,0.015,0.041,0.375,0.625,0.143,0.283,0.000,0.000,1.000
Pedestrian - StL Pedestrian Index,Destination,,Cadillac Summit and Trails Pedestrian Only,no,N/A,no,4: Thursday (Th-Th),06: 5am (5am-6am),193,0.178,0.148,0.124,0.188,0.118,0.105,0.043,0.048,0.048,0.169,0.298,0.260,0.168,0.105,0.848,0.038,0.005,0.031,0.000,0.052,0.026,0.201,0.345,0.655,0.160,0.262,0.000,0.000,1.000
Pedestrian - StL Pedestrian Index,Destination,,Cadillac Summit and Trails Pedestrian Only,no,N/A,no,4: Thursday (Th-Th),07: 6am (6am-7am),110,0.131,0.106,0.093,0.186,0.133,0.150,0.088,0.045,0.068,0.064,0.246,0.210,0.241,0.239,0.823,0.049,0.003,0.063,0.000,0.038,0.024,0.119,0.271,0.729,0.127,0.191,0.000,0.000,1.000
Pedestrian - StL Pedestrian Index,Destination,,Cadillac Summit and Trails Pedestrian Only,no,N/A,no,4: Thursday (Th-Th),08: 7am (7am-8am),20,0.045,0.080,0.214,0.152,0.210,0.148,0.036,0.091,0.024,0.048,0.143,0.250,0.380,0.179,0.973,0.009,0.000,0.018,0.000,0.000,0.000,0.006,0.440,0.560,0.123,0.436,0.000,0.000,1.000
Pedestrian - StL Pedestrian Index,Destination,,Cadillac Summit and Trails Pedestrian Only,no,N/A,no,4: Thursday (Th-Th),10: 9am (9am-10am),55,0.153,0.117,0.103,0.134,0.158,0.157,0.051,0.113,0.014,0.053,0.326,0.231,0.276,0.114,0.970,0.002,0.000,0.008,0.000,0.017,0.003,0.050,0.289,0.711,0.095,0.246,0.000,0.000,1.000
Pedestrian - StL Pedestrian Index,Destination,,Cadillac Summit and Trails Pedestrian Only,no,N/A,no,4: Thursday (Th-Th),11: 10am (10am-11am),112,0.133,0.137,0.132,0.234,0.103,0.119,0.071,0.048,0.023,0.108,0.271,0.233,0.256,0.132,0.772,0.072,0.004,0.101,0.000,0.024,0.027,0.188,0.334,0.666,0.136,0.264,0.000,0.000,1.000
Pedestrian - StL Pedestrian Index,Destination,,Cadillac Summit and Trails Pedestrian Only,no,N/A,no,4: Thursday (Th-Th),12: 11am (11am-12noon),234,0.095,0.103,0.117,0.182,0.151,0.120,0.078,0.081,0.073,0.060,0.254,0.295,0.223,0.168,0.876,0.049,0.006,0.041,0.000,0.009,0.019,0.043,0.339,0.661,0.114,0.273,0.000,0.000,1.000
Pedestrian - StL Pedestrian Index,Destination,,Cadillac Summit and Trails Pedestrian Only,no,N/A,no,4: Thursday (Th-Th),13: 12pm (12noon-1pm),177,0.096,0.078,0.135,0.180,0.157,0.112,0.060,0.094,0.088,0.054,0.211,0.284,0.249,0.202,0.899,0.035,0.002,0.040,0.000,0.008,0.016,0.048,0.415,0.585,0.153,0.346,0.000,0.000,1.000
Pedestrian - StL Pedestrian Index,Destination,,Cadillac Summit and Trails Pedestrian Only,no,N/A,no,4: Thursday (Th-Th),14: 1pm (1pm-2pm),258,0.134,0.124,0.121,0.189,0.150,0.108,0.055,0.069,0.050,0.087,0.280,0.268,0.222,0.143,0.912,0.017,0.001,0.036,0.001,0.018,0.015,0.051,0.332,0.668,0.126,0.263,0.000,0.000,1.000
Pedestrian - StL Pedestrian Index,Destination,,Cadillac Summit and Trails Pedestrian Only,no,N/A,no,4: Thursday (Th-Th),15: 2pm (2pm-3pm),154,0.196,0.127,0.124,0.190,0.154,0.049,0.051,0.035,0.074,0.121,0.263,0.247,0.201,0.168,0.690,0.200,0.001,0.052,0.000,0.031,0.026,0.067,0.313,0.687,0.116,0.262,0.000,0.000,1.000
Pedestrian - StL Pedestrian Index,Destination,,Cadillac Summit and Trails Pedestrian Only,no,N/A,no,4: Thursday (Th-Th),16: 3pm (3pm-4pm),215,0.154,0.134,0.131,0.171,0.121,0.078,0.046,0.051,0.114,0.106,0.260,0.237,0.195,0.202,0.842,0.031,0.001,0.058,0.005,0.039,0.024,0.103,0.284,0.716,0.133,0.207,0.000,0.000,1.000
Pedestrian - StL Pedestrian Index,Destination,,Cadillac Summit and Trails Pedestrian Only,no,N/A,no,4: Thursday (Th-Th),17: 4pm (4pm-5pm),170,0.131,0.126,0.129,0.212,0.143,0.091,0.060,0.043,0.065,0.103,0.293,0.278,0.202,0.124,0.839,0.030,0.002,0.063,0.001,0.039,0.026,0.107,0.295,0.705,0.125,0.228,0.000,0.000,1.000
Pedestrian - StL Pedestrian Index,Destination,,Cadillac Summit and Trails Pedestrian Only,no,N/A,no,4: Thursday (Th-Th),18: 5pm (5pm-6pm),219,0.164,0.125,0.132,0.176,0.131,0.086,0.059,0.049,0.078,0.078,0.263,0.272,0.204,0.183,0.935,0.007,0.001,0.031,0.004,0.011,0.011,0.036,0.329,0.671,0.137,0.252,0.000,0.000,1.000
Pedestrian - StL Pedestrian Index,Destination,,Cadillac Summit and Trails Pedestrian Only,no,N/A,no,4: Thursday (Th-Th),19: 6pm (6pm-7pm),87,0.225,0.134,0.142,0.173,0.139,0.048,0.021,0.053,0.065,0.093,0.349,0.249,0.222,0.087,0.880,0.014,0.001,0.070,0.000,0.026,0.009,0.081,0.327,0.673,0.099,0.276,0.000,0.000,1.000
Pedestrian - StL Pedestrian Index,Destination,,Cadillac Summit and Trails Pedestrian Only,no,N/A,no,4: Thursday (Th-Th),20: 7pm (7pm-8pm),52,0.080,0.191,0.114,0.153,0.149,0.107,0.058,0.092,0.056,0.118,0.261,0.236,0.271,0.114,0.844,0.066,0.000,0.039,0.001,0.013,0.037,0.077,0.317,0.683,0.143,0.224,0.000,0.000,1.000
Pedestrian - StL Pedestrian Index,Destination,,Cadillac Summit and Trails Pedestrian Only,no,N/A,no,4: Thursday (Th-Th),21: 8pm (8pm-9pm),30,0.129,0.139,0.097,0.153,0.100,0.063,0.049,0.139,0.131,0.064,0.304,0.226,0.247,0.159,0.841,0.011,0.000,0.146,0.000,0.001,0.001,0.006,0.462,0.538,0.279,0.289,0.000,0.000,1.000
Pedestrian - StL Pedestrian Index,Destination,,Cadillac Summit and Trails Pedestrian Only,no,N/A,no,4: Thursday (Th-Th),22: 9pm (9pm-10pm),15,0.004,0.061,0.087,0.117,0.101,0.066,0.101,0.096,0.367,0.008,0.155,0.122,0.340,0.375,0.917,0.006,0.000,0.052,0.000,0.005,0.020,0.032,0.421,0.579,0.101,0.385,0.000,0.000,1.000
Pedestrian - StL Pedestrian Index,Destination,,Cadillac Summit and Trails Pedestrian Only,no,N/A,no,5: Friday (F-F),00: All Day (12am-12am),1643,0.135,0.132,0.124,0.173,0.137,0.093,0.066,0.067,0.073,0.089,0.266,0.259,0.224,0.162,0.863,0.037,0.004,0.061,0.000,0.015,0.020,0.052,0.318,0.682,0.135,0.246,0.000,0.000,1.000
Pedestrian - StL Pedestrian Index,Destination,,Cadillac Summit and Trails Pedestrian Only,no,N/A,no,5: Friday (F-F),05: 4am (4am-5am),35,0.066,0.062,0.114,0.148,0.135,0.096,0.053,0.099,0.227,0.053,0.122,0.213,0.273,0.339,0.591,0.064,0.009,0.260,0.000,0.021,0.055,0.145,0.391,0.609,0.188,0.281,0.000,0.000,1.000
Pedestrian - StL Pedestrian Index,Destination,,Cadillac Summit and Trails Pedestrian Only,no,N/A,no,5: Friday (F-F),06: 5am (5am-6am),169,0.191,0.118,0.120,0.167,0.123,0.091,0.084,0.058,0.048,0.111,0.307,0.261,0.182,0.139,0.910,0.025,0.002,0.037,0.000,0.011,0.015,0.029,0.313,0.687,0.141,0.246,0.000,0.000,1.000
Pedestrian - StL Pedestrian Index,Destination,,Cadillac Summit and Trails Pedestrian Only,no,N/A,no,5: Friday (F-F),07: 6am (6am-7am),38,0.059,0.160,0.079,0.275,0.162,0.073,0.122,0.035,0.035,0.037,0.315,0.311,0.239,0.098,0.925,0.019,0.001,0.036,0.000,0.007,0.012,0.022,0.420,0.580,0.145,0.361,0.000,0.000,1.000
Pedestrian - StL Pedestrian Index,Destination,,Cadillac Summit and Trails Pedestrian Only,no,N/A,no,5: Friday (F-F),09: 8am (8am-9am),20,0.122,0.147,0.197,0.259,0.099,0.040,0.036,0.066,0.034,0.155,0.316,0.261,0.151,0.117,0.930,0.007,0.000,0.018,0.000,0.023,0.022,0.126,0.377,0.623,0.116,0.325,0.000,0.000,1.000
Pedestrian - StL Pedestrian Index,Destination,,Cadillac Summit and Trails Pedestrian Only,no,N/A,no,5: Friday (F-F),10: 9am (9am-10am),45,0.236,0.142,0.091,0.225,0.099,0.098,0.037,0.024,0.048,0.094,0.361,0.184,0.227,0.134,0.964,0.008,0.000,0.011,0.000,0.005,0.012,0.008,0.273,0.727,0.106,0.243,0.000,0.000,1.000
Pedestrian - StL Pedestrian Index,Destination,,Cadillac Summit and Trails Pedestrian Only,no,N/A,no,5: Friday (F-F),11: 10am (10am-11am),120,0.125,0.100,0.147,0.156,0.151,0.099,0.087,0.088,0.047,0.066,0.246,0.284,0.244,0.160,0.941,0.009,0.009,0.014,0.000,0.013,0.014,0.039,0.323,0.677,0.141,0.239,0.000,0.000,1.000
Pedestrian - StL Pedestrian Index,Destination,,Cadillac Summit and Trails Pedestrian Only,no,N/A,no,5: Friday (F-F),12: 11am (11am-12noon),100,0.075,0.146,0.110,0.117,0.186,0.109,0.100,0.080,0.077,0.085,0.232,0.266,0.209,0.208,0.948,0.016,0.002,0.010,0.000,0.006,0.018,0.037,0.313,0.687,0.124,0.234,0.000,0.000,1.000
Pedestrian - StL Pedestrian Index,Destination,,Cadillac Summit and Trails Pedestrian Only,no,N/A,no,5: Friday (F-F),13: 12pm (12noon-1pm),177,0.124,0.106,0.113,0.169,0.126,0.096,0.076,0.089,0.101,0.074,0.258,0.257,0.225,0.186,0.864,0.026,0.003,0.074,0.000,0.018,0.015,0.050,0.341,0.659,0.127,0.279,0.000,0.000,1.000
Pedestrian - StL Pedestrian Index,Destination,,Cadillac Summit and Trails Pedestrian Only,no,N/A,no,5: Friday (F-F),14: 1pm (1pm-2pm),245,0.136,0.141,0.110,0.163,0.141,0.099,0.064,0.093,0.053,0.086,0.262,0.259,0.248,0.145,0.783,0.105,0.010,0.061,0.000,0.010,0.031,0.041,0.303,0.697,0.142,0.225,0.000,0.000,1.000
Pedestrian - StL Pedestrian Index,Destination,,Cadillac Summit and Trails Pedestrian Only,no,N/A,no,5: Friday (F-F),15: 2pm (2pm-3pm),186,0.165,0.131,0.152,0.190,0.118,0.081,0.047,0.063,0.053,0.093,0.288,0.228,0.243,0.148,0.915,0.017,0.004,0.036,0.000,0.011,0.017,0.053,0.278,0.722,0.123,0.213,0.000,0.000,1.000
Pedestrian - StL Pedestrian Index,Destination,,Cadillac Summit and Trails Pedestrian Only,no,N/A,no,5: Friday (F-F),16: 3pm (3pm-4pm),68,0.165,0.216,0.145,0.143,0.098,0.064,0.086,0.033,0.050,0.091,0.242,0.286,0.220,0.161,0.891,0.035,0.003,0.023,0.000,0.027,0.021,0.072,0.203,0.797,0.088,0.139,0.000,0.000,1.000
Pedestrian - StL Pedestrian Index,Destination,,Cadillac Summit and Trails Pedestrian Only,no,N/A,no,5: Friday (F-F),17: 4pm (4pm-5pm),121,0.122,0.123,0.165,0.166,0.122,0.079,0.028,0.050,0.145,0.090,0.323,0.251,0.186,0.150,0.909,0.004,0.001,0.077,0.000,0.001,0.008,0.018,0.424,0.576,0.162,0.365,0.000,0.000,1.000
Pedestrian - StL Pedestrian Index,Destination,,Cadillac Summit and Trails Pedestrian Only,no,N/A,no,5: Friday (F-F),18: 5pm (5pm-6pm),139,0.122,0.137,0.112,0.178,0.146,0.094,0.050,0.044,0.117,0.071,0.248,0.253,0.257,0.171,0.929,0.007,0.001,0.047,0.000,0.004,0.012,0.018,0.319,0.681,0.133,0.250,0.000,0.000,1.000
Pedestrian - StL Pedestrian Index,Destination,,Cadillac Summit and Trails Pedestrian Only,no,N/A,no,5: Friday (F-F),19: 6pm (6pm-7pm),78,0.099,0.112,0.100,0.226,0.168,0.105,0.062,0.059,0.069,0.066,0.236,0.277,0.221,0.200,0.805,0.029,0.005,0.110,0.000,0.022,0.029,0.071,0.296,0.704,0.103,0.229,0.000,0.000,1.000
Pedestrian - StL Pedestrian Index,Destination,,Cadillac Summit and Trails Pedestrian Only,no,N/A,no,5: Friday (F-F),20: 7pm (7pm-8pm),83,0.135,0.163,0.111,0.212,0.151,0.097,0.065,0.033,0.033,0.164,0.279,0.293,0.169,0.095,0.631,0.100,0.005,0.181,0.000,0.061,0.022,0.168,0.327,0.673,0.147,0.247,0.000,0.000,1.000
Pedestrian - StL Pedestrian Index,Destination,,Cadillac Summit and Trails Pedestrian Only,no,N/A,no,5: Friday (F-F),22: 9pm (9pm-10pm),21,0.162,0.139,0.105,0.218,0.137,0.137,0.045,0.045,0.012,0.081,0.212,0.340,0.183,0.184,0.904,0.010,0.005,0.046,0.000,0.012,0.023,0.022,0.405,0.595,0.282,0.250,0.000,0.000,1.000
Pedestrian - StL Pedestrian Index,Destination,,Cadillac Summit and Trails Pedestrian Only,no,N/A,no,6: Saturday (Sa-Sa),00: All Day (12am-12am),2536,0.149,0.139,0.126,0.192,0.131,0.088,0.055,0.059,0.061,0.093,0.289,0.255,0.213,0.150,0.856,0.042,0.004,0.052,0.000,0.024,0.022,0.065,0.309,0.691,0.122,0.241,0.000,0.000,1.000
Pedestrian - StL Pedestrian Index,Destination,,Cadillac Summit and Trails Pedestrian Only,no,N/A,no,6: Saturday (Sa-Sa),05: 4am (4am-5am),118,0.069,0.086,0.074,0.120,0.107,0.099,0.089,0.108,0.248,0.046,0.219,0.195,0.290,0.250,0.888,0.005,0.003,0.085,0.000,0.002,0.017,0.011,0.432,0.568,0.122,0.364,0.000,0.000,1.000
Pedestrian - StL Pedestrian Index,Destination,,Cadillac Summit and Trails Pedestrian Only,no,N/A,no,6: Saturday (Sa-Sa),06: 5am (5am-6am),289,0.186,0.126,0.102,0.155,0.123,0.095,0.064,0.059,0.090,0.117,0.258,0.215,0.229,0.181,0.809,0.053,0.002,0.059,0.000,0.056,0.021,0.117,0.301,0.699,0.122,0.235,0.000,0.000,1.000
Pedestrian - StL Pedestrian Index,Destination,,Cadillac Summit and Trails Pedestrian Only,no,N/A,no,6: Saturday (Sa-Sa),07: 6am (6am-7am),111,0.132,0.144,0.096,0.194,0.144,0.082,0.052,0.059,0.097,0.081,0.236,0.227,0.238,0.218,0.788,0.125,0.004,0.043,0.000,0.019,0.021,0.069,0.250,0.750,0.142,0.161,0.000,0.000,1.000
Pedestrian - StL Pedestrian Index,Destination,,Cadillac Summit and Trails Pedestrian Only,no,N/A,no,6: Saturday (Sa-Sa),08: 7am (7am-8am),38,0.104,0.117,0.170,0.162,0.139,0.087,0.041,0.050,0.130,0.022,0.144,0.186,0.344,0.304,0.914,0.014,0.001,0.033,0.000,0.009,0.029,0.028,0.128,0.872,0.038,0.096,0.000,0.000,1.000
Pedestrian - StL Pedestrian Index,Destination,,Cadillac Summit and Trails Pedestrian Only,no,N/A,no,6: Saturday (Sa-Sa),09: 8am (8am-9am),38,0.084,0.137,0.120,0.207,0.144,0.113,0.068,0.075,0.052,0.114,0.347,0.274,0.145,0.120,0.942,0.017,0.001,0.033,0.000,0.002,0.005,0.033,0.225,0.775,0.049,0.188,0.000,0.000,1.000
Pedestrian - StL Pedestrian Index,Destination,,Cadillac Summit and Trails Pedestrian Only,no,N/A,no,6: Saturday (Sa-Sa),10: 9am (9am-10am),107,0.132,0.120,0.152,0.231,0.131,0.113,0.063,0.033,0.025,0.082,0.376,0.288,0.179,0.075,0.939,0.011,0.003,0.011,0.000,0.006,0.030,0.035,0.352,0.648,0.128,0.288,0.000,0.000,1.000
Pedestrian - StL Pedestrian Index,Destination,,Cadillac Summit and Trails Pedestrian Only,no,N/A,no,6: Saturday (Sa-Sa),11: 10am (10am-11am),116,0.201,0.152,0.130,0.185,0.094,0.045,0.036,0.034,0.123,0.087,0.275,0.245,0.212,0.181,0.896,0.022,0.003,0.058,0.000,0.009,0.012,0.020,0.298,0.702,0.135,0.213,0.000,0.000,1.000
Pedestrian - StL Pedestrian Index,Destination,,Cadillac Summit and Trails Pedestrian Only,no,N/A,no,6: Saturday (Sa-Sa),12: 11am (11am-12noon),298,0.139,0.119,0.135,0.186,0.139,0.068,0.065,0.098,0.051,0.094,0.272,0.236,0.223,0.175,0.823,0.063,0.002,0.066,0.000,0.024,0.022,0.053,0.284,0.716,0.114,0.229,0.000,0.000,1.000
Pedestrian - StL Pedestrian Index,Destination,,Cadillac Summit and Trails Pedestrian Only,no,N/A,no,6: Saturday (Sa-Sa),13: 12pm (12noon-1pm),133,0.196,0.157,0.142,0.190,0.114,0.082,0.042,0.053,0.024,0.114,0.296,0.288,0.198,0.104,0.866,0.052,0.009,0.027,0.000,0.018,0.028,0.116,0.310,0.690,0.134,0.243,0.000,0.000,1.000
Pedestrian - StL Pedestrian Index,Destination,,Cadillac Summit and Trails Pedestrian Only,no,N/A,no,6: Saturday (Sa-Sa),14: 1pm (1pm-2pm),204,0.117,0.152,0.129,0.228,0.122,0.092,0.067,0.066,0.027,0.093,0.330,0.250,0.221,0.106,0.812,0.076,0.002,0.036,0.000,0.035,0.039,0.089,0.338,0.662,0.135,0.258,0.000,0.000,1.000
Pedestrian - StL Pedestrian Index,Destination,,Cadillac Summit and Trails Pedestrian Only,no,N/A,no,6: Saturday (Sa-Sa),15: 2pm (2pm-3pm),293,0.145,0.136,0.135,0.215,0.135,0.090,0.053,0.056,0.035,0.113,0.297,0.258,0.201,0.131,0.855,0.040,0.004,0.043,0.000,0.033,0.025,0.074,0.309,0.691,0.113,0.250,0.000,0.000,1.000
Pedestrian - StL Pedestrian Index,Destination,,Cadillac Summit and Trails Pedestrian Only,no,N/A,no,6: Saturday (Sa-Sa),16: 3pm (3pm-4pm),236,0.156,0.144,0.128,0.191,0.141,0.104,0.046,0.045,0.045,0.107,0.323,0.275,0.188,0.107,0.871,0.022,0.006,0.046,0.000,0.037,0.018,0.083,0.357,0.643,0.119,0.298,0.000,0.000,1.000
Pedestrian - StL Pedestrian Index,Destination,,Cadillac Summit and Trails Pedestrian Only,no,N/A,no,6: Saturday (Sa-Sa),17: 4pm (4pm-5pm),239,0.163,0.160,0.142,0.219,0.131,0.080,0.042,0.037,0.026,0.075,0.295,0.293,0.201,0.136,0.909,0.026,0.003,0.037,0.000,0.005,0.020,0.024,0.255,0.745,0.103,0.194,0.000,0.000,1.000
Pedestrian - StL Pedestrian Index,Destination,,Cadillac Summit and Trails Pedestrian Only,no,N/A,no,6: Saturday (Sa-Sa),18: 5pm (5pm-6pm),153,0.139,0.143,0.124,0.182,0.166,0.100,0.048,0.065,0.033,0.097,0.269,0.279,0.201,0.154,0.817,0.045,0.002,0.070,0.001,0.032,0.033,0.104,0.366,0.634,0.157,0.274,0.000,0.000,1.000
Pedestrian - StL Pedestrian Index,Destination,,Cadillac Summit and Trails Pedestrian Only,no,N/A,no,6: Saturday (Sa-Sa),19: 6pm (6pm-7pm),59,0.145,0.110,0.095,0.144,0.131,0.080,0.069,0.087,0.139,0.056,0.221,0.186,0.261,0.276,0.632,0.016,0.002,0.331,0.000,0.007,0.012,0.021,0.271,0.729,0.148,0.153,0.000,0.000,1.000
Pedestrian - StL Pedestrian Index,Destination,,Cadillac Summit and Trails Pedestrian Only,no,N/A,no,6: Saturday (Sa-Sa),20: 7pm (7pm-8pm),34,0.198,0.180,0.177,0.174,0.112,0.067,0.045,0.030,0.017,0.090,0.449,0.281,0.118,0.062,0.961,0.003,0.015,0.010,0.000,0.000,0.011,0.002,0.347,0.653,0.099,0.269,0.000,0.000,1.000
Pedestrian - StL Pedestrian Index,Destination,,Cadillac Summit and Trails Pedestrian Only,no,N/A,no,6: Saturday (Sa-Sa),21: 8pm (8pm-9pm),55,0.065,0.204,0.074,0.198,0.188,0.073,0.086,0.054,0.058,0.051,0.339,0.287,0.206,0.117,0.971,0.011,0.001,0.006,0.004,0.004,0.003,0.024,0.303,0.697,0.163,0.220,0.000,0.000,1.000
Pedestrian - StL Pedestrian Index,Destination,,Cadillac Summit and Trails Pedestrian Only,no,N/A,no,6: Saturday (Sa-Sa),22: 9pm (9pm-10pm),14,0.072,0.076,0.107,0.153,0.180,0.220,0.063,0.067,0.062,0.062,0.214,0.299,0.220,0.205,0.982,0.015,0.000,0.000,0.000,0.000,0.003,0.032,0.308,0.692,0.050,0.259,0.000,0.000,1.000
Pedestrian - StL Pedestrian Index,Destination,,Cadillac Summit and Trails Pedestrian Only,no,N/A,no,7: Sunday (Su-Su),00: All Day (12am-12am),2471,0.145,0.132,0.121,0.181,0.134,0.105,0.064,0.063,0.055,0.091,0.275,0.252,0.227,0.155,0.881,0.030,0.003,0.053,0.001,0.015,0.017,0.060,0.300,0.700,0.116,0.236,0.000,0.000,1.000
Pedestrian - StL Pedestrian Index,Destination,,Cadillac Summit and Trails Pedestrian Only,no,N/A,no,7: Sunday (Su-Su),05: 4am (4am-5am),117,0.171,0.104,0.104,0.175,0.150,0.114,0.081,0.063,0.038,0.087,0.271,0.239,0.219,0.184,0.885,0.031,0.002,0.052,0.000,0.014,0.016,0.061,0.316,0.684,0.114,0.263,0.000,0.000,1.000
Pedestrian - StL Pedestrian Index,Destination,,Cadillac Summit and Trails Pedestrian Only,no,N/A,no,7: Sunday (Su-Su),06: 5am (5am-6am),244,0.110,0.113,0.113,0.183,0.134,0.118,0.098,0.074,0.057,0.078,0.268,0.248,0.259,0.147,0.897,0.018,0.004,0.058,0.000,0.009,0.014,0.041,0.383,0.617,0.126,0.311,0.000,0.000,1.000
Pedestrian - StL Pedestrian Index,Destination,,Cadillac Summit and Trails Pedestrian Only,no,N/A,no,7: Sunday (Su-Su),07: 6am (6am-7am),115,0.129,0.116,0.097,0.186,0.155,0.136,0.059,0.086,0.036,0.074,0.246,0.252,0.264,0.164,0.857,0.040,0.003,0.060,0.001,0.010,0.029,0.054,0.373,0.627,0.161,0.290,0.000,0.000,1.000
Pedestrian - StL Pedestrian Index,Destination,,Cadillac Summit and Trails Pedestrian Only,no,N/A,no,7: Sunday (Su-Su),08: 7am (7am-8am),21,0.077,0.067,0.091,0.362,0.201,0.126,0.034,0.026,0.016,0.107,0.293,0.162,0.177,0.261,0.488,0.364,0.010,0.069,0.000,0.056,0.013,0.126,0.365,0.635,0.189,0.240,0.000,0.000,1.000
Pedestrian - StL Pedestrian Index,Destination,,Cadillac Summit and Trails Pedestrian Only,no,N/A,no,7: Sunday (Su-Su),09: 8am (8am-9am),15,0.249,0.093,0.109,0.169,0.169,0.088,0.043,0.054,0.026,0.061,0.370,0.238,0.207,0.124,0.925,0.000,0.004,0.035,0.000,0.018,0.018,0.060,0.374,0.626,0.191,0.290,0.000,0.000,1.000
Pedestrian - StL Pedestrian Index,Destination,,Cadillac Summit and Trails Pedestrian Only,no,N/A,no,7: Sunday (Su-Su),10: 9am (9am-10am),82,0.123,0.090,0.138,0.127,0.124,0.119,0.074,0.108,0.097,0.102,0.182,0.284,0.222,0.210,0.958,0.013,0.000,0.017,0.000,0.003,0.009,0.021,0.224,0.776,0.084,0.174,0.000,0.000,1.000
Pedestrian - StL Pedestrian Index,Destination,,Cadillac Summit and Trails Pedestrian Only,no,N/A,no,7: Sunday (Su-Su),11: 10am (10am-11am),243,0.206,0.156,0.122,0.165,0.117,0.080,0.047,0.065,0.042,0.114,0.267,0.237,0.203,0.179,0.796,0.056,0.003,0.103,0.000,0.016,0.026,0.053,0.285,0.715,0.120,0.207,0.000,0.000,1.000
Pedestrian - StL Pedestrian Index,Destination,,Cadillac Summit and Trails Pedestrian Only,no,N/A,no,7: Sunday (Su-Su),12: 11am (11am-12noon),213,0.140,0.126,0.151,0.197,0.126,0.086,0.058,0.055,0.061,0.081,0.297,0.267,0.212,0.143,0.886,0.024,0.001,0.044,0.005,0.020,0.020,0.067,0.323,0.677,0.134,0.262,0.000,0.000,1.000
Pedestrian - StL Pedestrian Index,Destination,,Cadillac Summit and Trails Pedestrian Only,no,N/A,no,7: Sunday (Su-Su),13: 12pm (12noon-1pm),243,0.101,0.121,0.094,0.216,0.151,0.112,0.074,0.070,0.061,0.073,0.269,0.261,0.223,0.174,0.939,0.019,0.002,0.016,0.000,0.009,0.015,0.063,0.302,0.698,0.103,0.255,0.000,0.000,1.000
Pedestrian - StL Pedestrian Index,Destination,,Cadillac Summit and Trails Pedestrian Only,no,N/A,no,7: Sunday (Su-Su),14: 1pm (1pm-2pm),182,0.172,0.136,0.134,0.220,0.134,0.093,0.043,0.036,0.032,0.108,0.313,0.260,0.194,0.125,0.892,0.026,0.018,0.039,0.001,0.007,0.017,0.046,0.281,0.719,0.113,0.224,0.000,0.000,1.000
Pedestrian - StL Pedestrian Index,Destination,,Cadillac Summit and Trails Pedestrian Only,no,N/A,no,7: Sunday (Su-Su),15: 2pm (2pm-3pm),250,0.128,0.133,0.135,0.180,0.122,0.106,0.054,0.058,0.084,0.096,0.246,0.246,0.263,0.149,0.857,0.042,0.003,0.047,0.000,0.036,0.015,0.122,0.299,0.701,0.125,0.234,0.000,0.000,1.000
Pedestrian - StL Pedestrian Index,Destination,,Cadillac Summit and Trails Pedestrian Only,no,N/A,no,7: Sunday (Su-Su),16: 3pm (3pm-4pm),228,0.128,0.150,0.125,0.151,0.124,0.097,0.071,0.070,0.084,0.076,0.288,0.270,0.207,0.159,0.914,0.018,0.002,0.036,0.000,0.013,0.017,0.072,0.275,0.725,0.097,0.219,0.000,0.000,1.000
Pedestrian - StL Pedestrian Index,Destination,,Cadillac Summit and Trails Pedestrian Only,no,N/A,no,7: Sunday (Su-Su),17: 4pm (4pm-5pm),125,0.140,0.138,0.116,0.175,0.158,0.127,0.052,0.049,0.045,0.068,0.279,0.292,0.222,0.139,0.958,0.010,0.001,0.012,0.000,0.007,0.012,0.022,0.265,0.735,0.091,0.219,0.000,0.000,1.000
Pedestrian - StL Pedestrian Index,Destination,,Cadillac Summit and Trails Pedestrian Only,no,N/A,no,7: Sunday (Su-Su),18: 5pm (5pm-6pm),154,0.146,0.167,0.115,0.156,0.144,0.140,0.053,0.061,0.018,0.054,0.305,0.240,0.280,0.121,0.881,0.033,0.002,0.071,0.000,0.005,0.008,0.032,0.323,0.677,0.118,0.248,0.000,0.000,1.000
Pedestrian - StL Pedestrian Index,Destination,,Cadillac Summit and Trails Pedestrian Only,no,N/A,no,7: Sunday (Su-Su),19: 6pm (6pm-7pm),56,0.161,0.093,0.101,0.211,0.166,0.079,0.077,0.058,0.054,0.088,0.245,0.187,0.280,0.200,0.759,0.071,0.000,0.103,0.000,0.044,0.023,0.138,0.177,0.823,0.096,0.101,0.000,0.000,1.000
Pedestrian - StL Pedestrian Index,Destination,,Cadillac Summit and Trails Pedestrian Only,no,N/A,no,7: Sunday (Su-Su),20: 7pm (7pm-8pm),123,0.182,0.154,0.119,0.200,0.100,0.079,0.063,0.066,0.037,0.160,0.332,0.204,0.183,0.121,0.836,0.004,0.002,0.140,0.001,0.002,0.015,0.011,0.299,0.701,0.145,0.195,0.000,0.000,1.000
Pedestrian - StL Pedestrian Index,Destination,,Cadillac Summit and Trails Pedestrian Only,no,N/A,no,7: Sunday (Su-Su),21: 8pm (8pm-9pm),46,0.237,0.168,0.151,0.208,0.120,0.056,0.026,0.023,0.011,0.179,0.325,0.276,0.153,0.067,0.860,0.055,0.002,0.025,0.000,0.030,0.028,0.102,0.272,0.728,0.105,0.219,0.000,0.000,1.000
Pedestrian - StL Pedestrian Index,Destination,,Cadillac Summit and Trails Pedestrian Only,no,N/A,no,7: Sunday (Su-Su),22: 9pm (9pm-10pm),15,0.093,0.115,0.131,0.056,0.136,0.196,0.147,0.071,0.055,0.161,0.233,0.174,0.216,0.216,0.758,0.048,0.000,0.156,0.001,0.020,0.017,0.070,0.111,0.889,0.046,0.077,0.000,0.000,1.000
